pert,model,pds,cosine,pearson_top500,h1_l1,ref_l1
ACAT2,zero,0.31333333333333335,0.0,0.0,539.3216861297769,282.4477529898286
ACAT2,h1_mean,0.30000000000000004,0.1160470917158083,0.1235160704014593,539.3216861297769,282.4477529898286
ACAT2,gene_direct,0.33333333333333337,0.1642532225733641,0.2813193164996426,539.3216861297769,282.4477529898286
ACAT2,gene_scaled,0.32666666666666666,0.16425322257336417,0.2813193164996427,539.3216861297769,282.4477529898286
ACAT2,gene_top50,0.32666666666666666,0.2132800294329926,0.28309330515427716,539.3216861297769,282.4477529898286
ACAT2,gene_top50_scaled,0.31333333333333335,0.21328002943299268,0.2830933051542768,539.3216861297769,282.4477529898286
ACAT2,gene_top100,0.32666666666666666,0.19468468609520845,0.2591084733917067,539.3216861297769,282.4477529898286
ACAT2,gene_top100_scaled,0.31333333333333335,0.19468468609520842,0.259108473391707,539.3216861297769,282.4477529898286
ACAT2,gene_top200,0.33999999999999997,0.19033246556554562,0.2542261699871312,539.3216861297769,282.4477529898286
ACAT2,gene_top200_scaled,0.31333333333333335,0.1903324655655456,0.2542261699871316,539.3216861297769,282.4477529898286
ACAT2,gene_top500,0.33333333333333337,0.1794373671886817,0.23927153991522873,539.3216861297769,282.4477529898286
ACAT2,gene_top500_scaled,0.31999999999999995,0.17943736718868158,0.23927153991522845,539.3216861297769,282.4477529898286
ACAT2,gene_direct_x2,0.36,0.1642532225733641,0.2813193164996426,539.3216861297769,282.4477529898286
ACAT2,gene_direct_x4,0.3666666666666667,0.1642532225733641,0.2813193164996426,539.3216861297769,282.4477529898286
ACAT2,gene_direct_x8,0.3666666666666667,0.1642532225733641,0.2813193164996426,539.3216861297769,282.4477529898286
ACAT2,gene_direct_x16,0.38,0.1642532225733641,0.2813193164996426,539.3216861297769,282.4477529898286
ACAT2,gene_direct_x32,0.38,0.1642532225733641,0.2813193164996426,539.3216861297769,282.4477529898286
ACAT2,gene_direct_x64,0.38,0.1642532225733641,0.2813193164996426,539.3216861297769,282.4477529898286
ACAT2,gene_direct_x128,0.38,0.1642532225733641,0.2813193164996426,539.3216861297769,282.4477529898286
ACAT2,gene_direct_x256,0.38,0.1642532225733641,0.2813193164996426,539.3216861297769,282.4477529898286
ACAT2,gene_top100_x16,0.33999999999999997,0.19468468609520845,0.2591084733917067,539.3216861297769,282.4477529898286
ACAT2,gene_top100_x64,0.33999999999999997,0.19468468609520845,0.2591084733917067,539.3216861297769,282.4477529898286
ACAT2,gene_top100_x256,0.33999999999999997,0.19468468609520845,0.2591084733917067,539.3216861297769,282.4477529898286
ACAT2,gene_top200_x16,0.3533333333333334,0.19033246556554562,0.2542261699871312,539.3216861297769,282.4477529898286
ACAT2,gene_top200_x64,0.3533333333333334,0.19033246556554562,0.2542261699871312,539.3216861297769,282.4477529898286
ACAT2,gene_top200_x256,0.3533333333333334,0.19033246556554562,0.2542261699871312,539.3216861297769,282.4477529898286
ACAT2,prog,0.33333333333333337,0.1548782571179743,0.19197258973094797,539.3216861297769,282.4477529898286
ACVR1B,zero,0.6533333333333333,0.0,0.0,275.61779581246265,226.1506683602929
ACVR1B,h1_mean,0.8933333333333333,0.35162851948428187,-0.07726670302279917,275.61779581246265,226.1506683602929
ACVR1B,gene_direct,0.6266666666666667,-0.0035869336541084255,0.12569460647052255,275.61779581246265,226.1506683602929
ACVR1B,gene_scaled,0.6333333333333333,-0.00358693365410842,0.12569460647052236,275.61779581246265,226.1506683602929
ACVR1B,gene_top50,0.6533333333333333,0.092354590714177,0.1691142389049705,275.61779581246265,226.1506683602929
ACVR1B,gene_top50_scaled,0.6533333333333333,0.09235459071417695,0.16911423890497024,275.61779581246265,226.1506683602929
ACVR1B,gene_top100,0.6533333333333333,0.09845667623842494,0.18206228607495353,275.61779581246265,226.1506683602929
ACVR1B,gene_top100_scaled,0.6533333333333333,0.09845667623842494,0.18206228607495378,275.61779581246265,226.1506683602929
ACVR1B,gene_top200,0.6533333333333333,0.06394471545919696,0.14314296124649636,275.61779581246265,226.1506683602929
ACVR1B,gene_top200_scaled,0.6533333333333333,0.06394471545919696,0.14314296124649703,275.61779581246265,226.1506683602929
ACVR1B,gene_top500,0.6533333333333333,0.03411227412519135,0.1242244948239562,275.61779581246265,226.1506683602929
ACVR1B,gene_top500_scaled,0.6533333333333333,0.03411227412519134,0.12422449482395607,275.61779581246265,226.1506683602929
ACVR1B,gene_direct_x2,0.64,-0.0035869336541084255,0.12569460647052255,275.61779581246265,226.1506683602929
ACVR1B,gene_direct_x4,0.6266666666666667,-0.0035869336541084255,0.12569460647052255,275.61779581246265,226.1506683602929
ACVR1B,gene_direct_x8,0.6266666666666667,-0.0035869336541084255,0.12569460647052255,275.61779581246265,226.1506683602929
ACVR1B,gene_direct_x16,0.62,-0.0035869336541084255,0.12569460647052255,275.61779581246265,226.1506683602929
ACVR1B,gene_direct_x32,0.62,-0.0035869336541084255,0.12569460647052255,275.61779581246265,226.1506683602929
ACVR1B,gene_direct_x64,0.62,-0.0035869336541084255,0.12569460647052255,275.61779581246265,226.1506683602929
ACVR1B,gene_direct_x128,0.6,-0.0035869336541084255,0.12569460647052255,275.61779581246265,226.1506683602929
ACVR1B,gene_direct_x256,0.6,-0.0035869336541084255,0.12569460647052255,275.61779581246265,226.1506683602929
ACVR1B,gene_top100_x16,0.6666666666666667,0.09845667623842494,0.18206228607495353,275.61779581246265,226.1506683602929
ACVR1B,gene_top100_x64,0.6666666666666667,0.09845667623842494,0.18206228607495353,275.61779581246265,226.1506683602929
ACVR1B,gene_top100_x256,0.6666666666666667,0.09845667623842494,0.18206228607495353,275.61779581246265,226.1506683602929
ACVR1B,gene_top200_x16,0.6666666666666667,0.06394471545919696,0.14314296124649636,275.61779581246265,226.1506683602929
ACVR1B,gene_top200_x64,0.6666666666666667,0.06394471545919696,0.14314296124649636,275.61779581246265,226.1506683602929
ACVR1B,gene_top200_x256,0.6666666666666667,0.06394471545919696,0.14314296124649636,275.61779581246265,226.1506683602929
ACVR1B,prog,0.5866666666666667,-0.3331174208767871,0.13915023032462684,275.61779581246265,226.1506683602929
AKT2,zero,0.6466666666666667,0.0,0.0,277.1425954759761,381.39808244258165
AKT2,h1_mean,0.56,0.06580402445328018,0.030754410061099125,277.1425954759761,381.39808244258165
AKT2,gene_direct,0.6333333333333333,0.07070516158956816,0.1434354311794685,277.1425954759761,381.39808244258165
AKT2,gene_scaled,0.64,0.07070516158956813,0.14343543117946844,277.1425954759761,381.39808244258165
AKT2,gene_top50,0.6533333333333333,0.13080285418292578,0.1567185917011181,277.1425954759761,381.39808244258165
AKT2,gene_top50_scaled,0.6466666666666667,0.13080285418292573,0.15671859170111813,277.1425954759761,381.39808244258165
AKT2,gene_top100,0.6599999999999999,0.12607597080034033,0.15389413773331814,277.1425954759761,381.39808244258165
AKT2,gene_top100_scaled,0.6466666666666667,0.12607597080034028,0.15389413773331728,277.1425954759761,381.39808244258165
AKT2,gene_top200,0.6599999999999999,0.09941615445475344,0.1332596430258376,277.1425954759761,381.39808244258165
AKT2,gene_top200_scaled,0.6466666666666667,0.09941615445475344,0.13325964302583745,277.1425954759761,381.39808244258165
AKT2,gene_top500,0.6666666666666667,0.08891166678657324,0.1345668284333492,277.1425954759761,381.39808244258165
AKT2,gene_top500_scaled,0.6533333333333333,0.08891166678657322,0.13456682843334905,277.1425954759761,381.39808244258165
AKT2,gene_direct_x2,0.6333333333333333,0.07070516158956816,0.1434354311794685,277.1425954759761,381.39808244258165
AKT2,gene_direct_x4,0.62,0.07070516158956816,0.1434354311794685,277.1425954759761,381.39808244258165
AKT2,gene_direct_x8,0.62,0.07070516158956816,0.1434354311794685,277.1425954759761,381.39808244258165
AKT2,gene_direct_x16,0.6133333333333333,0.07070516158956816,0.1434354311794685,277.1425954759761,381.39808244258165
AKT2,gene_direct_x32,0.6133333333333333,0.07070516158956816,0.1434354311794685,277.1425954759761,381.39808244258165
AKT2,gene_direct_x64,0.6133333333333333,0.07070516158956816,0.1434354311794685,277.1425954759761,381.39808244258165
AKT2,gene_direct_x128,0.6133333333333333,0.07070516158956816,0.1434354311794685,277.1425954759761,381.39808244258165
AKT2,gene_direct_x256,0.6133333333333333,0.07070516158956816,0.1434354311794685,277.1425954759761,381.39808244258165
AKT2,gene_top100_x16,0.6666666666666667,0.12607597080034033,0.15389413773331814,277.1425954759761,381.39808244258165
AKT2,gene_top100_x64,0.6666666666666667,0.12607597080034033,0.15389413773331814,277.1425954759761,381.39808244258165
AKT2,gene_top100_x256,0.6666666666666667,0.12607597080034033,0.15389413773331814,277.1425954759761,381.39808244258165
AKT2,gene_top200_x16,0.6666666666666667,0.09941615445475344,0.1332596430258376,277.1425954759761,381.39808244258165
AKT2,gene_top200_x64,0.6666666666666667,0.09941615445475344,0.1332596430258376,277.1425954759761,381.39808244258165
AKT2,gene_top200_x256,0.6666666666666667,0.09941615445475344,0.1332596430258376,277.1425954759761,381.39808244258165
AKT2,prog,0.62,0.027289912801167854,0.07146663220753027,277.1425954759761,381.39808244258165
ARID1A,zero,0.36,0.0,0.0,518.2172098637311,237.46919088438153
ARID1A,h1_mean,0.32666666666666666,0.16519499919416525,-0.00016005797266964013,518.2172098637311,237.46919088438153
ARID1A,gene_direct,0.3666666666666667,0.0953185932152085,0.15322544440520344,518.2172098637311,237.46919088438153
ARID1A,gene_scaled,0.36,0.09531859321520848,0.15322544440520336,518.2172098637311,237.46919088438153
ARID1A,gene_top50,0.36,0.14872114397540603,0.19374987198196875,518.2172098637311,237.46919088438153
ARID1A,gene_top50_scaled,0.36,0.14872114397540606,0.193749871981968,518.2172098637311,237.46919088438153
ARID1A,gene_top100,0.36,0.13762244290146433,0.1795413336782279,518.2172098637311,237.46919088438153
ARID1A,gene_top100_scaled,0.36,0.13762244290146433,0.17954133367822783,518.2172098637311,237.46919088438153
ARID1A,gene_top200,0.36,0.1322538748339401,0.17268536914329377,518.2172098637311,237.46919088438153
ARID1A,gene_top200_scaled,0.36,0.13225387483394,0.1726853691432941,518.2172098637311,237.46919088438153
ARID1A,gene_top500,0.36,0.11525500100636521,0.149427653572451,518.2172098637311,237.46919088438153
ARID1A,gene_top500_scaled,0.36,0.11525500100636514,0.1494276535724509,518.2172098637311,237.46919088438153
ARID1A,gene_direct_x2,0.3533333333333334,0.0953185932152085,0.15322544440520344,518.2172098637311,237.46919088438153
ARID1A,gene_direct_x4,0.3466666666666667,0.0953185932152085,0.15322544440520344,518.2172098637311,237.46919088438153
ARID1A,gene_direct_x8,0.33333333333333337,0.0953185932152085,0.15322544440520344,518.2172098637311,237.46919088438153
ARID1A,gene_direct_x16,0.31999999999999995,0.0953185932152085,0.15322544440520344,518.2172098637311,237.46919088438153
ARID1A,gene_direct_x32,0.30666666666666664,0.0953185932152085,0.15322544440520344,518.2172098637311,237.46919088438153
ARID1A,gene_direct_x64,0.30666666666666664,0.0953185932152085,0.15322544440520344,518.2172098637311,237.46919088438153
ARID1A,gene_direct_x128,0.30666666666666664,0.0953185932152085,0.15322544440520344,518.2172098637311,237.46919088438153
ARID1A,gene_direct_x256,0.30666666666666664,0.0953185932152085,0.15322544440520344,518.2172098637311,237.46919088438153
ARID1A,gene_top100_x16,0.36,0.13762244290146433,0.1795413336782279,518.2172098637311,237.46919088438153
ARID1A,gene_top100_x64,0.36,0.13762244290146433,0.1795413336782279,518.2172098637311,237.46919088438153
ARID1A,gene_top100_x256,0.36,0.13762244290146433,0.1795413336782279,518.2172098637311,237.46919088438153
ARID1A,gene_top200_x16,0.36,0.1322538748339401,0.17268536914329377,518.2172098637311,237.46919088438153
ARID1A,gene_top200_x64,0.36,0.1322538748339401,0.17268536914329377,518.2172098637311,237.46919088438153
ARID1A,gene_top200_x256,0.36,0.1322538748339401,0.17268536914329377,518.2172098637311,237.46919088438153
ARID1A,prog,0.3666666666666667,0.04202966653343561,0.04810319207364092,518.2172098637311,237.46919088438153
ATM,zero,0.2733333333333333,0.0,0.0,656.6624912182597,265.20620738342404
ATM,h1_mean,0.19999999999999996,-0.4480489798629532,0.23828179278604353,656.6624912182597,265.20620738342404
ATM,gene_direct,0.28,0.07205334654731094,0.07395802526194913,656.6624912182597,265.20620738342404
ATM,gene_scaled,0.2733333333333333,0.07205334654731091,0.07395802526194936,656.6624912182597,265.20620738342404
ATM,gene_top50,0.2733333333333333,0.10792116069609906,0.17640021110073573,656.6624912182597,265.20620738342404
ATM,gene_top50_scaled,0.2733333333333333,0.1079211606960991,0.17640021110073534,656.6624912182597,265.20620738342404
ATM,gene_top100,0.2733333333333333,0.09677538817711732,0.13364399006042804,656.6624912182597,265.20620738342404
ATM,gene_top100_scaled,0.2733333333333333,0.09677538817711732,0.13364399006042813,656.6624912182597,265.20620738342404
ATM,gene_top200,0.2733333333333333,0.0913857630770695,0.09434317997028219,656.6624912182597,265.20620738342404
ATM,gene_top200_scaled,0.2733333333333333,0.09138576307706947,0.09434317997028217,656.6624912182597,265.20620738342404
ATM,gene_top500,0.2733333333333333,0.09214562714103205,0.05478480824859367,656.6624912182597,265.20620738342404
ATM,gene_top500_scaled,0.2733333333333333,0.09214562714103196,0.05478480824859362,656.6624912182597,265.20620738342404
ATM,gene_direct_x2,0.2866666666666666,0.07205334654731094,0.07395802526194913,656.6624912182597,265.20620738342404
ATM,gene_direct_x4,0.2866666666666666,0.07205334654731094,0.07395802526194913,656.6624912182597,265.20620738342404
ATM,gene_direct_x8,0.2866666666666666,0.07205334654731094,0.07395802526194913,656.6624912182597,265.20620738342404
ATM,gene_direct_x16,0.2866666666666666,0.07205334654731094,0.07395802526194913,656.6624912182597,265.20620738342404
ATM,gene_direct_x32,0.2866666666666666,0.07205334654731094,0.07395802526194913,656.6624912182597,265.20620738342404
ATM,gene_direct_x64,0.2733333333333333,0.07205334654731094,0.07395802526194913,656.6624912182597,265.20620738342404
ATM,gene_direct_x128,0.2733333333333333,0.07205334654731094,0.07395802526194913,656.6624912182597,265.20620738342404
ATM,gene_direct_x256,0.2666666666666667,0.07205334654731094,0.07395802526194913,656.6624912182597,265.20620738342404
ATM,gene_top100_x16,0.2733333333333333,0.09677538817711732,0.13364399006042804,656.6624912182597,265.20620738342404
ATM,gene_top100_x64,0.2733333333333333,0.09677538817711732,0.13364399006042804,656.6624912182597,265.20620738342404
ATM,gene_top100_x256,0.2733333333333333,0.09677538817711732,0.13364399006042804,656.6624912182597,265.20620738342404
ATM,gene_top200_x16,0.2733333333333333,0.0913857630770695,0.09434317997028219,656.6624912182597,265.20620738342404
ATM,gene_top200_x64,0.2733333333333333,0.0913857630770695,0.09434317997028219,656.6624912182597,265.20620738342404
ATM,gene_top200_x256,0.2733333333333333,0.0913857630770695,0.09434317997028219,656.6624912182597,265.20620738342404
ATM,prog,0.2866666666666666,0.21886486754111106,-0.3347166388369919,656.6624912182597,265.20620738342404
ATP6V0B,zero,0.4666666666666667,0.0,0.0,380.5375562848167,325.85140525363386
ATP6V0B,h1_mean,0.4866666666666667,0.23610131162158202,0.4258209320071097,380.5375562848167,325.85140525363386
ATP6V0B,gene_direct,0.5266666666666666,0.2289811864245561,0.3618270826661405,380.5375562848167,325.85140525363386
ATP6V0B,gene_scaled,0.4733333333333334,0.22898118642455603,0.36182708266613994,380.5375562848167,325.85140525363386
ATP6V0B,gene_top50,0.4666666666666667,0.25716329977815977,0.3725868658361886,380.5375562848167,325.85140525363386
ATP6V0B,gene_top50_scaled,0.4666666666666667,0.25716329977815994,0.3725868658361869,380.5375562848167,325.85140525363386
ATP6V0B,gene_top100,0.4666666666666667,0.23869175122075473,0.3505575270779414,380.5375562848167,325.85140525363386
ATP6V0B,gene_top100_scaled,0.4666666666666667,0.2386917512207549,0.3505575270779417,380.5375562848167,325.85140525363386
ATP6V0B,gene_top200,0.4733333333333334,0.22825969393944964,0.33763946676808326,380.5375562848167,325.85140525363386
ATP6V0B,gene_top200_scaled,0.4666666666666667,0.22825969393944973,0.3376394667680818,380.5375562848167,325.85140525363386
ATP6V0B,gene_top500,0.4733333333333334,0.21987647321827752,0.3318186080505442,380.5375562848167,325.85140525363386
ATP6V0B,gene_top500_scaled,0.4666666666666667,0.21987647321827744,0.33181860805054353,380.5375562848167,325.85140525363386
ATP6V0B,gene_direct_x2,0.5266666666666666,0.2289811864245561,0.3618270826661405,380.5375562848167,325.85140525363386
ATP6V0B,gene_direct_x4,0.5666666666666667,0.2289811864245561,0.3618270826661405,380.5375562848167,325.85140525363386
ATP6V0B,gene_direct_x8,0.6333333333333333,0.2289811864245561,0.3618270826661405,380.5375562848167,325.85140525363386
ATP6V0B,gene_direct_x16,0.6533333333333333,0.2289811864245561,0.3618270826661405,380.5375562848167,325.85140525363386
ATP6V0B,gene_direct_x32,0.6599999999999999,0.2289811864245561,0.3618270826661405,380.5375562848167,325.85140525363386
ATP6V0B,gene_direct_x64,0.6333333333333333,0.2289811864245561,0.3618270826661405,380.5375562848167,325.85140525363386
ATP6V0B,gene_direct_x128,0.6133333333333333,0.2289811864245561,0.3618270826661405,380.5375562848167,325.85140525363386
ATP6V0B,gene_direct_x256,0.6,0.2289811864245561,0.3618270826661405,380.5375562848167,325.85140525363386
ATP6V0B,gene_top100_x16,0.4733333333333334,0.23869175122075473,0.3505575270779414,380.5375562848167,325.85140525363386
ATP6V0B,gene_top100_x64,0.4733333333333334,0.23869175122075473,0.3505575270779414,380.5375562848167,325.85140525363386
ATP6V0B,gene_top100_x256,0.4733333333333334,0.23869175122075473,0.3505575270779414,380.5375562848167,325.85140525363386
ATP6V0B,gene_top200_x16,0.4733333333333334,0.22825969393944964,0.33763946676808326,380.5375562848167,325.85140525363386
ATP6V0B,gene_top200_x64,0.4733333333333334,0.22825969393944964,0.33763946676808326,380.5375562848167,325.85140525363386
ATP6V0B,gene_top200_x256,0.4733333333333334,0.22825969393944964,0.33763946676808326,380.5375562848167,325.85140525363386
ATP6V0B,prog,0.5466666666666666,0.19808874871985035,0.27596376344679663,380.5375562848167,325.85140525363386
ATP6V0C,zero,0.1266666666666667,0.0,0.0,1066.6549765848213,381.3099539538846
ATP6V0C,h1_mean,0.10666666666666669,0.11663581995140161,0.5802959236008478,1066.6549765848213,381.3099539538846
ATP6V0C,gene_direct,0.1266666666666667,0.1632693867231533,0.32621628746569875,1066.6549765848213,381.3099539538846
ATP6V0C,gene_scaled,0.1266666666666667,0.1632693867231534,0.32621628746569864,1066.6549765848213,381.3099539538846
ATP6V0C,gene_top50,0.14,0.11590153231431267,0.17304538723406887,1066.6549765848213,381.3099539538846
ATP6V0C,gene_top50_scaled,0.1266666666666667,0.11590153231431269,0.1730453872340689,1066.6549765848213,381.3099539538846
ATP6V0C,gene_top100,0.14,0.11861356260105697,0.204437828608686,1066.6549765848213,381.3099539538846
ATP6V0C,gene_top100_scaled,0.1266666666666667,0.11861356260105697,0.20443782860868523,1066.6549765848213,381.3099539538846
ATP6V0C,gene_top200,0.1266666666666667,0.12292784222071367,0.24157655111321352,1066.6549765848213,381.3099539538846
ATP6V0C,gene_top200_scaled,0.1266666666666667,0.12292784222071364,0.24157655111321416,1066.6549765848213,381.3099539538846
ATP6V0C,gene_top500,0.1333333333333333,0.1400470529525282,0.30635580836805665,1066.6549765848213,381.3099539538846
ATP6V0C,gene_top500_scaled,0.1266666666666667,0.14004705295252823,0.30635580836805715,1066.6549765848213,381.3099539538846
ATP6V0C,gene_direct_x2,0.1266666666666667,0.1632693867231533,0.32621628746569875,1066.6549765848213,381.3099539538846
ATP6V0C,gene_direct_x4,0.14,0.1632693867231533,0.32621628746569875,1066.6549765848213,381.3099539538846
ATP6V0C,gene_direct_x8,0.15333333333333332,0.1632693867231533,0.32621628746569875,1066.6549765848213,381.3099539538846
ATP6V0C,gene_direct_x16,0.15333333333333332,0.1632693867231533,0.32621628746569875,1066.6549765848213,381.3099539538846
ATP6V0C,gene_direct_x32,0.1466666666666666,0.1632693867231533,0.32621628746569875,1066.6549765848213,381.3099539538846
ATP6V0C,gene_direct_x64,0.1466666666666666,0.1632693867231533,0.32621628746569875,1066.6549765848213,381.3099539538846
ATP6V0C,gene_direct_x128,0.14,0.1632693867231533,0.32621628746569875,1066.6549765848213,381.3099539538846
ATP6V0C,gene_direct_x256,0.14,0.1632693867231533,0.32621628746569875,1066.6549765848213,381.3099539538846
ATP6V0C,gene_top100_x16,0.1466666666666666,0.11861356260105697,0.204437828608686,1066.6549765848213,381.3099539538846
ATP6V0C,gene_top100_x64,0.1466666666666666,0.11861356260105697,0.204437828608686,1066.6549765848213,381.3099539538846
ATP6V0C,gene_top100_x256,0.1466666666666666,0.11861356260105697,0.204437828608686,1066.6549765848213,381.3099539538846
ATP6V0C,gene_top200_x16,0.1266666666666667,0.12292784222071367,0.24157655111321352,1066.6549765848213,381.3099539538846
ATP6V0C,gene_top200_x64,0.1266666666666667,0.12292784222071367,0.24157655111321352,1066.6549765848213,381.3099539538846
ATP6V0C,gene_top200_x256,0.1266666666666667,0.12292784222071367,0.24157655111321352,1066.6549765848213,381.3099539538846
ATP6V0C,prog,0.12,0.1956927719999188,0.4067045456043003,1066.6549765848213,381.3099539538846
BIRC2,zero,0.33333333333333337,0.0,0.0,532.7302886944417,202.70433459803462
BIRC2,h1_mean,0.4666666666666667,0.6538171626659836,0.2893718843663431,532.7302886944417,202.70433459803462
BIRC2,gene_direct,0.36,0.03831409355536793,0.13517232275384164,532.7302886944417,202.70433459803462
BIRC2,gene_scaled,0.33999999999999997,0.03831409355536794,0.1351723227538416,532.7302886944417,202.70433459803462
BIRC2,gene_top50,0.33999999999999997,0.06666132909411304,0.12969481351696052,532.7302886944417,202.70433459803462
BIRC2,gene_top50_scaled,0.33333333333333337,0.06666132909411303,0.12969481351696024,532.7302886944417,202.70433459803462
BIRC2,gene_top100,0.33999999999999997,0.04358507751010742,0.11733069379673772,532.7302886944417,202.70433459803462
BIRC2,gene_top100_scaled,0.33333333333333337,0.043585077510107435,0.11733069379673809,532.7302886944417,202.70433459803462
BIRC2,gene_top200,0.33999999999999997,0.045645859121308724,0.13788139783730646,532.7302886944417,202.70433459803462
BIRC2,gene_top200_scaled,0.33333333333333337,0.04564585912130872,0.13788139783730616,532.7302886944417,202.70433459803462
BIRC2,gene_top500,0.3466666666666667,0.05069086744862356,0.1318313978981279,532.7302886944417,202.70433459803462
BIRC2,gene_top500_scaled,0.33333333333333337,0.05069086744862356,0.13183139789812798,532.7302886944417,202.70433459803462
BIRC2,gene_direct_x2,0.3733333333333333,0.03831409355536793,0.13517232275384164,532.7302886944417,202.70433459803462
BIRC2,gene_direct_x4,0.3933333333333333,0.03831409355536793,0.13517232275384164,532.7302886944417,202.70433459803462
BIRC2,gene_direct_x8,0.3933333333333333,0.03831409355536793,0.13517232275384164,532.7302886944417,202.70433459803462
BIRC2,gene_direct_x16,0.4,0.03831409355536793,0.13517232275384164,532.7302886944417,202.70433459803462
BIRC2,gene_direct_x32,0.4,0.03831409355536793,0.13517232275384164,532.7302886944417,202.70433459803462
BIRC2,gene_direct_x64,0.4,0.03831409355536793,0.13517232275384164,532.7302886944417,202.70433459803462
BIRC2,gene_direct_x128,0.4,0.03831409355536793,0.13517232275384164,532.7302886944417,202.70433459803462
BIRC2,gene_direct_x256,0.4,0.03831409355536793,0.13517232275384164,532.7302886944417,202.70433459803462
BIRC2,gene_top100_x16,0.33999999999999997,0.04358507751010742,0.11733069379673772,532.7302886944417,202.70433459803462
BIRC2,gene_top100_x64,0.33999999999999997,0.04358507751010742,0.11733069379673772,532.7302886944417,202.70433459803462
BIRC2,gene_top100_x256,0.33999999999999997,0.04358507751010742,0.11733069379673772,532.7302886944417,202.70433459803462
BIRC2,gene_top200_x16,0.3466666666666667,0.045645859121308724,0.13788139783730646,532.7302886944417,202.70433459803462
BIRC2,gene_top200_x64,0.3466666666666667,0.045645859121308724,0.13788139783730646,532.7302886944417,202.70433459803462
BIRC2,gene_top200_x256,0.3466666666666667,0.045645859121308724,0.13788139783730646,532.7302886944417,202.70433459803462
BIRC2,prog,0.33333333333333337,-0.10532796247800855,0.07930037633879386,532.7302886944417,202.70433459803462
BRD9,zero,0.18000000000000005,0.0,0.0,953.0837602631691,407.4759859107435
BRD9,h1_mean,0.19333333333333336,0.5649212219849469,0.2273428747789618,953.0837602631691,407.4759859107435
BRD9,gene_direct,0.18000000000000005,0.08511941767292239,0.02967834444837916,953.0837602631691,407.4759859107435
BRD9,gene_scaled,0.18000000000000005,0.08511941767292237,0.02967834444837922,953.0837602631691,407.4759859107435
BRD9,gene_top50,0.18000000000000005,0.07495130875329314,0.116564854287793,953.0837602631691,407.4759859107435
BRD9,gene_top50_scaled,0.18000000000000005,0.07495130875329314,0.11656485428779263,953.0837602631691,407.4759859107435
BRD9,gene_top100,0.18000000000000005,0.07048324215444561,0.07923305799607742,953.0837602631691,407.4759859107435
BRD9,gene_top100_scaled,0.18000000000000005,0.07048324215444561,0.07923305799607724,953.0837602631691,407.4759859107435
BRD9,gene_top200,0.18000000000000005,0.07229118195628431,0.05613044568813479,953.0837602631691,407.4759859107435
BRD9,gene_top200_scaled,0.18000000000000005,0.07229118195628428,0.05613044568813468,953.0837602631691,407.4759859107435
BRD9,gene_top500,0.18000000000000005,0.06992760375320342,0.024155462743628505,953.0837602631691,407.4759859107435
BRD9,gene_top500_scaled,0.18000000000000005,0.06992760375320342,0.024155462743628477,953.0837602631691,407.4759859107435
BRD9,gene_direct_x2,0.18666666666666665,0.08511941767292239,0.02967834444837916,953.0837602631691,407.4759859107435
BRD9,gene_direct_x4,0.19999999999999996,0.08511941767292239,0.02967834444837916,953.0837602631691,407.4759859107435
BRD9,gene_direct_x8,0.19333333333333336,0.08511941767292239,0.02967834444837916,953.0837602631691,407.4759859107435
BRD9,gene_direct_x16,0.19333333333333336,0.08511941767292239,0.02967834444837916,953.0837602631691,407.4759859107435
BRD9,gene_direct_x32,0.19333333333333336,0.08511941767292239,0.02967834444837916,953.0837602631691,407.4759859107435
BRD9,gene_direct_x64,0.19999999999999996,0.08511941767292239,0.02967834444837916,953.0837602631691,407.4759859107435
BRD9,gene_direct_x128,0.19999999999999996,0.08511941767292239,0.02967834444837916,953.0837602631691,407.4759859107435
BRD9,gene_direct_x256,0.19999999999999996,0.08511941767292239,0.02967834444837916,953.0837602631691,407.4759859107435
BRD9,gene_top100_x16,0.18000000000000005,0.07048324215444561,0.07923305799607742,953.0837602631691,407.4759859107435
BRD9,gene_top100_x64,0.18000000000000005,0.07048324215444561,0.07923305799607742,953.0837602631691,407.4759859107435
BRD9,gene_top100_x256,0.18000000000000005,0.07048324215444561,0.07923305799607742,953.0837602631691,407.4759859107435
BRD9,gene_top200_x16,0.18000000000000005,0.07229118195628431,0.05613044568813479,953.0837602631691,407.4759859107435
BRD9,gene_top200_x64,0.18000000000000005,0.07229118195628431,0.05613044568813479,953.0837602631691,407.4759859107435
BRD9,gene_top200_x256,0.18000000000000005,0.07229118195628431,0.05613044568813479,953.0837602631691,407.4759859107435
BRD9,prog,0.18666666666666665,0.30173703118467055,-0.060674582366488504,953.0837602631691,407.4759859107435
C1QBP,zero,0.2866666666666666,0.0,0.0,626.7133262989628,504.05200410373504
C1QBP,h1_mean,0.32666666666666666,0.6735663762966907,0.28921029328805326,626.7133262989628,504.05200410373504
C1QBP,gene_direct,0.3866666666666667,0.37067949128314404,0.30275133565377327,626.7133262989628,504.05200410373504
C1QBP,gene_scaled,0.2866666666666666,0.3706794912831439,0.30275133565377327,626.7133262989628,504.05200410373504
C1QBP,gene_top50,0.2866666666666666,0.22050954896452132,0.34178441402618004,626.7133262989628,504.05200410373504
C1QBP,gene_top50_scaled,0.2866666666666666,0.2205095489645213,0.3417844140261799,626.7133262989628,504.05200410373504
C1QBP,gene_top100,0.2866666666666666,0.23378128078385504,0.31932519306796325,626.7133262989628,504.05200410373504
C1QBP,gene_top100_scaled,0.2866666666666666,0.2337812807838551,0.31932519306796425,626.7133262989628,504.05200410373504
C1QBP,gene_top200,0.2866666666666666,0.2506548698493594,0.2905675762463282,626.7133262989628,504.05200410373504
C1QBP,gene_top200_scaled,0.2866666666666666,0.25065486984935964,0.2905675762463272,626.7133262989628,504.05200410373504
C1QBP,gene_top500,0.29333333333333333,0.28982908046752764,0.24330184021347045,626.7133262989628,504.05200410373504
C1QBP,gene_top500_scaled,0.2866666666666666,0.28982908046752764,0.24330184021347073,626.7133262989628,504.05200410373504
C1QBP,gene_direct_x2,0.56,0.37067949128314404,0.30275133565377327,626.7133262989628,504.05200410373504
C1QBP,gene_direct_x4,0.98,0.37067949128314404,0.30275133565377327,626.7133262989628,504.05200410373504
C1QBP,gene_direct_x8,1.0,0.37067949128314404,0.30275133565377327,626.7133262989628,504.05200410373504
C1QBP,gene_direct_x16,0.9933333333333333,0.37067949128314404,0.30275133565377327,626.7133262989628,504.05200410373504
C1QBP,gene_direct_x32,0.9933333333333333,0.37067949128314404,0.30275133565377327,626.7133262989628,504.05200410373504
C1QBP,gene_direct_x64,0.9933333333333333,0.37067949128314404,0.30275133565377327,626.7133262989628,504.05200410373504
C1QBP,gene_direct_x128,0.9933333333333333,0.37067949128314404,0.30275133565377327,626.7133262989628,504.05200410373504
C1QBP,gene_direct_x256,0.9733333333333334,0.37067949128314404,0.30275133565377327,626.7133262989628,504.05200410373504
C1QBP,gene_top100_x16,0.2866666666666666,0.23378128078385504,0.31932519306796325,626.7133262989628,504.05200410373504
C1QBP,gene_top100_x64,0.2866666666666666,0.23378128078385504,0.31932519306796325,626.7133262989628,504.05200410373504
C1QBP,gene_top100_x256,0.2866666666666666,0.23378128078385504,0.31932519306796325,626.7133262989628,504.05200410373504
C1QBP,gene_top200_x16,0.2866666666666666,0.2506548698493594,0.2905675762463282,626.7133262989628,504.05200410373504
C1QBP,gene_top200_x64,0.2866666666666666,0.2506548698493594,0.2905675762463282,626.7133262989628,504.05200410373504
C1QBP,gene_top200_x256,0.2866666666666666,0.2506548698493594,0.2905675762463282,626.7133262989628,504.05200410373504
C1QBP,prog,0.5066666666666666,0.4098515798440364,0.1039043471979463,626.7133262989628,504.05200410373504
CALM3,zero,0.44666666666666666,0.0,0.0,401.40694722824264,377.5657413043082
CALM3,h1_mean,0.2866666666666666,-0.5425422431061071,0.11391814589638749,401.40694722824264,377.5657413043082
CALM3,gene_direct,0.54,0.12008679032411612,0.1313409942039787,401.40694722824264,377.5657413043082
CALM3,gene_scaled,0.45333333333333337,0.12008679032411607,0.13134099420397866,401.40694722824264,377.5657413043082
CALM3,gene_top50,0.44666666666666666,0.18372116657899368,0.3523445903045897,401.40694722824264,377.5657413043082
CALM3,gene_top50_scaled,0.44666666666666666,0.18372116657899368,0.35234459030459003,401.40694722824264,377.5657413043082
CALM3,gene_top100,0.44666666666666666,0.15323624158548024,0.2711845042653243,401.40694722824264,377.5657413043082
CALM3,gene_top100_scaled,0.44666666666666666,0.1532362415854802,0.2711845042653243,401.40694722824264,377.5657413043082
CALM3,gene_top200,0.44666666666666666,0.14182161810398833,0.22904553766027919,401.40694722824264,377.5657413043082
CALM3,gene_top200_scaled,0.44666666666666666,0.1418216181039883,0.2290455376602792,401.40694722824264,377.5657413043082
CALM3,gene_top500,0.44666666666666666,0.126062475181753,0.13540176241195406,401.40694722824264,377.5657413043082
CALM3,gene_top500_scaled,0.44666666666666666,0.126062475181753,0.13540176241195398,401.40694722824264,377.5657413043082
CALM3,gene_direct_x2,0.56,0.12008679032411612,0.1313409942039787,401.40694722824264,377.5657413043082
CALM3,gene_direct_x4,0.6,0.12008679032411612,0.1313409942039787,401.40694722824264,377.5657413043082
CALM3,gene_direct_x8,0.62,0.12008679032411612,0.1313409942039787,401.40694722824264,377.5657413043082
CALM3,gene_direct_x16,0.6333333333333333,0.12008679032411612,0.1313409942039787,401.40694722824264,377.5657413043082
CALM3,gene_direct_x32,0.64,0.12008679032411612,0.1313409942039787,401.40694722824264,377.5657413043082
CALM3,gene_direct_x64,0.64,0.12008679032411612,0.1313409942039787,401.40694722824264,377.5657413043082
CALM3,gene_direct_x128,0.6333333333333333,0.12008679032411612,0.1313409942039787,401.40694722824264,377.5657413043082
CALM3,gene_direct_x256,0.6266666666666667,0.12008679032411612,0.1313409942039787,401.40694722824264,377.5657413043082
CALM3,gene_top100_x16,0.44666666666666666,0.15323624158548024,0.2711845042653243,401.40694722824264,377.5657413043082
CALM3,gene_top100_x64,0.44666666666666666,0.15323624158548024,0.2711845042653243,401.40694722824264,377.5657413043082
CALM3,gene_top100_x256,0.44666666666666666,0.15323624158548024,0.2711845042653243,401.40694722824264,377.5657413043082
CALM3,gene_top200_x16,0.44666666666666666,0.14182161810398833,0.22904553766027919,401.40694722824264,377.5657413043082
CALM3,gene_top200_x64,0.44666666666666666,0.14182161810398833,0.22904553766027919,401.40694722824264,377.5657413043082
CALM3,gene_top200_x256,0.44666666666666666,0.14182161810398833,0.22904553766027919,401.40694722824264,377.5657413043082
CALM3,prog,0.5533333333333333,0.37206837806595316,-0.14985771373040332,401.40694722824264,377.5657413043082
CASP2,zero,0.84,0.0,0.0,167.50471709625344,261.9755625203252
CASP2,h1_mean,0.7266666666666667,-0.09034407767813776,0.2295415006767107,167.50471709625344,261.9755625203252
CASP2,gene_direct,0.86,0.06690404087801345,0.028388608623936395,167.50471709625344,261.9755625203252
CASP2,gene_scaled,0.84,0.06690404087801338,0.028388608623936346,167.50471709625344,261.9755625203252
CASP2,gene_top50,0.84,0.10364287911269597,0.11292211051706996,167.50471709625344,261.9755625203252
CASP2,gene_top50_scaled,0.84,0.10364287911269597,0.11292211051707027,167.50471709625344,261.9755625203252
CASP2,gene_top100,0.84,0.0864693753761901,0.07863487490194637,167.50471709625344,261.9755625203252
CASP2,gene_top100_scaled,0.84,0.08646937537619011,0.07863487490194628,167.50471709625344,261.9755625203252
CASP2,gene_top200,0.84,0.07390878603008211,0.05398834369468833,167.50471709625344,261.9755625203252
CASP2,gene_top200_scaled,0.84,0.07390878603008212,0.05398834369468834,167.50471709625344,261.9755625203252
CASP2,gene_top500,0.84,0.07019134170226557,0.026626000950919135,167.50471709625344,261.9755625203252
CASP2,gene_top500_scaled,0.84,0.07019134170226556,0.02662600095091913,167.50471709625344,261.9755625203252
CASP2,gene_direct_x2,0.86,0.06690404087801345,0.028388608623936395,167.50471709625344,261.9755625203252
CASP2,gene_direct_x4,0.8666666666666667,0.06690404087801345,0.028388608623936395,167.50471709625344,261.9755625203252
CASP2,gene_direct_x8,0.88,0.06690404087801345,0.028388608623936395,167.50471709625344,261.9755625203252
CASP2,gene_direct_x16,0.8733333333333333,0.06690404087801345,0.028388608623936395,167.50471709625344,261.9755625203252
CASP2,gene_direct_x32,0.8733333333333333,0.06690404087801345,0.028388608623936395,167.50471709625344,261.9755625203252
CASP2,gene_direct_x64,0.8733333333333333,0.06690404087801345,0.028388608623936395,167.50471709625344,261.9755625203252
CASP2,gene_direct_x128,0.8733333333333333,0.06690404087801345,0.028388608623936395,167.50471709625344,261.9755625203252
CASP2,gene_direct_x256,0.8666666666666667,0.06690404087801345,0.028388608623936395,167.50471709625344,261.9755625203252
CASP2,gene_top100_x16,0.84,0.0864693753761901,0.07863487490194637,167.50471709625344,261.9755625203252
CASP2,gene_top100_x64,0.84,0.0864693753761901,0.07863487490194637,167.50471709625344,261.9755625203252
CASP2,gene_top100_x256,0.84,0.0864693753761901,0.07863487490194637,167.50471709625344,261.9755625203252
CASP2,gene_top200_x16,0.84,0.07390878603008211,0.05398834369468833,167.50471709625344,261.9755625203252
CASP2,gene_top200_x64,0.84,0.07390878603008211,0.05398834369468833,167.50471709625344,261.9755625203252
CASP2,gene_top200_x256,0.84,0.07390878603008211,0.05398834369468833,167.50471709625344,261.9755625203252
CASP2,prog,0.8666666666666667,0.15537087749133924,-0.08854214422754299,167.50471709625344,261.9755625203252
CASP3,zero,0.20666666666666667,0.0,0.0,802.2093092653886,231.49741781502962
CASP3,h1_mean,0.23333333333333328,0.6897821032086355,0.5075840183554269,802.2093092653886,231.49741781502962
CASP3,gene_direct,0.21999999999999997,0.06996370861165481,0.1663527987759678,802.2093092653886,231.49741781502962
CASP3,gene_scaled,0.21333333333333337,0.06996370861165481,0.1663527987759681,802.2093092653886,231.49741781502962
CASP3,gene_top50,0.21333333333333337,0.07851078757347214,0.12236736271512143,802.2093092653886,231.49741781502962
CASP3,gene_top50_scaled,0.20666666666666667,0.07851078757347216,0.12236736271512166,802.2093092653886,231.49741781502962
CASP3,gene_top100,0.21333333333333337,0.0712020296507128,0.12089172198425702,802.2093092653886,231.49741781502962
CASP3,gene_top100_scaled,0.20666666666666667,0.0712020296507128,0.12089172198425704,802.2093092653886,231.49741781502962
CASP3,gene_top200,0.21333333333333337,0.05953344789515465,0.13593775874043776,802.2093092653886,231.49741781502962
CASP3,gene_top200_scaled,0.20666666666666667,0.059533447895154655,0.1359377587404378,802.2093092653886,231.49741781502962
CASP3,gene_top500,0.21333333333333337,0.07218358134038462,0.1429204503726748,802.2093092653886,231.49741781502962
CASP3,gene_top500_scaled,0.21333333333333337,0.07218358134038458,0.14292045037267437,802.2093092653886,231.49741781502962
CASP3,gene_direct_x2,0.22666666666666668,0.06996370861165481,0.1663527987759678,802.2093092653886,231.49741781502962
CASP3,gene_direct_x4,0.24,0.06996370861165481,0.1663527987759678,802.2093092653886,231.49741781502962
CASP3,gene_direct_x8,0.2466666666666667,0.06996370861165481,0.1663527987759678,802.2093092653886,231.49741781502962
CASP3,gene_direct_x16,0.26,0.06996370861165481,0.1663527987759678,802.2093092653886,231.49741781502962
CASP3,gene_direct_x32,0.26,0.06996370861165481,0.1663527987759678,802.2093092653886,231.49741781502962
CASP3,gene_direct_x64,0.26,0.06996370861165481,0.1663527987759678,802.2093092653886,231.49741781502962
CASP3,gene_direct_x128,0.2533333333333333,0.06996370861165481,0.1663527987759678,802.2093092653886,231.49741781502962
CASP3,gene_direct_x256,0.2533333333333333,0.06996370861165481,0.1663527987759678,802.2093092653886,231.49741781502962
CASP3,gene_top100_x16,0.21333333333333337,0.0712020296507128,0.12089172198425702,802.2093092653886,231.49741781502962
CASP3,gene_top100_x64,0.21333333333333337,0.0712020296507128,0.12089172198425702,802.2093092653886,231.49741781502962
CASP3,gene_top100_x256,0.21333333333333337,0.0712020296507128,0.12089172198425702,802.2093092653886,231.49741781502962
CASP3,gene_top200_x16,0.21999999999999997,0.05953344789515465,0.13593775874043776,802.2093092653886,231.49741781502962
CASP3,gene_top200_x64,0.21999999999999997,0.05953344789515465,0.13593775874043776,802.2093092653886,231.49741781502962
CASP3,gene_top200_x256,0.21999999999999997,0.05953344789515465,0.13593775874043776,802.2093092653886,231.49741781502962
CASP3,prog,0.21333333333333337,0.1875798325168137,0.26643602059055616,802.2093092653886,231.49741781502962
CAST,zero,0.5333333333333333,0.0,0.0,337.5498944532701,293.3242080323398
CAST,h1_mean,0.86,0.5149182080681558,0.2749822115453237,337.5498944532701,293.3242080323398
CAST,gene_direct,0.5066666666666666,-0.13950723895231185,-0.12004400107807515,337.5498944532701,293.3242080323398
CAST,gene_scaled,0.5333333333333333,-0.13950723895231182,-0.12004400107807528,337.5498944532701,293.3242080323398
CAST,gene_top50,0.54,-0.13086680594745853,-0.21642962163712606,337.5498944532701,293.3242080323398
CAST,gene_top50_scaled,0.5333333333333333,-0.1308668059474585,-0.21642962163712612,337.5498944532701,293.3242080323398
CAST,gene_top100,0.5333333333333333,-0.12935414489210545,-0.20185469785241908,337.5498944532701,293.3242080323398
CAST,gene_top100_scaled,0.5333333333333333,-0.12935414489210548,-0.2018546978524191,337.5498944532701,293.3242080323398
CAST,gene_top200,0.5333333333333333,-0.1251055699691286,-0.17956242744274606,337.5498944532701,293.3242080323398
CAST,gene_top200_scaled,0.5333333333333333,-0.1251055699691286,-0.17956242744274614,337.5498944532701,293.3242080323398
CAST,gene_top500,0.5333333333333333,-0.12312484196586725,-0.13705919511735126,337.5498944532701,293.3242080323398
CAST,gene_top500_scaled,0.5333333333333333,-0.12312484196586723,-0.13705919511735115,337.5498944532701,293.3242080323398
CAST,gene_direct_x2,0.52,-0.13950723895231185,-0.12004400107807515,337.5498944532701,293.3242080323398
CAST,gene_direct_x4,0.5266666666666666,-0.13950723895231185,-0.12004400107807515,337.5498944532701,293.3242080323398
CAST,gene_direct_x8,0.5266666666666666,-0.13950723895231185,-0.12004400107807515,337.5498944532701,293.3242080323398
CAST,gene_direct_x16,0.52,-0.13950723895231185,-0.12004400107807515,337.5498944532701,293.3242080323398
CAST,gene_direct_x32,0.52,-0.13950723895231185,-0.12004400107807515,337.5498944532701,293.3242080323398
CAST,gene_direct_x64,0.5066666666666666,-0.13950723895231185,-0.12004400107807515,337.5498944532701,293.3242080323398
CAST,gene_direct_x128,0.5066666666666666,-0.13950723895231185,-0.12004400107807515,337.5498944532701,293.3242080323398
CAST,gene_direct_x256,0.5066666666666666,-0.13950723895231185,-0.12004400107807515,337.5498944532701,293.3242080323398
CAST,gene_top100_x16,0.54,-0.12935414489210545,-0.20185469785241908,337.5498944532701,293.3242080323398
CAST,gene_top100_x64,0.54,-0.12935414489210545,-0.20185469785241908,337.5498944532701,293.3242080323398
CAST,gene_top100_x256,0.54,-0.12935414489210545,-0.20185469785241908,337.5498944532701,293.3242080323398
CAST,gene_top200_x16,0.54,-0.1251055699691286,-0.17956242744274606,337.5498944532701,293.3242080323398
CAST,gene_top200_x64,0.54,-0.1251055699691286,-0.17956242744274606,337.5498944532701,293.3242080323398
CAST,gene_top200_x256,0.54,-0.1251055699691286,-0.17956242744274606,337.5498944532701,293.3242080323398
CAST,prog,0.5,-0.19126183872964736,-0.187076511108171,337.5498944532701,293.3242080323398
CDCA2,zero,0.7666666666666666,0.0,0.0,213.50087349961177,295.40791864693165
CDCA2,h1_mean,0.5733333333333333,-0.19754491075741976,0.01590487180992392,213.50087349961177,295.40791864693165
CDCA2,gene_direct,0.7533333333333333,0.0366095586753022,0.13482086457944106,213.50087349961177,295.40791864693165
CDCA2,gene_scaled,0.76,0.03660955867530223,0.13482086457944076,213.50087349961177,295.40791864693165
CDCA2,gene_top50,0.7666666666666666,0.1810464584078645,0.2311588282663983,213.50087349961177,295.40791864693165
CDCA2,gene_top50_scaled,0.7666666666666666,0.18104645840786449,0.2311588282663988,213.50087349961177,295.40791864693165
CDCA2,gene_top100,0.7666666666666666,0.14277053883979746,0.19020962988802703,213.50087349961177,295.40791864693165
CDCA2,gene_top100_scaled,0.7666666666666666,0.14277053883979743,0.1902096298880267,213.50087349961177,295.40791864693165
CDCA2,gene_top200,0.7666666666666666,0.10718169359905086,0.15317540116675363,213.50087349961177,295.40791864693165
CDCA2,gene_top200_scaled,0.7666666666666666,0.10718169359905085,0.1531754011667538,213.50087349961177,295.40791864693165
CDCA2,gene_top500,0.7666666666666666,0.07746092422041562,0.1405549060740653,213.50087349961177,295.40791864693165
CDCA2,gene_top500_scaled,0.7666666666666666,0.07746092422041555,0.1405549060740651,213.50087349961177,295.40791864693165
CDCA2,gene_direct_x2,0.7533333333333333,0.0366095586753022,0.13482086457944106,213.50087349961177,295.40791864693165
CDCA2,gene_direct_x4,0.76,0.0366095586753022,0.13482086457944106,213.50087349961177,295.40791864693165
CDCA2,gene_direct_x8,0.7533333333333333,0.0366095586753022,0.13482086457944106,213.50087349961177,295.40791864693165
CDCA2,gene_direct_x16,0.7333333333333334,0.0366095586753022,0.13482086457944106,213.50087349961177,295.40791864693165
CDCA2,gene_direct_x32,0.7333333333333334,0.0366095586753022,0.13482086457944106,213.50087349961177,295.40791864693165
CDCA2,gene_direct_x64,0.7266666666666667,0.0366095586753022,0.13482086457944106,213.50087349961177,295.40791864693165
CDCA2,gene_direct_x128,0.7333333333333334,0.0366095586753022,0.13482086457944106,213.50087349961177,295.40791864693165
CDCA2,gene_direct_x256,0.7333333333333334,0.0366095586753022,0.13482086457944106,213.50087349961177,295.40791864693165
CDCA2,gene_top100_x16,0.7666666666666666,0.14277053883979746,0.19020962988802703,213.50087349961177,295.40791864693165
CDCA2,gene_top100_x64,0.7666666666666666,0.14277053883979746,0.19020962988802703,213.50087349961177,295.40791864693165
CDCA2,gene_top100_x256,0.7666666666666666,0.14277053883979746,0.19020962988802703,213.50087349961177,295.40791864693165
CDCA2,gene_top200_x16,0.7666666666666666,0.10718169359905086,0.15317540116675363,213.50087349961177,295.40791864693165
CDCA2,gene_top200_x64,0.7666666666666666,0.10718169359905086,0.15317540116675363,213.50087349961177,295.40791864693165
CDCA2,gene_top200_x256,0.7666666666666666,0.10718169359905086,0.15317540116675363,213.50087349961177,295.40791864693165
CDCA2,prog,0.6933333333333334,-0.13190351782228152,0.16968365752682316,213.50087349961177,295.40791864693165
CENPO,zero,0.5933333333333333,0.0,0.0,297.83834842007127,229.3460762090981
CENPO,h1_mean,0.9733333333333334,0.5530530736378656,0.09118720614295976,297.83834842007127,229.3460762090981
CENPO,gene_direct,0.6266666666666667,0.07475413277437519,0.21370840475336622,297.83834842007127,229.3460762090981
CENPO,gene_scaled,0.5933333333333333,0.07475413277437519,0.21370840475336642,297.83834842007127,229.3460762090981
CENPO,gene_top50,0.5933333333333333,0.26855225462245097,0.3930297599397224,297.83834842007127,229.3460762090981
CENPO,gene_top50_scaled,0.5933333333333333,0.268552254622451,0.3930297599397212,297.83834842007127,229.3460762090981
CENPO,gene_top100,0.5933333333333333,0.209867386385522,0.31916493064361606,297.83834842007127,229.3460762090981
CENPO,gene_top100_scaled,0.5933333333333333,0.20986738638552202,0.3191649306436157,297.83834842007127,229.3460762090981
CENPO,gene_top200,0.5933333333333333,0.16342039740138534,0.2577385633548128,297.83834842007127,229.3460762090981
CENPO,gene_top200_scaled,0.5933333333333333,0.16342039740138523,0.2577385633548128,297.83834842007127,229.3460762090981
CENPO,gene_top500,0.5933333333333333,0.12689818643701986,0.21644527369990832,297.83834842007127,229.3460762090981
CENPO,gene_top500_scaled,0.5933333333333333,0.1268981864370199,0.21644527369990882,297.83834842007127,229.3460762090981
CENPO,gene_direct_x2,0.64,0.07475413277437519,0.21370840475336622,297.83834842007127,229.3460762090981
CENPO,gene_direct_x4,0.6799999999999999,0.07475413277437519,0.21370840475336622,297.83834842007127,229.3460762090981
CENPO,gene_direct_x8,0.6933333333333334,0.07475413277437519,0.21370840475336622,297.83834842007127,229.3460762090981
CENPO,gene_direct_x16,0.7,0.07475413277437519,0.21370840475336622,297.83834842007127,229.3460762090981
CENPO,gene_direct_x32,0.7,0.07475413277437519,0.21370840475336622,297.83834842007127,229.3460762090981
CENPO,gene_direct_x64,0.7,0.07475413277437519,0.21370840475336622,297.83834842007127,229.3460762090981
CENPO,gene_direct_x128,0.6933333333333334,0.07475413277437519,0.21370840475336622,297.83834842007127,229.3460762090981
CENPO,gene_direct_x256,0.6933333333333334,0.07475413277437519,0.21370840475336622,297.83834842007127,229.3460762090981
CENPO,gene_top100_x16,0.5933333333333333,0.209867386385522,0.31916493064361606,297.83834842007127,229.3460762090981
CENPO,gene_top100_x64,0.5933333333333333,0.209867386385522,0.31916493064361606,297.83834842007127,229.3460762090981
CENPO,gene_top100_x256,0.5933333333333333,0.209867386385522,0.31916493064361606,297.83834842007127,229.3460762090981
CENPO,gene_top200_x16,0.5933333333333333,0.16342039740138534,0.2577385633548128,297.83834842007127,229.3460762090981
CENPO,gene_top200_x64,0.5933333333333333,0.16342039740138534,0.2577385633548128,297.83834842007127,229.3460762090981
CENPO,gene_top200_x256,0.5933333333333333,0.16342039740138534,0.2577385633548128,297.83834842007127,229.3460762090981
CENPO,prog,0.5933333333333333,-0.0794592753596406,0.12113767881857262,297.83834842007127,229.3460762090981
CHMP3,zero,0.45333333333333337,0.0,0.0,390.77709899896945,632.4421539217233
CHMP3,h1_mean,0.43999999999999995,0.15931246127734555,0.3003833109211073,390.77709899896945,632.4421539217233
CHMP3,gene_direct,0.4066666666666666,0.03534887885785351,0.05896331303584416,390.77709899896945,632.4421539217233
CHMP3,gene_scaled,0.45333333333333337,0.0353488788578535,0.05896331303584415,390.77709899896945,632.4421539217233
CHMP3,gene_top50,0.45333333333333337,0.06358289987771737,0.0876227702032536,390.77709899896945,632.4421539217233
CHMP3,gene_top50_scaled,0.45333333333333337,0.06358289987771737,0.08762277020325315,390.77709899896945,632.4421539217233
CHMP3,gene_top100,0.45333333333333337,0.058468571419893506,0.08111761598855016,390.77709899896945,632.4421539217233
CHMP3,gene_top100_scaled,0.45333333333333337,0.05846857141989349,0.08111761598855013,390.77709899896945,632.4421539217233
CHMP3,gene_top200,0.45333333333333337,0.047384495608407434,0.06738924653728863,390.77709899896945,632.4421539217233
CHMP3,gene_top200_scaled,0.45333333333333337,0.047384495608407434,0.06738924653728857,390.77709899896945,632.4421539217233
CHMP3,gene_top500,0.45333333333333337,0.0346154062080292,0.050405823316981443,390.77709899896945,632.4421539217233
CHMP3,gene_top500_scaled,0.45333333333333337,0.03461540620802916,0.0504058233169814,390.77709899896945,632.4421539217233
CHMP3,gene_direct_x2,0.41333333333333333,0.03534887885785351,0.05896331303584416,390.77709899896945,632.4421539217233
CHMP3,gene_direct_x4,0.3866666666666667,0.03534887885785351,0.05896331303584416,390.77709899896945,632.4421539217233
CHMP3,gene_direct_x8,0.31999999999999995,0.03534887885785351,0.05896331303584416,390.77709899896945,632.4421539217233
CHMP3,gene_direct_x16,0.29333333333333333,0.03534887885785351,0.05896331303584416,390.77709899896945,632.4421539217233
CHMP3,gene_direct_x32,0.2866666666666666,0.03534887885785351,0.05896331303584416,390.77709899896945,632.4421539217233
CHMP3,gene_direct_x64,0.28,0.03534887885785351,0.05896331303584416,390.77709899896945,632.4421539217233
CHMP3,gene_direct_x128,0.2666666666666667,0.03534887885785351,0.05896331303584416,390.77709899896945,632.4421539217233
CHMP3,gene_direct_x256,0.26,0.03534887885785351,0.05896331303584416,390.77709899896945,632.4421539217233
CHMP3,gene_top100_x16,0.45333333333333337,0.058468571419893506,0.08111761598855016,390.77709899896945,632.4421539217233
CHMP3,gene_top100_x64,0.45333333333333337,0.058468571419893506,0.08111761598855016,390.77709899896945,632.4421539217233
CHMP3,gene_top100_x256,0.45333333333333337,0.058468571419893506,0.08111761598855016,390.77709899896945,632.4421539217233
CHMP3,gene_top200_x16,0.45333333333333337,0.047384495608407434,0.06738924653728863,390.77709899896945,632.4421539217233
CHMP3,gene_top200_x64,0.45333333333333337,0.047384495608407434,0.06738924653728863,390.77709899896945,632.4421539217233
CHMP3,gene_top200_x256,0.45333333333333337,0.047384495608407434,0.06738924653728863,390.77709899896945,632.4421539217233
CHMP3,prog,0.3933333333333333,0.027899482986529677,0.04738423766477361,390.77709899896945,632.4421539217233
CLDN6,zero,0.7333333333333334,0.0,0.0,229.63225801379667,320.59704026579857
CLDN6,h1_mean,0.5266666666666666,-0.22307134896941513,0.04824789652242146,229.63225801379667,320.59704026579857
CLDN6,gene_direct,0.7666666666666666,0.04456230315901456,0.02594561971976141,229.63225801379667,320.59704026579857
CLDN6,gene_scaled,0.7466666666666666,0.04456230315901456,0.025945619719761337,229.63225801379667,320.59704026579857
CLDN6,gene_top50,0.74,0.015103813805415334,-0.0006899588269377585,229.63225801379667,320.59704026579857
CLDN6,gene_top50_scaled,0.74,0.015103813805415334,-0.0006899588269377518,229.63225801379667,320.59704026579857
CLDN6,gene_top100,0.7466666666666666,0.021825820293700136,-0.0013759574938312213,229.63225801379667,320.59704026579857
CLDN6,gene_top100_scaled,0.7466666666666666,0.02182582029370014,-0.0013759574938312232,229.63225801379667,320.59704026579857
CLDN6,gene_top200,0.7466666666666666,0.025782819922349067,-0.008873908615909823,229.63225801379667,320.59704026579857
CLDN6,gene_top200_scaled,0.7466666666666666,0.025782819922349067,-0.008873908615909861,229.63225801379667,320.59704026579857
CLDN6,gene_top500,0.7466666666666666,0.05383892281938434,0.022716434307659034,229.63225801379667,320.59704026579857
CLDN6,gene_top500_scaled,0.7466666666666666,0.05383892281938432,0.022716434307659038,229.63225801379667,320.59704026579857
CLDN6,gene_direct_x2,0.7733333333333333,0.04456230315901456,0.02594561971976141,229.63225801379667,320.59704026579857
CLDN6,gene_direct_x4,0.7733333333333333,0.04456230315901456,0.02594561971976141,229.63225801379667,320.59704026579857
CLDN6,gene_direct_x8,0.7733333333333333,0.04456230315901456,0.02594561971976141,229.63225801379667,320.59704026579857
CLDN6,gene_direct_x16,0.78,0.04456230315901456,0.02594561971976141,229.63225801379667,320.59704026579857
CLDN6,gene_direct_x32,0.7933333333333333,0.04456230315901456,0.02594561971976141,229.63225801379667,320.59704026579857
CLDN6,gene_direct_x64,0.7933333333333333,0.04456230315901456,0.02594561971976141,229.63225801379667,320.59704026579857
CLDN6,gene_direct_x128,0.7933333333333333,0.04456230315901456,0.02594561971976141,229.63225801379667,320.59704026579857
CLDN6,gene_direct_x256,0.7933333333333333,0.04456230315901456,0.02594561971976141,229.63225801379667,320.59704026579857
CLDN6,gene_top100_x16,0.7466666666666666,0.021825820293700136,-0.0013759574938312213,229.63225801379667,320.59704026579857
CLDN6,gene_top100_x64,0.7466666666666666,0.021825820293700136,-0.0013759574938312213,229.63225801379667,320.59704026579857
CLDN6,gene_top100_x256,0.7466666666666666,0.021825820293700136,-0.0013759574938312213,229.63225801379667,320.59704026579857
CLDN6,gene_top200_x16,0.7466666666666666,0.025782819922349067,-0.008873908615909823,229.63225801379667,320.59704026579857
CLDN6,gene_top200_x64,0.7466666666666666,0.025782819922349067,-0.008873908615909823,229.63225801379667,320.59704026579857
CLDN6,gene_top200_x256,0.7466666666666666,0.025782819922349067,-0.008873908615909823,229.63225801379667,320.59704026579857
CLDN6,prog,0.76,0.17116452745748592,-0.0012283799283093206,229.63225801379667,320.59704026579857
CLDN7,zero,0.74,0.0,0.0,229.35459083430032,288.218141105026
CLDN7,h1_mean,0.6533333333333333,-0.011123223094154675,-0.08034301822634286,229.35459083430032,288.218141105026
CLDN7,gene_direct,0.74,0.02722509954203004,0.0629571135191483,229.35459083430032,288.218141105026
CLDN7,gene_scaled,0.74,0.027225099542030052,0.06295711351914825,229.35459083430032,288.218141105026
CLDN7,gene_top50,0.7466666666666666,0.0014929180610289024,0.011596605244499085,229.35459083430032,288.218141105026
CLDN7,gene_top50_scaled,0.7466666666666666,0.0014929180610289033,0.011596605244499063,229.35459083430032,288.218141105026
CLDN7,gene_top100,0.7466666666666666,-0.00034504066342777015,0.01698641385238584,229.35459083430032,288.218141105026
CLDN7,gene_top100_scaled,0.7466666666666666,-0.0003450406634277695,0.01698641385238584,229.35459083430032,288.218141105026
CLDN7,gene_top200,0.74,-0.0012054933932407947,0.016213975731883015,229.35459083430032,288.218141105026
CLDN7,gene_top200_scaled,0.74,-0.0012054933932407936,0.016213975731883035,229.35459083430032,288.218141105026
CLDN7,gene_top500,0.74,0.008418217704447058,0.03742533210570456,229.35459083430032,288.218141105026
CLDN7,gene_top500_scaled,0.74,0.008418217704447057,0.03742533210570455,229.35459083430032,288.218141105026
CLDN7,gene_direct_x2,0.7533333333333333,0.02722509954203004,0.0629571135191483,229.35459083430032,288.218141105026
CLDN7,gene_direct_x4,0.7533333333333333,0.02722509954203004,0.0629571135191483,229.35459083430032,288.218141105026
CLDN7,gene_direct_x8,0.7666666666666666,0.02722509954203004,0.0629571135191483,229.35459083430032,288.218141105026
CLDN7,gene_direct_x16,0.7666666666666666,0.02722509954203004,0.0629571135191483,229.35459083430032,288.218141105026
CLDN7,gene_direct_x32,0.7666666666666666,0.02722509954203004,0.0629571135191483,229.35459083430032,288.218141105026
CLDN7,gene_direct_x64,0.76,0.02722509954203004,0.0629571135191483,229.35459083430032,288.218141105026
CLDN7,gene_direct_x128,0.76,0.02722509954203004,0.0629571135191483,229.35459083430032,288.218141105026
CLDN7,gene_direct_x256,0.76,0.02722509954203004,0.0629571135191483,229.35459083430032,288.218141105026
CLDN7,gene_top100_x16,0.7466666666666666,-0.00034504066342777015,0.01698641385238584,229.35459083430032,288.218141105026
CLDN7,gene_top100_x64,0.7466666666666666,-0.00034504066342777015,0.01698641385238584,229.35459083430032,288.218141105026
CLDN7,gene_top100_x256,0.7466666666666666,-0.00034504066342777015,0.01698641385238584,229.35459083430032,288.218141105026
CLDN7,gene_top200_x16,0.74,-0.0012054933932407947,0.016213975731883015,229.35459083430032,288.218141105026
CLDN7,gene_top200_x64,0.74,-0.0012054933932407947,0.016213975731883015,229.35459083430032,288.218141105026
CLDN7,gene_top200_x256,0.74,-0.0012054933932407947,0.016213975731883015,229.35459083430032,288.218141105026
CLDN7,prog,0.7333333333333334,0.052997535289731695,0.11795891960805892,229.35459083430032,288.218141105026
CREG1,zero,0.9333333333333333,0.0,0.0,131.32642961225793,197.46288588270545
CREG1,h1_mean,0.9,0.043297888179663624,0.05611750601636162,131.32642961225793,197.46288588270545
CREG1,gene_direct,0.9333333333333333,0.137458665512669,0.24665739439563691,131.32642961225793,197.46288588270545
CREG1,gene_scaled,0.9333333333333333,0.13745866551266891,0.24665739439563697,131.32642961225793,197.46288588270545
CREG1,gene_top50,0.9333333333333333,0.3246915015036071,0.40776208338750886,131.32642961225793,197.46288588270545
CREG1,gene_top50_scaled,0.9333333333333333,0.32469150150360704,0.40776208338751174,131.32642961225793,197.46288588270545
CREG1,gene_top100,0.9333333333333333,0.2743123360230821,0.34462401004696397,131.32642961225793,197.46288588270545
CREG1,gene_top100_scaled,0.9333333333333333,0.2743123360230821,0.3446240100469661,131.32642961225793,197.46288588270545
CREG1,gene_top200,0.9333333333333333,0.23549233298466898,0.2953161834381233,131.32642961225793,197.46288588270545
CREG1,gene_top200_scaled,0.9333333333333333,0.23549233298466907,0.2953161834381235,131.32642961225793,197.46288588270545
CREG1,gene_top500,0.9333333333333333,0.18738460896534426,0.2334212838395161,131.32642961225793,197.46288588270545
CREG1,gene_top500_scaled,0.9333333333333333,0.18738460896534428,0.23342128383951619,131.32642961225793,197.46288588270545
CREG1,gene_direct_x2,0.9333333333333333,0.137458665512669,0.24665739439563691,131.32642961225793,197.46288588270545
CREG1,gene_direct_x4,0.9333333333333333,0.137458665512669,0.24665739439563691,131.32642961225793,197.46288588270545
CREG1,gene_direct_x8,0.94,0.137458665512669,0.24665739439563691,131.32642961225793,197.46288588270545
CREG1,gene_direct_x16,0.9466666666666667,0.137458665512669,0.24665739439563691,131.32642961225793,197.46288588270545
CREG1,gene_direct_x32,0.9466666666666667,0.137458665512669,0.24665739439563691,131.32642961225793,197.46288588270545
CREG1,gene_direct_x64,0.9466666666666667,0.137458665512669,0.24665739439563691,131.32642961225793,197.46288588270545
CREG1,gene_direct_x128,0.94,0.137458665512669,0.24665739439563691,131.32642961225793,197.46288588270545
CREG1,gene_direct_x256,0.94,0.137458665512669,0.24665739439563691,131.32642961225793,197.46288588270545
CREG1,gene_top100_x16,0.9333333333333333,0.2743123360230821,0.34462401004696397,131.32642961225793,197.46288588270545
CREG1,gene_top100_x64,0.9333333333333333,0.2743123360230821,0.34462401004696397,131.32642961225793,197.46288588270545
CREG1,gene_top100_x256,0.9333333333333333,0.2743123360230821,0.34462401004696397,131.32642961225793,197.46288588270545
CREG1,gene_top200_x16,0.9333333333333333,0.23549233298466898,0.2953161834381233,131.32642961225793,197.46288588270545
CREG1,gene_top200_x64,0.9333333333333333,0.23549233298466898,0.2953161834381233,131.32642961225793,197.46288588270545
CREG1,gene_top200_x256,0.9333333333333333,0.23549233298466898,0.2953161834381233,131.32642961225793,197.46288588270545
CREG1,prog,0.9266666666666666,0.03901890123492407,0.009118895301888435,131.32642961225793,197.46288588270545
DAXX,zero,0.62,0.0,0.0,284.6158954460916,295.6516622873023
DAXX,h1_mean,0.6666666666666667,0.21707315897718257,0.20035821677025023,284.6158954460916,295.6516622873023
DAXX,gene_direct,0.7133333333333334,0.21739567101302568,0.31960482757954833,284.6158954460916,295.6516622873023
DAXX,gene_scaled,0.6533333333333333,0.21739567101302587,0.31960482757954845,284.6158954460916,295.6516622873023
DAXX,gene_top50,0.6333333333333333,0.22689894315903375,0.31346475382503214,284.6158954460916,295.6516622873023
DAXX,gene_top50_scaled,0.6266666666666667,0.22689894315903372,0.31346475382503297,284.6158954460916,295.6516622873023
DAXX,gene_top100,0.64,0.21601921739903618,0.29782591884490917,284.6158954460916,295.6516622873023
DAXX,gene_top100_scaled,0.6266666666666667,0.21601921739903618,0.29782591884490967,284.6158954460916,295.6516622873023
DAXX,gene_top200,0.6533333333333333,0.20436277552982673,0.28382407377350705,284.6158954460916,295.6516622873023
DAXX,gene_top200_scaled,0.6266666666666667,0.20436277552982685,0.28382407377350755,284.6158954460916,295.6516622873023
DAXX,gene_top500,0.6666666666666667,0.21161972147602662,0.2921055382091987,284.6158954460916,295.6516622873023
DAXX,gene_top500_scaled,0.6333333333333333,0.21161972147602656,0.29210553820919866,284.6158954460916,295.6516622873023
DAXX,gene_direct_x2,0.74,0.21739567101302568,0.31960482757954833,284.6158954460916,295.6516622873023
DAXX,gene_direct_x4,0.78,0.21739567101302568,0.31960482757954833,284.6158954460916,295.6516622873023
DAXX,gene_direct_x8,0.8533333333333333,0.21739567101302568,0.31960482757954833,284.6158954460916,295.6516622873023
DAXX,gene_direct_x16,0.9133333333333333,0.21739567101302568,0.31960482757954833,284.6158954460916,295.6516622873023
DAXX,gene_direct_x32,0.9666666666666667,0.21739567101302568,0.31960482757954833,284.6158954460916,295.6516622873023
DAXX,gene_direct_x64,0.9866666666666667,0.21739567101302568,0.31960482757954833,284.6158954460916,295.6516622873023
DAXX,gene_direct_x128,0.9866666666666667,0.21739567101302568,0.31960482757954833,284.6158954460916,295.6516622873023
DAXX,gene_direct_x256,0.9866666666666667,0.21739567101302568,0.31960482757954833,284.6158954460916,295.6516622873023
DAXX,gene_top100_x16,0.6533333333333333,0.21601921739903618,0.29782591884490917,284.6158954460916,295.6516622873023
DAXX,gene_top100_x64,0.6533333333333333,0.21601921739903618,0.29782591884490917,284.6158954460916,295.6516622873023
DAXX,gene_top100_x256,0.6533333333333333,0.21601921739903618,0.29782591884490917,284.6158954460916,295.6516622873023
DAXX,gene_top200_x16,0.6533333333333333,0.20436277552982673,0.28382407377350705,284.6158954460916,295.6516622873023
DAXX,gene_top200_x64,0.6533333333333333,0.20436277552982673,0.28382407377350705,284.6158954460916,295.6516622873023
DAXX,gene_top200_x256,0.6533333333333333,0.20436277552982673,0.28382407377350705,284.6158954460916,295.6516622873023
DAXX,prog,0.6533333333333333,0.0902786750972335,0.12445203638857631,284.6158954460916,295.6516622873023
DHCR24,zero,0.7533333333333333,0.0,0.0,219.41366998358717,270.9005469828844
DHCR24,h1_mean,0.7733333333333333,0.039831288206651834,0.17263753433923687,219.41366998358717,270.9005469828844
DHCR24,gene_direct,0.74,0.14152086774094738,0.21568671577942178,219.41366998358717,270.9005469828844
DHCR24,gene_scaled,0.7533333333333333,0.14152086774094733,0.21568671577942186,219.41366998358717,270.9005469828844
DHCR24,gene_top50,0.7533333333333333,0.3930080506182241,0.4311413795174162,219.41366998358717,270.9005469828844
DHCR24,gene_top50_scaled,0.7533333333333333,0.39300805061822414,0.43114137951741865,219.41366998358717,270.9005469828844
DHCR24,gene_top100,0.7533333333333333,0.33302481931128075,0.3599479700557709,219.41366998358717,270.9005469828844
DHCR24,gene_top100_scaled,0.7533333333333333,0.3330248193112809,0.3599479700557713,219.41366998358717,270.9005469828844
DHCR24,gene_top200,0.7533333333333333,0.27403598222208053,0.28557333599971996,219.41366998358717,270.9005469828844
DHCR24,gene_top200_scaled,0.7533333333333333,0.27403598222208075,0.28557333599972007,219.41366998358717,270.9005469828844
DHCR24,gene_top500,0.76,0.21879623749870505,0.21239113343808325,219.41366998358717,270.9005469828844
DHCR24,gene_top500_scaled,0.7533333333333333,0.21879623749870494,0.21239113343808236,219.41366998358717,270.9005469828844
DHCR24,gene_direct_x2,0.76,0.14152086774094738,0.21568671577942178,219.41366998358717,270.9005469828844
DHCR24,gene_direct_x4,0.7666666666666666,0.14152086774094738,0.21568671577942178,219.41366998358717,270.9005469828844
DHCR24,gene_direct_x8,0.7733333333333333,0.14152086774094738,0.21568671577942178,219.41366998358717,270.9005469828844
DHCR24,gene_direct_x16,0.7733333333333333,0.14152086774094738,0.21568671577942178,219.41366998358717,270.9005469828844
DHCR24,gene_direct_x32,0.7733333333333333,0.14152086774094738,0.21568671577942178,219.41366998358717,270.9005469828844
DHCR24,gene_direct_x64,0.7866666666666666,0.14152086774094738,0.21568671577942178,219.41366998358717,270.9005469828844
DHCR24,gene_direct_x128,0.78,0.14152086774094738,0.21568671577942178,219.41366998358717,270.9005469828844
DHCR24,gene_direct_x256,0.78,0.14152086774094738,0.21568671577942178,219.41366998358717,270.9005469828844
DHCR24,gene_top100_x16,0.7666666666666666,0.33302481931128075,0.3599479700557709,219.41366998358717,270.9005469828844
DHCR24,gene_top100_x64,0.7666666666666666,0.33302481931128075,0.3599479700557709,219.41366998358717,270.9005469828844
DHCR24,gene_top100_x256,0.7666666666666666,0.33302481931128075,0.3599479700557709,219.41366998358717,270.9005469828844
DHCR24,gene_top200_x16,0.7666666666666666,0.27403598222208053,0.28557333599971996,219.41366998358717,270.9005469828844
DHCR24,gene_top200_x64,0.7666666666666666,0.27403598222208053,0.28557333599971996,219.41366998358717,270.9005469828844
DHCR24,gene_top200_x256,0.7666666666666666,0.27403598222208053,0.28557333599971996,219.41366998358717,270.9005469828844
DHCR24,prog,0.7333333333333334,-0.023708531140066873,-0.16659416031021884,219.41366998358717,270.9005469828844
DHX36,zero,0.07999999999999996,0.0,0.0,1279.046007136316,392.18806415647265
DHX36,h1_mean,0.06666666666666665,0.17303241787523888,0.41004278098956753,1279.046007136316,392.18806415647265
DHX36,gene_direct,0.10666666666666669,0.4272226755520059,0.5709382490060094,1279.046007136316,392.18806415647265
DHX36,gene_scaled,0.07999999999999996,0.42722267555200594,0.5709382490060092,1279.046007136316,392.18806415647265
DHX36,gene_top50,0.07999999999999996,0.17993496120983735,0.30429411421187746,1279.046007136316,392.18806415647265
DHX36,gene_top50_scaled,0.07999999999999996,0.17993496120983726,0.3042941142118779,1279.046007136316,392.18806415647265
DHX36,gene_top100,0.07999999999999996,0.19091136229105182,0.32697061157869434,1279.046007136316,392.18806415647265
DHX36,gene_top100_scaled,0.07999999999999996,0.19091136229105177,0.3269706115786938,1279.046007136316,392.18806415647265
DHX36,gene_top200,0.07999999999999996,0.21980714043504554,0.36427380595391584,1279.046007136316,392.18806415647265
DHX36,gene_top200_scaled,0.07999999999999996,0.21980714043504554,0.3642738059539157,1279.046007136316,392.18806415647265
DHX36,gene_top500,0.09333333333333338,0.27447281705373083,0.458099343220425,1279.046007136316,392.18806415647265
DHX36,gene_top500_scaled,0.07999999999999996,0.27447281705373094,0.45809934322042456,1279.046007136316,392.18806415647265
DHX36,gene_direct_x2,0.18000000000000005,0.4272226755520059,0.5709382490060094,1279.046007136316,392.18806415647265
DHX36,gene_direct_x4,0.31333333333333335,0.4272226755520059,0.5709382490060094,1279.046007136316,392.18806415647265
DHX36,gene_direct_x8,1.0,0.4272226755520059,0.5709382490060094,1279.046007136316,392.18806415647265
DHX36,gene_direct_x16,1.0,0.4272226755520059,0.5709382490060094,1279.046007136316,392.18806415647265
DHX36,gene_direct_x32,1.0,0.4272226755520059,0.5709382490060094,1279.046007136316,392.18806415647265
DHX36,gene_direct_x64,1.0,0.4272226755520059,0.5709382490060094,1279.046007136316,392.18806415647265
DHX36,gene_direct_x128,1.0,0.4272226755520059,0.5709382490060094,1279.046007136316,392.18806415647265
DHX36,gene_direct_x256,1.0,0.4272226755520059,0.5709382490060094,1279.046007136316,392.18806415647265
DHX36,gene_top100_x16,0.07999999999999996,0.19091136229105182,0.32697061157869434,1279.046007136316,392.18806415647265
DHX36,gene_top100_x64,0.07999999999999996,0.19091136229105182,0.32697061157869434,1279.046007136316,392.18806415647265
DHX36,gene_top100_x256,0.07999999999999996,0.19091136229105182,0.32697061157869434,1279.046007136316,392.18806415647265
DHX36,gene_top200_x16,0.09333333333333338,0.21980714043504554,0.36427380595391584,1279.046007136316,392.18806415647265
DHX36,gene_top200_x64,0.09333333333333338,0.21980714043504554,0.36427380595391584,1279.046007136316,392.18806415647265
DHX36,gene_top200_x256,0.09333333333333338,0.21980714043504554,0.36427380595391584,1279.046007136316,392.18806415647265
DHX36,prog,0.09333333333333338,0.3196520889733087,0.49522161524740654,1279.046007136316,392.18806415647265
DLG5,zero,0.5266666666666666,0.0,0.0,345.2914160946566,234.46335976943374
DLG5,h1_mean,0.5933333333333333,0.2917354960390456,0.07304653112840445,345.2914160946566,234.46335976943374
DLG5,gene_direct,0.5066666666666666,0.03801336844551421,0.13194613784202233,345.2914160946566,234.46335976943374
DLG5,gene_scaled,0.5266666666666666,0.038013368445514215,0.13194613784202214,345.2914160946566,234.46335976943374
DLG5,gene_top50,0.5266666666666666,0.08840614272799797,0.12723046523285925,345.2914160946566,234.46335976943374
DLG5,gene_top50_scaled,0.5266666666666666,0.08840614272799797,0.12723046523286002,345.2914160946566,234.46335976943374
DLG5,gene_top100,0.5266666666666666,0.06975233394808221,0.1207019855012839,345.2914160946566,234.46335976943374
DLG5,gene_top100_scaled,0.5266666666666666,0.06975233394808221,0.12070198550128348,345.2914160946566,234.46335976943374
DLG5,gene_top200,0.5266666666666666,0.05985852413945142,0.116801835419278,345.2914160946566,234.46335976943374
DLG5,gene_top200_scaled,0.5266666666666666,0.05985852413945139,0.11680183541927779,345.2914160946566,234.46335976943374
DLG5,gene_top500,0.5266666666666666,0.05474702825500973,0.12614749284523463,345.2914160946566,234.46335976943374
DLG5,gene_top500_scaled,0.5266666666666666,0.0547470282550097,0.12614749284523424,345.2914160946566,234.46335976943374
DLG5,gene_direct_x2,0.4866666666666667,0.03801336844551421,0.13194613784202233,345.2914160946566,234.46335976943374
DLG5,gene_direct_x4,0.4866666666666667,0.03801336844551421,0.13194613784202233,345.2914160946566,234.46335976943374
DLG5,gene_direct_x8,0.4866666666666667,0.03801336844551421,0.13194613784202233,345.2914160946566,234.46335976943374
DLG5,gene_direct_x16,0.4933333333333333,0.03801336844551421,0.13194613784202233,345.2914160946566,234.46335976943374
DLG5,gene_direct_x32,0.4933333333333333,0.03801336844551421,0.13194613784202233,345.2914160946566,234.46335976943374
DLG5,gene_direct_x64,0.4933333333333333,0.03801336844551421,0.13194613784202233,345.2914160946566,234.46335976943374
DLG5,gene_direct_x128,0.4733333333333334,0.03801336844551421,0.13194613784202233,345.2914160946566,234.46335976943374
DLG5,gene_direct_x256,0.4666666666666667,0.03801336844551421,0.13194613784202233,345.2914160946566,234.46335976943374
DLG5,gene_top100_x16,0.5266666666666666,0.06975233394808221,0.1207019855012839,345.2914160946566,234.46335976943374
DLG5,gene_top100_x64,0.5266666666666666,0.06975233394808221,0.1207019855012839,345.2914160946566,234.46335976943374
DLG5,gene_top100_x256,0.5266666666666666,0.06975233394808221,0.1207019855012839,345.2914160946566,234.46335976943374
DLG5,gene_top200_x16,0.5266666666666666,0.05985852413945142,0.116801835419278,345.2914160946566,234.46335976943374
DLG5,gene_top200_x64,0.5266666666666666,0.05985852413945142,0.116801835419278,345.2914160946566,234.46335976943374
DLG5,gene_top200_x256,0.5266666666666666,0.05985852413945142,0.116801835419278,345.2914160946566,234.46335976943374
DLG5,prog,0.5133333333333333,-0.028067243327630484,0.10266828130967984,345.2914160946566,234.46335976943374
DNAJA3,zero,0.06666666666666665,0.0,0.0,1354.5528998880072,312.54262108784167
DNAJA3,h1_mean,0.07333333333333336,0.63546534151347,0.5816803610244896,1354.5528998880072,312.54262108784167
DNAJA3,gene_direct,0.09333333333333338,0.3718686124782697,0.38612153021579343,1354.5528998880072,312.54262108784167
DNAJA3,gene_scaled,0.06666666666666665,0.3718686124782696,0.38612153021579326,1354.5528998880072,312.54262108784167
DNAJA3,gene_top50,0.07333333333333336,0.15461556040023566,0.22158691460839905,1354.5528998880072,312.54262108784167
DNAJA3,gene_top50_scaled,0.06666666666666665,0.1546155604002357,0.22158691460839905,1354.5528998880072,312.54262108784167
DNAJA3,gene_top100,0.07333333333333336,0.1773902914946012,0.2515722808429864,1354.5528998880072,312.54262108784167
DNAJA3,gene_top100_scaled,0.06666666666666665,0.17739029149460117,0.2515722808429863,1354.5528998880072,312.54262108784167
DNAJA3,gene_top200,0.07333333333333336,0.20761407951081953,0.2780116827961967,1354.5528998880072,312.54262108784167
DNAJA3,gene_top200_scaled,0.06666666666666665,0.2076140795108195,0.27801168279619687,1354.5528998880072,312.54262108784167
DNAJA3,gene_top500,0.07333333333333336,0.2628083761593019,0.32402339792523016,1354.5528998880072,312.54262108784167
DNAJA3,gene_top500_scaled,0.06666666666666665,0.2628083761593019,0.32402339792523005,1354.5528998880072,312.54262108784167
DNAJA3,gene_direct_x2,0.10666666666666669,0.3718686124782697,0.38612153021579343,1354.5528998880072,312.54262108784167
DNAJA3,gene_direct_x4,0.18666666666666665,0.3718686124782697,0.38612153021579343,1354.5528998880072,312.54262108784167
DNAJA3,gene_direct_x8,0.33999999999999997,0.3718686124782697,0.38612153021579343,1354.5528998880072,312.54262108784167
DNAJA3,gene_direct_x16,0.96,0.3718686124782697,0.38612153021579343,1354.5528998880072,312.54262108784167
DNAJA3,gene_direct_x32,0.9933333333333333,0.3718686124782697,0.38612153021579343,1354.5528998880072,312.54262108784167
DNAJA3,gene_direct_x64,0.9933333333333333,0.3718686124782697,0.38612153021579343,1354.5528998880072,312.54262108784167
DNAJA3,gene_direct_x128,0.9933333333333333,0.3718686124782697,0.38612153021579343,1354.5528998880072,312.54262108784167
DNAJA3,gene_direct_x256,0.9933333333333333,0.3718686124782697,0.38612153021579343,1354.5528998880072,312.54262108784167
DNAJA3,gene_top100_x16,0.07333333333333336,0.1773902914946012,0.2515722808429864,1354.5528998880072,312.54262108784167
DNAJA3,gene_top100_x64,0.07333333333333336,0.1773902914946012,0.2515722808429864,1354.5528998880072,312.54262108784167
DNAJA3,gene_top100_x256,0.07333333333333336,0.1773902914946012,0.2515722808429864,1354.5528998880072,312.54262108784167
DNAJA3,gene_top200_x16,0.07999999999999996,0.20761407951081953,0.2780116827961967,1354.5528998880072,312.54262108784167
DNAJA3,gene_top200_x64,0.07999999999999996,0.20761407951081953,0.2780116827961967,1354.5528998880072,312.54262108784167
DNAJA3,gene_top200_x256,0.07999999999999996,0.20761407951081953,0.2780116827961967,1354.5528998880072,312.54262108784167
DNAJA3,prog,0.11333333333333329,0.4778592042105251,0.4568290704341154,1354.5528998880072,312.54262108784167
DNMT1,zero,0.09333333333333338,0.0,0.0,1217.1912972959708,337.08592293970287
DNMT1,h1_mean,0.08666666666666667,0.202005658739488,0.2854013844586703,1217.1912972959708,337.08592293970287
DNMT1,gene_direct,0.09333333333333338,0.14994357957055082,0.19685377880037852,1217.1912972959708,337.08592293970287
DNMT1,gene_scaled,0.09333333333333338,0.1499435795705508,0.19685377880037824,1217.1912972959708,337.08592293970287
DNMT1,gene_top50,0.09333333333333338,0.10627694134884758,0.14384229089951056,1217.1912972959708,337.08592293970287
DNMT1,gene_top50_scaled,0.09333333333333338,0.10627694134884755,0.14384229089951076,1217.1912972959708,337.08592293970287
DNMT1,gene_top100,0.09333333333333338,0.1155263921148041,0.15713868228739947,1217.1912972959708,337.08592293970287
DNMT1,gene_top100_scaled,0.09333333333333338,0.11552639211480417,0.15713868228739958,1217.1912972959708,337.08592293970287
DNMT1,gene_top200,0.09333333333333338,0.11560884557742333,0.16038497762116002,1217.1912972959708,337.08592293970287
DNMT1,gene_top200_scaled,0.09333333333333338,0.11560884557742335,0.16038497762116008,1217.1912972959708,337.08592293970287
DNMT1,gene_top500,0.09333333333333338,0.12564160260381366,0.17789931300251793,1217.1912972959708,337.08592293970287
DNMT1,gene_top500_scaled,0.09333333333333338,0.12564160260381368,0.1778993130025178,1217.1912972959708,337.08592293970287
DNMT1,gene_direct_x2,0.09333333333333338,0.14994357957055082,0.19685377880037852,1217.1912972959708,337.08592293970287
DNMT1,gene_direct_x4,0.08666666666666667,0.14994357957055082,0.19685377880037852,1217.1912972959708,337.08592293970287
DNMT1,gene_direct_x8,0.07333333333333336,0.14994357957055082,0.19685377880037852,1217.1912972959708,337.08592293970287
DNMT1,gene_direct_x16,0.06666666666666665,0.14994357957055082,0.19685377880037852,1217.1912972959708,337.08592293970287
DNMT1,gene_direct_x32,0.07333333333333336,0.14994357957055082,0.19685377880037852,1217.1912972959708,337.08592293970287
DNMT1,gene_direct_x64,0.08666666666666667,0.14994357957055082,0.19685377880037852,1217.1912972959708,337.08592293970287
DNMT1,gene_direct_x128,0.06666666666666665,0.14994357957055082,0.19685377880037852,1217.1912972959708,337.08592293970287
DNMT1,gene_direct_x256,0.06000000000000005,0.14994357957055082,0.19685377880037852,1217.1912972959708,337.08592293970287
DNMT1,gene_top100_x16,0.09333333333333338,0.1155263921148041,0.15713868228739947,1217.1912972959708,337.08592293970287
DNMT1,gene_top100_x64,0.09333333333333338,0.1155263921148041,0.15713868228739947,1217.1912972959708,337.08592293970287
DNMT1,gene_top100_x256,0.09333333333333338,0.1155263921148041,0.15713868228739947,1217.1912972959708,337.08592293970287
DNMT1,gene_top200_x16,0.09333333333333338,0.11560884557742333,0.16038497762116002,1217.1912972959708,337.08592293970287
DNMT1,gene_top200_x64,0.09333333333333338,0.11560884557742333,0.16038497762116002,1217.1912972959708,337.08592293970287
DNMT1,gene_top200_x256,0.09333333333333338,0.11560884557742333,0.16038497762116002,1217.1912972959708,337.08592293970287
DNMT1,prog,0.09333333333333338,0.09878965415869632,0.12908209341730253,1217.1912972959708,337.08592293970287
EID2,zero,0.8066666666666666,0.0,0.0,182.26110675808377,291.4010339900851
EID2,h1_mean,0.5800000000000001,-0.33882676791070965,-0.0775337570598056,182.26110675808377,291.4010339900851
EID2,gene_direct,0.8333333333333334,0.04306761713028416,0.0394226867639959,182.26110675808377,291.4010339900851
EID2,gene_scaled,0.8066666666666666,0.04306761713028413,0.03942268676399582,182.26110675808377,291.4010339900851
EID2,gene_top50,0.8066666666666666,0.07637636568978194,0.08881323640357708,182.26110675808377,291.4010339900851
EID2,gene_top50_scaled,0.8066666666666666,0.07637636568978193,0.08881323640357712,182.26110675808377,291.4010339900851
EID2,gene_top100,0.8066666666666666,0.06806932217314487,0.07086616087832907,182.26110675808377,291.4010339900851
EID2,gene_top100_scaled,0.8066666666666666,0.06806932217314489,0.07086616087832891,182.26110675808377,291.4010339900851
EID2,gene_top200,0.8066666666666666,0.07205451547261997,0.0674062885580345,182.26110675808377,291.4010339900851
EID2,gene_top200_scaled,0.8066666666666666,0.07205451547262,0.06740628855803439,182.26110675808377,291.4010339900851
EID2,gene_top500,0.8066666666666666,0.06446223070755844,0.04052409162048356,182.26110675808377,291.4010339900851
EID2,gene_top500_scaled,0.8066666666666666,0.06446223070755842,0.040524091620483704,182.26110675808377,291.4010339900851
EID2,gene_direct_x2,0.8533333333333333,0.04306761713028416,0.0394226867639959,182.26110675808377,291.4010339900851
EID2,gene_direct_x4,0.86,0.04306761713028416,0.0394226867639959,182.26110675808377,291.4010339900851
EID2,gene_direct_x8,0.88,0.04306761713028416,0.0394226867639959,182.26110675808377,291.4010339900851
EID2,gene_direct_x16,0.8666666666666667,0.04306761713028416,0.0394226867639959,182.26110675808377,291.4010339900851
EID2,gene_direct_x32,0.8733333333333333,0.04306761713028416,0.0394226867639959,182.26110675808377,291.4010339900851
EID2,gene_direct_x64,0.8733333333333333,0.04306761713028416,0.0394226867639959,182.26110675808377,291.4010339900851
EID2,gene_direct_x128,0.8733333333333333,0.04306761713028416,0.0394226867639959,182.26110675808377,291.4010339900851
EID2,gene_direct_x256,0.8733333333333333,0.04306761713028416,0.0394226867639959,182.26110675808377,291.4010339900851
EID2,gene_top100_x16,0.8066666666666666,0.06806932217314487,0.07086616087832907,182.26110675808377,291.4010339900851
EID2,gene_top100_x64,0.8066666666666666,0.06806932217314487,0.07086616087832907,182.26110675808377,291.4010339900851
EID2,gene_top100_x256,0.8066666666666666,0.06806932217314487,0.07086616087832907,182.26110675808377,291.4010339900851
EID2,gene_top200_x16,0.8200000000000001,0.07205451547261997,0.0674062885580345,182.26110675808377,291.4010339900851
EID2,gene_top200_x64,0.8200000000000001,0.07205451547261997,0.0674062885580345,182.26110675808377,291.4010339900851
EID2,gene_top200_x256,0.8200000000000001,0.07205451547261997,0.0674062885580345,182.26110675808377,291.4010339900851
EID2,prog,0.84,0.14398109647415935,0.019052643823904657,182.26110675808377,291.4010339900851
EIF4B,zero,0.3666666666666667,0.0,0.0,503.7977523695263,208.19898238908502
EIF4B,h1_mean,0.30666666666666664,0.01581981690046613,-0.06855217993150019,503.7977523695263,208.19898238908502
EIF4B,gene_direct,0.3933333333333333,0.38990863503382195,0.5478425926971778,503.7977523695263,208.19898238908502
EIF4B,gene_scaled,0.3733333333333333,0.38990863503382195,0.5478425926971775,503.7977523695263,208.19898238908502
EIF4B,gene_top50,0.3733333333333333,0.36533801567907653,0.5014728335551649,503.7977523695263,208.19898238908502
EIF4B,gene_top50_scaled,0.3666666666666667,0.3653380156790766,0.5014728335551624,503.7977523695263,208.19898238908502
EIF4B,gene_top100,0.3733333333333333,0.36248191790382034,0.49639370169862623,503.7977523695263,208.19898238908502
EIF4B,gene_top100_scaled,0.3666666666666667,0.36248191790382034,0.49639370169862596,503.7977523695263,208.19898238908502
EIF4B,gene_top200,0.38,0.36925364811607353,0.5021316053349287,503.7977523695263,208.19898238908502
EIF4B,gene_top200_scaled,0.3666666666666667,0.36925364811607353,0.5021316053349284,503.7977523695263,208.19898238908502
EIF4B,gene_top500,0.38,0.3722802174668833,0.5029755350183455,503.7977523695263,208.19898238908502
EIF4B,gene_top500_scaled,0.3666666666666667,0.37228021746688306,0.5029755350183454,503.7977523695263,208.19898238908502
EIF4B,gene_direct_x2,0.43999999999999995,0.38990863503382195,0.5478425926971778,503.7977523695263,208.19898238908502
EIF4B,gene_direct_x4,0.54,0.38990863503382195,0.5478425926971778,503.7977523695263,208.19898238908502
EIF4B,gene_direct_x8,0.72,0.38990863503382195,0.5478425926971778,503.7977523695263,208.19898238908502
EIF4B,gene_direct_x16,0.9533333333333334,0.38990863503382195,0.5478425926971778,503.7977523695263,208.19898238908502
EIF4B,gene_direct_x32,0.98,0.38990863503382195,0.5478425926971778,503.7977523695263,208.19898238908502
EIF4B,gene_direct_x64,0.98,0.38990863503382195,0.5478425926971778,503.7977523695263,208.19898238908502
EIF4B,gene_direct_x128,0.9733333333333334,0.38990863503382195,0.5478425926971778,503.7977523695263,208.19898238908502
EIF4B,gene_direct_x256,0.9533333333333334,0.38990863503382195,0.5478425926971778,503.7977523695263,208.19898238908502
EIF4B,gene_top100_x16,0.38,0.36248191790382034,0.49639370169862623,503.7977523695263,208.19898238908502
EIF4B,gene_top100_x64,0.38,0.36248191790382034,0.49639370169862623,503.7977523695263,208.19898238908502
EIF4B,gene_top100_x256,0.38,0.36248191790382034,0.49639370169862623,503.7977523695263,208.19898238908502
EIF4B,gene_top200_x16,0.3866666666666667,0.36925364811607353,0.5021316053349287,503.7977523695263,208.19898238908502
EIF4B,gene_top200_x64,0.3866666666666667,0.36925364811607353,0.5021316053349287,503.7977523695263,208.19898238908502
EIF4B,gene_top200_x256,0.3866666666666667,0.36925364811607353,0.5021316053349287,503.7977523695263,208.19898238908502
EIF4B,prog,0.3466666666666667,0.2046051098552384,0.2023830995477758,503.7977523695263,208.19898238908502
EPB41L2,zero,0.1466666666666666,0.0,0.0,1054.3737970006805,312.0910758180544
EPB41L2,h1_mean,0.11333333333333329,0.17633199008050676,0.4391479594621389,1054.3737970006805,312.0910758180544
EPB41L2,gene_direct,0.18000000000000005,0.25825518884796067,0.33735490524951767,1054.3737970006805,312.0910758180544
EPB41L2,gene_scaled,0.1466666666666666,0.2582551888479607,0.3373549052495174,1054.3737970006805,312.0910758180544
EPB41L2,gene_top50,0.1466666666666666,0.20541092121458432,0.2931819818671034,1054.3737970006805,312.0910758180544
EPB41L2,gene_top50_scaled,0.1466666666666666,0.20541092121458437,0.29318198186710226,1054.3737970006805,312.0910758180544
EPB41L2,gene_top100,0.1466666666666666,0.22201218025130745,0.3184944916074515,1054.3737970006805,312.0910758180544
EPB41L2,gene_top100_scaled,0.1466666666666666,0.22201218025130745,0.3184944916074526,1054.3737970006805,312.0910758180544
EPB41L2,gene_top200,0.1466666666666666,0.22725254268158157,0.32231963109438616,1054.3737970006805,312.0910758180544
EPB41L2,gene_top200_scaled,0.1466666666666666,0.22725254268158163,0.3223196310943856,1054.3737970006805,312.0910758180544
EPB41L2,gene_top500,0.1466666666666666,0.22954522742213687,0.3178566201784521,1054.3737970006805,312.0910758180544
EPB41L2,gene_top500_scaled,0.1466666666666666,0.22954522742213687,0.31785662017845195,1054.3737970006805,312.0910758180544
EPB41L2,gene_direct_x2,0.18000000000000005,0.25825518884796067,0.33735490524951767,1054.3737970006805,312.0910758180544
EPB41L2,gene_direct_x4,0.21999999999999997,0.25825518884796067,0.33735490524951767,1054.3737970006805,312.0910758180544
EPB41L2,gene_direct_x8,0.2733333333333333,0.25825518884796067,0.33735490524951767,1054.3737970006805,312.0910758180544
EPB41L2,gene_direct_x16,0.4666666666666667,0.25825518884796067,0.33735490524951767,1054.3737970006805,312.0910758180544
EPB41L2,gene_direct_x32,0.6933333333333334,0.25825518884796067,0.33735490524951767,1054.3737970006805,312.0910758180544
EPB41L2,gene_direct_x64,0.98,0.25825518884796067,0.33735490524951767,1054.3737970006805,312.0910758180544
EPB41L2,gene_direct_x128,1.0,0.25825518884796067,0.33735490524951767,1054.3737970006805,312.0910758180544
EPB41L2,gene_direct_x256,1.0,0.25825518884796067,0.33735490524951767,1054.3737970006805,312.0910758180544
EPB41L2,gene_top100_x16,0.15333333333333332,0.22201218025130745,0.3184944916074515,1054.3737970006805,312.0910758180544
EPB41L2,gene_top100_x64,0.15333333333333332,0.22201218025130745,0.3184944916074515,1054.3737970006805,312.0910758180544
EPB41L2,gene_top100_x256,0.15333333333333332,0.22201218025130745,0.3184944916074515,1054.3737970006805,312.0910758180544
EPB41L2,gene_top200_x16,0.15333333333333332,0.22725254268158157,0.32231963109438616,1054.3737970006805,312.0910758180544
EPB41L2,gene_top200_x64,0.15333333333333332,0.22725254268158157,0.32231963109438616,1054.3737970006805,312.0910758180544
EPB41L2,gene_top200_x256,0.15333333333333332,0.22725254268158157,0.32231963109438616,1054.3737970006805,312.0910758180544
EPB41L2,prog,0.16666666666666663,0.15827980040296466,0.1343810692995597,1054.3737970006805,312.0910758180544
EPHB4,zero,0.23333333333333328,0.0,0.0,773.076519006132,210.03167333081365
EPHB4,h1_mean,0.2466666666666667,0.6970387134433204,0.559817887832256,773.076519006132,210.03167333081365
EPHB4,gene_direct,0.23333333333333328,0.0643510269743272,0.12313761962830869,773.076519006132,210.03167333081365
EPHB4,gene_scaled,0.23333333333333328,0.06435102697432718,0.12313761962830869,773.076519006132,210.03167333081365
EPHB4,gene_top50,0.23333333333333328,0.08880309689598963,0.11972888273934638,773.076519006132,210.03167333081365
EPHB4,gene_top50_scaled,0.23333333333333328,0.08880309689598959,0.11972888273934583,773.076519006132,210.03167333081365
EPHB4,gene_top100,0.23333333333333328,0.0694611570824893,0.09688471729606536,773.076519006132,210.03167333081365
EPHB4,gene_top100_scaled,0.23333333333333328,0.06946115708248929,0.09688471729606558,773.076519006132,210.03167333081365
EPHB4,gene_top200,0.23333333333333328,0.07142108790630675,0.11267568825991738,773.076519006132,210.03167333081365
EPHB4,gene_top200_scaled,0.23333333333333328,0.07142108790630673,0.11267568825991699,773.076519006132,210.03167333081365
EPHB4,gene_top500,0.23333333333333328,0.06239445960380183,0.09665283036737596,773.076519006132,210.03167333081365
EPHB4,gene_top500_scaled,0.23333333333333328,0.06239445960380179,0.09665283036737583,773.076519006132,210.03167333081365
EPHB4,gene_direct_x2,0.23333333333333328,0.0643510269743272,0.12313761962830869,773.076519006132,210.03167333081365
EPHB4,gene_direct_x4,0.2533333333333333,0.0643510269743272,0.12313761962830869,773.076519006132,210.03167333081365
EPHB4,gene_direct_x8,0.26,0.0643510269743272,0.12313761962830869,773.076519006132,210.03167333081365
EPHB4,gene_direct_x16,0.2666666666666667,0.0643510269743272,0.12313761962830869,773.076519006132,210.03167333081365
EPHB4,gene_direct_x32,0.2666666666666667,0.0643510269743272,0.12313761962830869,773.076519006132,210.03167333081365
EPHB4,gene_direct_x64,0.2666666666666667,0.0643510269743272,0.12313761962830869,773.076519006132,210.03167333081365
EPHB4,gene_direct_x128,0.2733333333333333,0.0643510269743272,0.12313761962830869,773.076519006132,210.03167333081365
EPHB4,gene_direct_x256,0.2733333333333333,0.0643510269743272,0.12313761962830869,773.076519006132,210.03167333081365
EPHB4,gene_top100_x16,0.23333333333333328,0.0694611570824893,0.09688471729606536,773.076519006132,210.03167333081365
EPHB4,gene_top100_x64,0.23333333333333328,0.0694611570824893,0.09688471729606536,773.076519006132,210.03167333081365
EPHB4,gene_top100_x256,0.23333333333333328,0.0694611570824893,0.09688471729606536,773.076519006132,210.03167333081365
EPHB4,gene_top200_x16,0.23333333333333328,0.07142108790630675,0.11267568825991738,773.076519006132,210.03167333081365
EPHB4,gene_top200_x64,0.23333333333333328,0.07142108790630675,0.11267568825991738,773.076519006132,210.03167333081365
EPHB4,gene_top200_x256,0.23333333333333328,0.07142108790630675,0.11267568825991738,773.076519006132,210.03167333081365
EPHB4,prog,0.23333333333333328,0.20487125260811453,0.22035256808697587,773.076519006132,210.03167333081365
ETV4,zero,0.19333333333333336,0.0,0.0,820.8018508805653,595.7482893932611
ETV4,h1_mean,0.20666666666666667,0.2970584762530011,0.47900837773469407,820.8018508805653,595.7482893932611
ETV4,gene_direct,0.21333333333333337,0.22946941130230553,0.323328054583606,820.8018508805653,595.7482893932611
ETV4,gene_scaled,0.19999999999999996,0.22946941130230547,0.32332805458360625,820.8018508805653,595.7482893932611
ETV4,gene_top50,0.19333333333333336,0.15539965536157188,0.21559997335557465,820.8018508805653,595.7482893932611
ETV4,gene_top50_scaled,0.19333333333333336,0.1553996553615719,0.2155999733555746,820.8018508805653,595.7482893932611
ETV4,gene_top100,0.19333333333333336,0.1693024817248378,0.23578407405441362,820.8018508805653,595.7482893932611
ETV4,gene_top100_scaled,0.19333333333333336,0.1693024817248378,0.23578407405441326,820.8018508805653,595.7482893932611
ETV4,gene_top200,0.19999999999999996,0.18196187753618312,0.25899848732968106,820.8018508805653,595.7482893932611
ETV4,gene_top200_scaled,0.19333333333333336,0.18196187753618304,0.2589984873296811,820.8018508805653,595.7482893932611
ETV4,gene_top500,0.19999999999999996,0.19124978446951765,0.2756754249700032,820.8018508805653,595.7482893932611
ETV4,gene_top500_scaled,0.19333333333333336,0.19124978446951765,0.2756754249700028,820.8018508805653,595.7482893932611
ETV4,gene_direct_x2,0.20666666666666667,0.22946941130230553,0.323328054583606,820.8018508805653,595.7482893932611
ETV4,gene_direct_x4,0.21999999999999997,0.22946941130230553,0.323328054583606,820.8018508805653,595.7482893932611
ETV4,gene_direct_x8,0.28,0.22946941130230553,0.323328054583606,820.8018508805653,595.7482893932611
ETV4,gene_direct_x16,0.33999999999999997,0.22946941130230553,0.323328054583606,820.8018508805653,595.7482893932611
ETV4,gene_direct_x32,0.43333333333333335,0.22946941130230553,0.323328054583606,820.8018508805653,595.7482893932611
ETV4,gene_direct_x64,0.4733333333333334,0.22946941130230553,0.323328054583606,820.8018508805653,595.7482893932611
ETV4,gene_direct_x128,0.5066666666666666,0.22946941130230553,0.323328054583606,820.8018508805653,595.7482893932611
ETV4,gene_direct_x256,0.5266666666666666,0.22946941130230553,0.323328054583606,820.8018508805653,595.7482893932611
ETV4,gene_top100_x16,0.19333333333333336,0.1693024817248378,0.23578407405441362,820.8018508805653,595.7482893932611
ETV4,gene_top100_x64,0.19333333333333336,0.1693024817248378,0.23578407405441362,820.8018508805653,595.7482893932611
ETV4,gene_top100_x256,0.19333333333333336,0.1693024817248378,0.23578407405441362,820.8018508805653,595.7482893932611
ETV4,gene_top200_x16,0.19999999999999996,0.18196187753618312,0.25899848732968106,820.8018508805653,595.7482893932611
ETV4,gene_top200_x64,0.19999999999999996,0.18196187753618312,0.25899848732968106,820.8018508805653,595.7482893932611
ETV4,gene_top200_x256,0.19999999999999996,0.18196187753618312,0.25899848732968106,820.8018508805653,595.7482893932611
ETV4,prog,0.19333333333333336,0.19713656092757398,0.24832177802473696,820.8018508805653,595.7482893932611
EWSR1,zero,0.18666666666666665,0.0,0.0,838.9224797488241,224.35977466516198
EWSR1,h1_mean,0.14,-0.3949404288737936,0.3529957402924523,838.9224797488241,224.35977466516198
EWSR1,gene_direct,0.22666666666666668,0.2852510534091751,0.38648401371841956,838.9224797488241,224.35977466516198
EWSR1,gene_scaled,0.18666666666666665,0.2852510534091752,0.3864840137184197,838.9224797488241,224.35977466516198
EWSR1,gene_top50,0.18666666666666665,0.17598333659291326,0.40552685762406887,838.9224797488241,224.35977466516198
EWSR1,gene_top50_scaled,0.18666666666666665,0.17598333659291326,0.40552685762406965,838.9224797488241,224.35977466516198
EWSR1,gene_top100,0.18666666666666665,0.18001622374630588,0.38012654747020036,838.9224797488241,224.35977466516198
EWSR1,gene_top100_scaled,0.18666666666666665,0.18001622374630583,0.38012654747020014,838.9224797488241,224.35977466516198
EWSR1,gene_top200,0.18666666666666665,0.18517355958630813,0.35184524599471373,838.9224797488241,224.35977466516198
EWSR1,gene_top200_scaled,0.18666666666666665,0.18517355958630818,0.35184524599471356,838.9224797488241,224.35977466516198
EWSR1,gene_top500,0.19333333333333336,0.2083741409443556,0.33401235051495065,838.9224797488241,224.35977466516198
EWSR1,gene_top500_scaled,0.18666666666666665,0.20837414094435555,0.3340123505149502,838.9224797488241,224.35977466516198
EWSR1,gene_direct_x2,0.26,0.2852510534091751,0.38648401371841956,838.9224797488241,224.35977466516198
EWSR1,gene_direct_x4,0.31999999999999995,0.2852510534091751,0.38648401371841956,838.9224797488241,224.35977466516198
EWSR1,gene_direct_x8,0.5066666666666666,0.2852510534091751,0.38648401371841956,838.9224797488241,224.35977466516198
EWSR1,gene_direct_x16,0.8733333333333333,0.2852510534091751,0.38648401371841956,838.9224797488241,224.35977466516198
EWSR1,gene_direct_x32,1.0,0.2852510534091751,0.38648401371841956,838.9224797488241,224.35977466516198
EWSR1,gene_direct_x64,1.0,0.2852510534091751,0.38648401371841956,838.9224797488241,224.35977466516198
EWSR1,gene_direct_x128,1.0,0.2852510534091751,0.38648401371841956,838.9224797488241,224.35977466516198
EWSR1,gene_direct_x256,1.0,0.2852510534091751,0.38648401371841956,838.9224797488241,224.35977466516198
EWSR1,gene_top100_x16,0.18666666666666665,0.18001622374630588,0.38012654747020036,838.9224797488241,224.35977466516198
EWSR1,gene_top100_x64,0.18666666666666665,0.18001622374630588,0.38012654747020036,838.9224797488241,224.35977466516198
EWSR1,gene_top100_x256,0.18666666666666665,0.18001622374630588,0.38012654747020036,838.9224797488241,224.35977466516198
EWSR1,gene_top200_x16,0.19333333333333336,0.18517355958630813,0.35184524599471373,838.9224797488241,224.35977466516198
EWSR1,gene_top200_x64,0.19333333333333336,0.18517355958630813,0.35184524599471373,838.9224797488241,224.35977466516198
EWSR1,gene_top200_x256,0.19333333333333336,0.18517355958630813,0.35184524599471373,838.9224797488241,224.35977466516198
EWSR1,prog,0.21999999999999997,0.46426634355269114,0.0012962083586175632,838.9224797488241,224.35977466516198
FDPS,zero,0.11333333333333329,0.0,0.0,1123.996496214062,389.3920583028346
FDPS,h1_mean,0.1266666666666667,0.2999770729365012,0.39675416444067135,1123.996496214062,389.3920583028346
FDPS,gene_direct,0.12,0.11435257696579297,0.16336445357875465,1123.996496214062,389.3920583028346
FDPS,gene_scaled,0.11333333333333329,0.11435257696579298,0.1633644535787548,1123.996496214062,389.3920583028346
FDPS,gene_top50,0.11333333333333329,0.06083197085910806,0.07864845450410128,1123.996496214062,389.3920583028346
FDPS,gene_top50_scaled,0.11333333333333329,0.060831970859108075,0.07864845450410163,1123.996496214062,389.3920583028346
FDPS,gene_top100,0.11333333333333329,0.0683956130817939,0.08836891693577038,1123.996496214062,389.3920583028346
FDPS,gene_top100_scaled,0.11333333333333329,0.06839561308179391,0.08836891693577009,1123.996496214062,389.3920583028346
FDPS,gene_top200,0.11333333333333329,0.07317700246612159,0.10001815550399551,1123.996496214062,389.3920583028346
FDPS,gene_top200_scaled,0.11333333333333329,0.07317700246612166,0.1000181555039958,1123.996496214062,389.3920583028346
FDPS,gene_top500,0.11333333333333329,0.09437212820864915,0.1226904208058585,1123.996496214062,389.3920583028346
FDPS,gene_top500_scaled,0.11333333333333329,0.09437212820864911,0.12269042080585887,1123.996496214062,389.3920583028346
FDPS,gene_direct_x2,0.1333333333333333,0.11435257696579297,0.16336445357875465,1123.996496214062,389.3920583028346
FDPS,gene_direct_x4,0.1333333333333333,0.11435257696579297,0.16336445357875465,1123.996496214062,389.3920583028346
FDPS,gene_direct_x8,0.16000000000000003,0.11435257696579297,0.16336445357875465,1123.996496214062,389.3920583028346
FDPS,gene_direct_x16,0.18000000000000005,0.11435257696579297,0.16336445357875465,1123.996496214062,389.3920583028346
FDPS,gene_direct_x32,0.23333333333333328,0.11435257696579297,0.16336445357875465,1123.996496214062,389.3920583028346
FDPS,gene_direct_x64,0.2666666666666667,0.11435257696579297,0.16336445357875465,1123.996496214062,389.3920583028346
FDPS,gene_direct_x128,0.29333333333333333,0.11435257696579297,0.16336445357875465,1123.996496214062,389.3920583028346
FDPS,gene_direct_x256,0.33999999999999997,0.11435257696579297,0.16336445357875465,1123.996496214062,389.3920583028346
FDPS,gene_top100_x16,0.11333333333333329,0.0683956130817939,0.08836891693577038,1123.996496214062,389.3920583028346
FDPS,gene_top100_x64,0.11333333333333329,0.0683956130817939,0.08836891693577038,1123.996496214062,389.3920583028346
FDPS,gene_top100_x256,0.11333333333333329,0.0683956130817939,0.08836891693577038,1123.996496214062,389.3920583028346
FDPS,gene_top200_x16,0.11333333333333329,0.07317700246612159,0.10001815550399551,1123.996496214062,389.3920583028346
FDPS,gene_top200_x64,0.11333333333333329,0.07317700246612159,0.10001815550399551,1123.996496214062,389.3920583028346
FDPS,gene_top200_x256,0.11333333333333329,0.07317700246612159,0.10001815550399551,1123.996496214062,389.3920583028346
FDPS,prog,0.12,0.17885015848894134,0.29825941012105406,1123.996496214062,389.3920583028346
FOXH1,zero,0.7266666666666667,0.0,0.0,230.32673769337634,190.73239462450147
FOXH1,h1_mean,0.7066666666666667,0.011746100410644101,-0.1520840799069492,230.32673769337634,190.73239462450147
FOXH1,gene_direct,0.7066666666666667,-0.024307737059741433,-0.031718339492196795,230.32673769337634,190.73239462450147
FOXH1,gene_scaled,0.72,-0.024307737059741437,-0.031718339492196754,230.32673769337634,190.73239462450147
FOXH1,gene_top50,0.7266666666666667,-0.001254169049679095,-0.0015777071433235603,230.32673769337634,190.73239462450147
FOXH1,gene_top50_scaled,0.7266666666666667,-0.0012541690496790955,-0.0015777071433235596,230.32673769337634,190.73239462450147
FOXH1,gene_top100,0.7266666666666667,-0.001488472047746674,-0.0017945537903675385,230.32673769337634,190.73239462450147
FOXH1,gene_top100_scaled,0.7266666666666667,-0.0014884720477466743,-0.0017945537903675318,230.32673769337634,190.73239462450147
FOXH1,gene_top200,0.7266666666666667,-0.009536595980635377,-0.0115351510063853,230.32673769337634,190.73239462450147
FOXH1,gene_top200_scaled,0.7266666666666667,-0.009536595980635375,-0.011535151006385283,230.32673769337634,190.73239462450147
FOXH1,gene_top500,0.72,-0.01539164411744614,-0.01716451524241377,230.32673769337634,190.73239462450147
FOXH1,gene_top500_scaled,0.7266666666666667,-0.015391644117446139,-0.017164515242413733,230.32673769337634,190.73239462450147
FOXH1,gene_direct_x2,0.7,-0.024307737059741433,-0.031718339492196795,230.32673769337634,190.73239462450147
FOXH1,gene_direct_x4,0.6866666666666666,-0.024307737059741433,-0.031718339492196795,230.32673769337634,190.73239462450147
FOXH1,gene_direct_x8,0.6733333333333333,-0.024307737059741433,-0.031718339492196795,230.32673769337634,190.73239462450147
FOXH1,gene_direct_x16,0.6666666666666667,-0.024307737059741433,-0.031718339492196795,230.32673769337634,190.73239462450147
FOXH1,gene_direct_x32,0.6533333333333333,-0.024307737059741433,-0.031718339492196795,230.32673769337634,190.73239462450147
FOXH1,gene_direct_x64,0.6466666666666667,-0.024307737059741433,-0.031718339492196795,230.32673769337634,190.73239462450147
FOXH1,gene_direct_x128,0.64,-0.024307737059741433,-0.031718339492196795,230.32673769337634,190.73239462450147
FOXH1,gene_direct_x256,0.64,-0.024307737059741433,-0.031718339492196795,230.32673769337634,190.73239462450147
FOXH1,gene_top100_x16,0.7266666666666667,-0.001488472047746674,-0.0017945537903675385,230.32673769337634,190.73239462450147
FOXH1,gene_top100_x64,0.7266666666666667,-0.001488472047746674,-0.0017945537903675385,230.32673769337634,190.73239462450147
FOXH1,gene_top100_x256,0.7266666666666667,-0.001488472047746674,-0.0017945537903675385,230.32673769337634,190.73239462450147
FOXH1,gene_top200_x16,0.7266666666666667,-0.009536595980635377,-0.0115351510063853,230.32673769337634,190.73239462450147
FOXH1,gene_top200_x64,0.7266666666666667,-0.009536595980635377,-0.0115351510063853,230.32673769337634,190.73239462450147
FOXH1,gene_top200_x256,0.7266666666666667,-0.009536595980635377,-0.0115351510063853,230.32673769337634,190.73239462450147
FOXH1,prog,0.7066666666666667,-0.09198172719551925,-0.09164015584760073,230.32673769337634,190.73239462450147
GSK3B,zero,0.3933333333333333,0.0,0.0,470.1700807137131,280.52043948182836
GSK3B,h1_mean,0.36,0.2564008480033099,0.2916454621973967,470.1700807137131,280.52043948182836
GSK3B,gene_direct,0.4,0.13582481070107003,0.1926139300494518,470.1700807137131,280.52043948182836
GSK3B,gene_scaled,0.4,0.13582481070107,0.19261393004945182,470.1700807137131,280.52043948182836
GSK3B,gene_top50,0.4,0.14185007568190347,0.16548733549220165,470.1700807137131,280.52043948182836
GSK3B,gene_top50_scaled,0.3933333333333333,0.14185007568190344,0.16548733549220196,470.1700807137131,280.52043948182836
GSK3B,gene_top100,0.4,0.14852168734517382,0.17261956083364338,470.1700807137131,280.52043948182836
GSK3B,gene_top100_scaled,0.3933333333333333,0.1485216873451738,0.17261956083364416,470.1700807137131,280.52043948182836
GSK3B,gene_top200,0.4,0.1423268781000084,0.1658858752047052,470.1700807137131,280.52043948182836
GSK3B,gene_top200_scaled,0.3933333333333333,0.14232687810000844,0.16588587520470519,470.1700807137131,280.52043948182836
GSK3B,gene_top500,0.4,0.1430840536259101,0.16991231226808748,470.1700807137131,280.52043948182836
GSK3B,gene_top500_scaled,0.4,0.14308405362591017,0.16991231226808726,470.1700807137131,280.52043948182836
GSK3B,gene_direct_x2,0.4,0.13582481070107003,0.1926139300494518,470.1700807137131,280.52043948182836
GSK3B,gene_direct_x4,0.41333333333333333,0.13582481070107003,0.1926139300494518,470.1700807137131,280.52043948182836
GSK3B,gene_direct_x8,0.44666666666666666,0.13582481070107003,0.1926139300494518,470.1700807137131,280.52043948182836
GSK3B,gene_direct_x16,0.4866666666666667,0.13582481070107003,0.1926139300494518,470.1700807137131,280.52043948182836
GSK3B,gene_direct_x32,0.5266666666666666,0.13582481070107003,0.1926139300494518,470.1700807137131,280.52043948182836
GSK3B,gene_direct_x64,0.5866666666666667,0.13582481070107003,0.1926139300494518,470.1700807137131,280.52043948182836
GSK3B,gene_direct_x128,0.6133333333333333,0.13582481070107003,0.1926139300494518,470.1700807137131,280.52043948182836
GSK3B,gene_direct_x256,0.64,0.13582481070107003,0.1926139300494518,470.1700807137131,280.52043948182836
GSK3B,gene_top100_x16,0.4066666666666666,0.14852168734517382,0.17261956083364338,470.1700807137131,280.52043948182836
GSK3B,gene_top100_x64,0.4066666666666666,0.14852168734517382,0.17261956083364338,470.1700807137131,280.52043948182836
GSK3B,gene_top100_x256,0.4066666666666666,0.14852168734517382,0.17261956083364338,470.1700807137131,280.52043948182836
GSK3B,gene_top200_x16,0.4066666666666666,0.1423268781000084,0.1658858752047052,470.1700807137131,280.52043948182836
GSK3B,gene_top200_x64,0.4066666666666666,0.1423268781000084,0.1658858752047052,470.1700807137131,280.52043948182836
GSK3B,gene_top200_x256,0.4066666666666666,0.1423268781000084,0.1658858752047052,470.1700807137131,280.52043948182836
GSK3B,prog,0.41333333333333333,0.0745794220281749,0.11860046303832746,470.1700807137131,280.52043948182836
HAT1,zero,0.6066666666666667,0.0,0.0,286.0246947731539,634.4069618619978
HAT1,h1_mean,0.7666666666666666,0.2634144604669857,0.09893164426405425,286.0246947731539,634.4069618619978
HAT1,gene_direct,0.64,0.06485077516934376,0.09568003097063804,286.0246947731539,634.4069618619978
HAT1,gene_scaled,0.64,0.06485077516934377,0.09568003097063807,286.0246947731539,634.4069618619978
HAT1,gene_top50,0.6266666666666667,0.12285385157339672,0.1558570891127653,286.0246947731539,634.4069618619978
HAT1,gene_top50_scaled,0.6133333333333333,0.12285385157339675,0.1558570891127652,286.0246947731539,634.4069618619978
HAT1,gene_top100,0.6266666666666667,0.10667812182272224,0.12994564816849857,286.0246947731539,634.4069618619978
HAT1,gene_top100_scaled,0.6133333333333333,0.1066781218227222,0.12994564816849913,286.0246947731539,634.4069618619978
HAT1,gene_top200,0.6266666666666667,0.09756588731673241,0.12411480184906616,286.0246947731539,634.4069618619978
HAT1,gene_top200_scaled,0.6266666666666667,0.09756588731673242,0.1241148018490657,286.0246947731539,634.4069618619978
HAT1,gene_top500,0.6333333333333333,0.08468881798032066,0.10013753778828914,286.0246947731539,634.4069618619978
HAT1,gene_top500_scaled,0.6266666666666667,0.08468881798032063,0.10013753778828927,286.0246947731539,634.4069618619978
HAT1,gene_direct_x2,0.6666666666666667,0.06485077516934376,0.09568003097063804,286.0246947731539,634.4069618619978
HAT1,gene_direct_x4,0.6666666666666667,0.06485077516934376,0.09568003097063804,286.0246947731539,634.4069618619978
HAT1,gene_direct_x8,0.6599999999999999,0.06485077516934376,0.09568003097063804,286.0246947731539,634.4069618619978
HAT1,gene_direct_x16,0.6599999999999999,0.06485077516934376,0.09568003097063804,286.0246947731539,634.4069618619978
HAT1,gene_direct_x32,0.6599999999999999,0.06485077516934376,0.09568003097063804,286.0246947731539,634.4069618619978
HAT1,gene_direct_x64,0.6599999999999999,0.06485077516934376,0.09568003097063804,286.0246947731539,634.4069618619978
HAT1,gene_direct_x128,0.6599999999999999,0.06485077516934376,0.09568003097063804,286.0246947731539,634.4069618619978
HAT1,gene_direct_x256,0.6599999999999999,0.06485077516934376,0.09568003097063804,286.0246947731539,634.4069618619978
HAT1,gene_top100_x16,0.6333333333333333,0.10667812182272224,0.12994564816849857,286.0246947731539,634.4069618619978
HAT1,gene_top100_x64,0.6333333333333333,0.10667812182272224,0.12994564816849857,286.0246947731539,634.4069618619978
HAT1,gene_top100_x256,0.6333333333333333,0.10667812182272224,0.12994564816849857,286.0246947731539,634.4069618619978
HAT1,gene_top200_x16,0.6333333333333333,0.09756588731673241,0.12411480184906616,286.0246947731539,634.4069618619978
HAT1,gene_top200_x64,0.6333333333333333,0.09756588731673241,0.12411480184906616,286.0246947731539,634.4069618619978
HAT1,gene_top200_x256,0.6333333333333333,0.09756588731673241,0.12411480184906616,286.0246947731539,634.4069618619978
HAT1,prog,0.7133333333333334,0.19295281580907614,0.07587505349156089,286.0246947731539,634.4069618619978
HIRA,zero,0.72,0.0,0.0,231.6152470666948,175.1455975923687
HIRA,h1_mean,0.9333333333333333,0.33794962669881085,0.3051624291189253,231.6152470666948,175.1455975923687
HIRA,gene_direct,0.76,0.16496959479747733,0.14618968314800485,231.6152470666948,175.1455975923687
HIRA,gene_scaled,0.7466666666666666,0.16496959479747728,0.14618968314800476,231.6152470666948,175.1455975923687
HIRA,gene_top50,0.7466666666666666,0.16986574479141855,0.17457691380855692,231.6152470666948,175.1455975923687
HIRA,gene_top50_scaled,0.72,0.1698657447914185,0.17457691380855692,231.6152470666948,175.1455975923687
HIRA,gene_top100,0.7466666666666666,0.15775177075177685,0.15228350584775183,231.6152470666948,175.1455975923687
HIRA,gene_top100_scaled,0.72,0.15775177075177685,0.1522835058477518,231.6152470666948,175.1455975923687
HIRA,gene_top200,0.7466666666666666,0.16403551932158814,0.14884101263145327,231.6152470666948,175.1455975923687
HIRA,gene_top200_scaled,0.74,0.16403551932158808,0.14884101263145363,231.6152470666948,175.1455975923687
HIRA,gene_top500,0.7466666666666666,0.16378170582387086,0.1262381932077652,231.6152470666948,175.1455975923687
HIRA,gene_top500_scaled,0.74,0.16378170582387086,0.12623819320776494,231.6152470666948,175.1455975923687
HIRA,gene_direct_x2,0.8066666666666666,0.16496959479747733,0.14618968314800485,231.6152470666948,175.1455975923687
HIRA,gene_direct_x4,0.8200000000000001,0.16496959479747733,0.14618968314800485,231.6152470666948,175.1455975923687
HIRA,gene_direct_x8,0.8866666666666667,0.16496959479747733,0.14618968314800485,231.6152470666948,175.1455975923687
HIRA,gene_direct_x16,0.94,0.16496959479747733,0.14618968314800485,231.6152470666948,175.1455975923687
HIRA,gene_direct_x32,0.9266666666666666,0.16496959479747733,0.14618968314800485,231.6152470666948,175.1455975923687
HIRA,gene_direct_x64,0.9066666666666666,0.16496959479747733,0.14618968314800485,231.6152470666948,175.1455975923687
HIRA,gene_direct_x128,0.8933333333333333,0.16496959479747733,0.14618968314800485,231.6152470666948,175.1455975923687
HIRA,gene_direct_x256,0.8666666666666667,0.16496959479747733,0.14618968314800485,231.6152470666948,175.1455975923687
HIRA,gene_top100_x16,0.7466666666666666,0.15775177075177685,0.15228350584775183,231.6152470666948,175.1455975923687
HIRA,gene_top100_x64,0.7466666666666666,0.15775177075177685,0.15228350584775183,231.6152470666948,175.1455975923687
HIRA,gene_top100_x256,0.7466666666666666,0.15775177075177685,0.15228350584775183,231.6152470666948,175.1455975923687
HIRA,gene_top200_x16,0.7466666666666666,0.16403551932158814,0.14884101263145327,231.6152470666948,175.1455975923687
HIRA,gene_top200_x64,0.7533333333333333,0.16403551932158814,0.14884101263145327,231.6152470666948,175.1455975923687
HIRA,gene_top200_x256,0.7533333333333333,0.16403551932158814,0.14884101263145327,231.6152470666948,175.1455975923687
HIRA,prog,0.7533333333333333,0.11103422428679537,-0.01902056387320716,231.6152470666948,175.1455975923687
HMGB2,zero,0.4066666666666666,0.0,0.0,453.0842036236172,212.29459595307708
HMGB2,h1_mean,0.6599999999999999,0.6542310736020553,0.1700368376015158,453.0842036236172,212.29459595307708
HMGB2,gene_direct,0.41333333333333333,0.1375102380855,0.5285784629212085,453.0842036236172,212.29459595307708
HMGB2,gene_scaled,0.4066666666666666,0.13751023808550003,0.5285784629212086,453.0842036236172,212.29459595307708
HMGB2,gene_top50,0.4066666666666666,0.3630497593758567,0.6217910389910433,453.0842036236172,212.29459595307708
HMGB2,gene_top50_scaled,0.4066666666666666,0.3630497593758568,0.6217910389910447,453.0842036236172,212.29459595307708
HMGB2,gene_top100,0.4066666666666666,0.3320511787994407,0.585375585533364,453.0842036236172,212.29459595307708
HMGB2,gene_top100_scaled,0.4066666666666666,0.33205117879944096,0.5853755855333606,453.0842036236172,212.29459595307708
HMGB2,gene_top200,0.4066666666666666,0.3008087654882808,0.5550241658379952,453.0842036236172,212.29459595307708
HMGB2,gene_top200_scaled,0.4066666666666666,0.3008087654882809,0.5550241658379945,453.0842036236172,212.29459595307708
HMGB2,gene_top500,0.4066666666666666,0.25347824762870363,0.5340552920273838,453.0842036236172,212.29459595307708
HMGB2,gene_top500_scaled,0.4066666666666666,0.25347824762870363,0.5340552920273832,453.0842036236172,212.29459595307708
HMGB2,gene_direct_x2,0.41333333333333333,0.1375102380855,0.5285784629212085,453.0842036236172,212.29459595307708
HMGB2,gene_direct_x4,0.42000000000000004,0.1375102380855,0.5285784629212085,453.0842036236172,212.29459595307708
HMGB2,gene_direct_x8,0.43333333333333335,0.1375102380855,0.5285784629212085,453.0842036236172,212.29459595307708
HMGB2,gene_direct_x16,0.43999999999999995,0.1375102380855,0.5285784629212085,453.0842036236172,212.29459595307708
HMGB2,gene_direct_x32,0.43999999999999995,0.1375102380855,0.5285784629212085,453.0842036236172,212.29459595307708
HMGB2,gene_direct_x64,0.43333333333333335,0.1375102380855,0.5285784629212085,453.0842036236172,212.29459595307708
HMGB2,gene_direct_x128,0.44666666666666666,0.1375102380855,0.5285784629212085,453.0842036236172,212.29459595307708
HMGB2,gene_direct_x256,0.44666666666666666,0.1375102380855,0.5285784629212085,453.0842036236172,212.29459595307708
HMGB2,gene_top100_x16,0.41333333333333333,0.3320511787994407,0.585375585533364,453.0842036236172,212.29459595307708
HMGB2,gene_top100_x64,0.41333333333333333,0.3320511787994407,0.585375585533364,453.0842036236172,212.29459595307708
HMGB2,gene_top100_x256,0.41333333333333333,0.3320511787994407,0.585375585533364,453.0842036236172,212.29459595307708
HMGB2,gene_top200_x16,0.41333333333333333,0.3008087654882808,0.5550241658379952,453.0842036236172,212.29459595307708
HMGB2,gene_top200_x64,0.41333333333333333,0.3008087654882808,0.5550241658379952,453.0842036236172,212.29459595307708
HMGB2,gene_top200_x256,0.41333333333333333,0.3008087654882808,0.5550241658379952,453.0842036236172,212.29459595307708
HMGB2,prog,0.3933333333333333,-0.40190666812410164,0.1648518376736099,453.0842036236172,212.29459595307708
HMGN1,zero,0.9,0.0,0.0,137.00360577514948,242.25331159681082
HMGN1,h1_mean,0.76,-0.10592902419924516,0.006040632635073271,137.00360577514948,242.25331159681082
HMGN1,gene_direct,0.9466666666666667,0.41843423187711054,0.5856094893637416,137.00360577514948,242.25331159681082
HMGN1,gene_scaled,0.9066666666666666,0.4184342318771106,0.5856094893637421,137.00360577514948,242.25331159681082
HMGN1,gene_top50,0.9133333333333333,0.7289817249859302,0.7794077604909806,137.00360577514948,242.25331159681082
HMGN1,gene_top50_scaled,0.9066666666666666,0.7289817249859303,0.7794077604909798,137.00360577514948,242.25331159681082
HMGN1,gene_top100,0.9133333333333333,0.6874304940245961,0.732973228112085,137.00360577514948,242.25331159681082
HMGN1,gene_top100_scaled,0.9066666666666666,0.6874304940245962,0.7329732281120852,137.00360577514948,242.25331159681082
HMGN1,gene_top200,0.9266666666666666,0.6353515762191009,0.6754363380681828,137.00360577514948,242.25331159681082
HMGN1,gene_top200_scaled,0.9066666666666666,0.635351576219101,0.6754363380681843,137.00360577514948,242.25331159681082
HMGN1,gene_top500,0.9333333333333333,0.5570875573741277,0.5903298439604427,137.00360577514948,242.25331159681082
HMGN1,gene_top500_scaled,0.9066666666666666,0.5570875573741276,0.5903298439604434,137.00360577514948,242.25331159681082
HMGN1,gene_direct_x2,0.9666666666666667,0.41843423187711054,0.5856094893637416,137.00360577514948,242.25331159681082
HMGN1,gene_direct_x4,0.98,0.41843423187711054,0.5856094893637416,137.00360577514948,242.25331159681082
HMGN1,gene_direct_x8,0.98,0.41843423187711054,0.5856094893637416,137.00360577514948,242.25331159681082
HMGN1,gene_direct_x16,0.9666666666666667,0.41843423187711054,0.5856094893637416,137.00360577514948,242.25331159681082
HMGN1,gene_direct_x32,0.9666666666666667,0.41843423187711054,0.5856094893637416,137.00360577514948,242.25331159681082
HMGN1,gene_direct_x64,0.9666666666666667,0.41843423187711054,0.5856094893637416,137.00360577514948,242.25331159681082
HMGN1,gene_direct_x128,0.9666666666666667,0.41843423187711054,0.5856094893637416,137.00360577514948,242.25331159681082
HMGN1,gene_direct_x256,0.9666666666666667,0.41843423187711054,0.5856094893637416,137.00360577514948,242.25331159681082
HMGN1,gene_top100_x16,0.9333333333333333,0.6874304940245961,0.732973228112085,137.00360577514948,242.25331159681082
HMGN1,gene_top100_x64,0.9333333333333333,0.6874304940245961,0.732973228112085,137.00360577514948,242.25331159681082
HMGN1,gene_top100_x256,0.9333333333333333,0.6874304940245961,0.732973228112085,137.00360577514948,242.25331159681082
HMGN1,gene_top200_x16,0.9333333333333333,0.6353515762191009,0.6754363380681828,137.00360577514948,242.25331159681082
HMGN1,gene_top200_x64,0.9333333333333333,0.6353515762191009,0.6754363380681828,137.00360577514948,242.25331159681082
HMGN1,gene_top200_x256,0.9333333333333333,0.6353515762191009,0.6754363380681828,137.00360577514948,242.25331159681082
HMGN1,prog,0.9466666666666667,0.09333341710872126,-0.0013608234565784098,137.00360577514948,242.25331159681082
HSBP1,zero,0.2466666666666667,0.0,0.0,721.4182504001765,275.0048430673778
HSBP1,h1_mean,0.2466666666666667,0.4832745620634947,0.36473577149567543,721.4182504001765,275.0048430673778
HSBP1,gene_direct,0.26,0.24909414959080808,0.3548177093691513,721.4182504001765,275.0048430673778
HSBP1,gene_scaled,0.2533333333333333,0.2490941495908081,0.3548177093691507,721.4182504001765,275.0048430673778
HSBP1,gene_top50,0.26,0.3172093219031506,0.42350264339385935,721.4182504001765,275.0048430673778
HSBP1,gene_top50_scaled,0.2466666666666667,0.31720932190315065,0.42350264339385807,721.4182504001765,275.0048430673778
HSBP1,gene_top100,0.26,0.30558214991609733,0.40691937370541564,721.4182504001765,275.0048430673778
HSBP1,gene_top100_scaled,0.2466666666666667,0.3055821499160974,0.4069193737054145,721.4182504001765,275.0048430673778
HSBP1,gene_top200,0.26,0.2943454108393575,0.38174759876357356,721.4182504001765,275.0048430673778
HSBP1,gene_top200_scaled,0.2466666666666667,0.29434541083935756,0.3817475987635739,721.4182504001765,275.0048430673778
HSBP1,gene_top500,0.26,0.27233431441382694,0.33883156544550386,721.4182504001765,275.0048430673778
HSBP1,gene_top500_scaled,0.2466666666666667,0.2723343144138269,0.3388315654455044,721.4182504001765,275.0048430673778
HSBP1,gene_direct_x2,0.26,0.24909414959080808,0.3548177093691513,721.4182504001765,275.0048430673778
HSBP1,gene_direct_x4,0.2666666666666667,0.24909414959080808,0.3548177093691513,721.4182504001765,275.0048430673778
HSBP1,gene_direct_x8,0.2533333333333333,0.24909414959080808,0.3548177093691513,721.4182504001765,275.0048430673778
HSBP1,gene_direct_x16,0.2533333333333333,0.24909414959080808,0.3548177093691513,721.4182504001765,275.0048430673778
HSBP1,gene_direct_x32,0.26,0.24909414959080808,0.3548177093691513,721.4182504001765,275.0048430673778
HSBP1,gene_direct_x64,0.26,0.24909414959080808,0.3548177093691513,721.4182504001765,275.0048430673778
HSBP1,gene_direct_x128,0.26,0.24909414959080808,0.3548177093691513,721.4182504001765,275.0048430673778
HSBP1,gene_direct_x256,0.26,0.24909414959080808,0.3548177093691513,721.4182504001765,275.0048430673778
HSBP1,gene_top100_x16,0.26,0.30558214991609733,0.40691937370541564,721.4182504001765,275.0048430673778
HSBP1,gene_top100_x64,0.26,0.30558214991609733,0.40691937370541564,721.4182504001765,275.0048430673778
HSBP1,gene_top100_x256,0.26,0.30558214991609733,0.40691937370541564,721.4182504001765,275.0048430673778
HSBP1,gene_top200_x16,0.26,0.2943454108393575,0.38174759876357356,721.4182504001765,275.0048430673778
HSBP1,gene_top200_x64,0.26,0.2943454108393575,0.38174759876357356,721.4182504001765,275.0048430673778
HSBP1,gene_top200_x256,0.26,0.2943454108393575,0.38174759876357356,721.4182504001765,275.0048430673778
HSBP1,prog,0.26,0.29906234759727646,0.12799942043650753,721.4182504001765,275.0048430673778
IDE,zero,0.9066666666666666,0.0,0.0,136.25630480664404,198.80620374530554
IDE,h1_mean,0.9866666666666667,0.32546814526233697,0.005968492274940143,136.25630480664404,198.80620374530554
IDE,gene_direct,0.94,0.09025022934192217,0.13540514890073532,136.25630480664404,198.80620374530554
IDE,gene_scaled,0.9066666666666666,0.09025022934192217,0.13540514890073527,136.25630480664404,198.80620374530554
IDE,gene_top50,0.9066666666666666,0.24570689208766866,0.30054939798848906,136.25630480664404,198.80620374530554
IDE,gene_top50_scaled,0.9066666666666666,0.24570689208766866,0.3005493979884891,136.25630480664404,198.80620374530554
IDE,gene_top100,0.9066666666666666,0.18668588201697497,0.2258686672975264,136.25630480664404,198.80620374530554
IDE,gene_top100_scaled,0.9066666666666666,0.186685882016975,0.22586866729752647,136.25630480664404,198.80620374530554
IDE,gene_top200,0.9066666666666666,0.1466419881906959,0.18110087373829237,136.25630480664404,198.80620374530554
IDE,gene_top200_scaled,0.9066666666666666,0.1466419881906959,0.18110087373829223,136.25630480664404,198.80620374530554
IDE,gene_top500,0.9066666666666666,0.11395704324684663,0.14069311169422974,136.25630480664404,198.80620374530554
IDE,gene_top500_scaled,0.9066666666666666,0.1139570432468466,0.14069311169422993,136.25630480664404,198.80620374530554
IDE,gene_direct_x2,0.9533333333333334,0.09025022934192217,0.13540514890073532,136.25630480664404,198.80620374530554
IDE,gene_direct_x4,0.96,0.09025022934192217,0.13540514890073532,136.25630480664404,198.80620374530554
IDE,gene_direct_x8,0.9666666666666667,0.09025022934192217,0.13540514890073532,136.25630480664404,198.80620374530554
IDE,gene_direct_x16,0.9666666666666667,0.09025022934192217,0.13540514890073532,136.25630480664404,198.80620374530554
IDE,gene_direct_x32,0.9733333333333334,0.09025022934192217,0.13540514890073532,136.25630480664404,198.80620374530554
IDE,gene_direct_x64,0.9666666666666667,0.09025022934192217,0.13540514890073532,136.25630480664404,198.80620374530554
IDE,gene_direct_x128,0.9666666666666667,0.09025022934192217,0.13540514890073532,136.25630480664404,198.80620374530554
IDE,gene_direct_x256,0.9666666666666667,0.09025022934192217,0.13540514890073532,136.25630480664404,198.80620374530554
IDE,gene_top100_x16,0.9133333333333333,0.18668588201697497,0.2258686672975264,136.25630480664404,198.80620374530554
IDE,gene_top100_x64,0.9133333333333333,0.18668588201697497,0.2258686672975264,136.25630480664404,198.80620374530554
IDE,gene_top100_x256,0.9133333333333333,0.18668588201697497,0.2258686672975264,136.25630480664404,198.80620374530554
IDE,gene_top200_x16,0.9133333333333333,0.1466419881906959,0.18110087373829237,136.25630480664404,198.80620374530554
IDE,gene_top200_x64,0.9133333333333333,0.1466419881906959,0.18110087373829237,136.25630480664404,198.80620374530554
IDE,gene_top200_x256,0.9133333333333333,0.1466419881906959,0.18110087373829237,136.25630480664404,198.80620374530554
IDE,prog,0.9333333333333333,0.07501011718283207,-0.062115315193625606,136.25630480664404,198.80620374530554
IGF2R,zero,0.8866666666666667,0.0,0.0,146.31560550234462,211.045294303447
IGF2R,h1_mean,0.6599999999999999,-0.2731310660152921,0.07732052511690934,146.31560550234462,211.045294303447
IGF2R,gene_direct,0.94,0.11660898945422712,0.11456976814017378,146.31560550234462,211.045294303447
IGF2R,gene_scaled,0.8933333333333333,0.11660898945422717,0.11456976814017372,146.31560550234462,211.045294303447
IGF2R,gene_top50,0.8866666666666667,0.22998935759436423,0.2684978688499942,146.31560550234462,211.045294303447
IGF2R,gene_top50_scaled,0.8866666666666667,0.22998935759436426,0.2684978688499945,146.31560550234462,211.045294303447
IGF2R,gene_top100,0.8866666666666667,0.1895752345190295,0.20925128463310716,146.31560550234462,211.045294303447
IGF2R,gene_top100_scaled,0.8866666666666667,0.1895752345190295,0.20925128463310672,146.31560550234462,211.045294303447
IGF2R,gene_top200,0.8866666666666667,0.15668116563480566,0.16348471712645762,146.31560550234462,211.045294303447
IGF2R,gene_top200_scaled,0.8866666666666667,0.1566811656348057,0.16348471712645754,146.31560550234462,211.045294303447
IGF2R,gene_top500,0.8933333333333333,0.13246470688948855,0.11230557676527597,146.31560550234462,211.045294303447
IGF2R,gene_top500_scaled,0.8866666666666667,0.13246470688948858,0.1123055767652763,146.31560550234462,211.045294303447
IGF2R,gene_direct_x2,0.9733333333333334,0.11660898945422712,0.11456976814017378,146.31560550234462,211.045294303447
IGF2R,gene_direct_x4,0.9866666666666667,0.11660898945422712,0.11456976814017378,146.31560550234462,211.045294303447
IGF2R,gene_direct_x8,0.9866666666666667,0.11660898945422712,0.11456976814017378,146.31560550234462,211.045294303447
IGF2R,gene_direct_x16,0.9866666666666667,0.11660898945422712,0.11456976814017378,146.31560550234462,211.045294303447
IGF2R,gene_direct_x32,0.9866666666666667,0.11660898945422712,0.11456976814017378,146.31560550234462,211.045294303447
IGF2R,gene_direct_x64,0.9866666666666667,0.11660898945422712,0.11456976814017378,146.31560550234462,211.045294303447
IGF2R,gene_direct_x128,0.9866666666666667,0.11660898945422712,0.11456976814017378,146.31560550234462,211.045294303447
IGF2R,gene_direct_x256,0.9866666666666667,0.11660898945422712,0.11456976814017378,146.31560550234462,211.045294303447
IGF2R,gene_top100_x16,0.8933333333333333,0.1895752345190295,0.20925128463310716,146.31560550234462,211.045294303447
IGF2R,gene_top100_x64,0.8933333333333333,0.1895752345190295,0.20925128463310716,146.31560550234462,211.045294303447
IGF2R,gene_top100_x256,0.8933333333333333,0.1895752345190295,0.20925128463310716,146.31560550234462,211.045294303447
IGF2R,gene_top200_x16,0.8933333333333333,0.15668116563480566,0.16348471712645762,146.31560550234462,211.045294303447
IGF2R,gene_top200_x64,0.8933333333333333,0.15668116563480566,0.16348471712645762,146.31560550234462,211.045294303447
IGF2R,gene_top200_x256,0.8933333333333333,0.15668116563480566,0.16348471712645762,146.31560550234462,211.045294303447
IGF2R,prog,0.9733333333333334,0.24393139513568166,-0.028998669995139385,146.31560550234462,211.045294303447
IKBKG,zero,0.64,0.0,0.0,279.0922283561413,233.04061130061746
IKBKG,h1_mean,0.96,0.44775829154383173,0.3005894640244518,279.0922283561413,233.04061130061746
IKBKG,gene_direct,0.6599999999999999,0.00015652745991687298,0.021280725795702535,279.0922283561413,233.04061130061746
IKBKG,gene_scaled,0.64,0.00015652745991687244,0.02128072579570255,279.0922283561413,233.04061130061746
IKBKG,gene_top50,0.64,-0.007871811976382674,-0.0007138887257840381,279.0922283561413,233.04061130061746
IKBKG,gene_top50_scaled,0.64,-0.007871811976382675,-0.0007138887257840261,279.0922283561413,233.04061130061746
IKBKG,gene_top100,0.64,-0.02029023614304966,-0.012462074226705042,279.0922283561413,233.04061130061746
IKBKG,gene_top100_scaled,0.64,-0.02029023614304966,-0.01246207422670504,279.0922283561413,233.04061130061746
IKBKG,gene_top200,0.64,-0.02750429775569808,-0.018078261931810714,279.0922283561413,233.04061130061746
IKBKG,gene_top200_scaled,0.64,-0.027504297755698074,-0.018078261931810675,279.0922283561413,233.04061130061746
IKBKG,gene_top500,0.6466666666666667,-0.02110308765486058,-0.00218951130374014,279.0922283561413,233.04061130061746
IKBKG,gene_top500_scaled,0.64,-0.02110308765486058,-0.002189511303740132,279.0922283561413,233.04061130061746
IKBKG,gene_direct_x2,0.6599999999999999,0.00015652745991687298,0.021280725795702535,279.0922283561413,233.04061130061746
IKBKG,gene_direct_x4,0.6733333333333333,0.00015652745991687298,0.021280725795702535,279.0922283561413,233.04061130061746
IKBKG,gene_direct_x8,0.6866666666666666,0.00015652745991687298,0.021280725795702535,279.0922283561413,233.04061130061746
IKBKG,gene_direct_x16,0.6866666666666666,0.00015652745991687298,0.021280725795702535,279.0922283561413,233.04061130061746
IKBKG,gene_direct_x32,0.7,0.00015652745991687298,0.021280725795702535,279.0922283561413,233.04061130061746
IKBKG,gene_direct_x64,0.6866666666666666,0.00015652745991687298,0.021280725795702535,279.0922283561413,233.04061130061746
IKBKG,gene_direct_x128,0.6933333333333334,0.00015652745991687298,0.021280725795702535,279.0922283561413,233.04061130061746
IKBKG,gene_direct_x256,0.6933333333333334,0.00015652745991687298,0.021280725795702535,279.0922283561413,233.04061130061746
IKBKG,gene_top100_x16,0.64,-0.02029023614304966,-0.012462074226705042,279.0922283561413,233.04061130061746
IKBKG,gene_top100_x64,0.64,-0.02029023614304966,-0.012462074226705042,279.0922283561413,233.04061130061746
IKBKG,gene_top100_x256,0.64,-0.02029023614304966,-0.012462074226705042,279.0922283561413,233.04061130061746
IKBKG,gene_top200_x16,0.64,-0.02750429775569808,-0.018078261931810714,279.0922283561413,233.04061130061746
IKBKG,gene_top200_x64,0.64,-0.02750429775569808,-0.018078261931810714,279.0922283561413,233.04061130061746
IKBKG,gene_top200_x256,0.64,-0.02750429775569808,-0.018078261931810714,279.0922283561413,233.04061130061746
IKBKG,prog,0.6333333333333333,0.029444119727175092,0.14313907027624592,279.0922283561413,233.04061130061746
INSIG1,zero,0.2666666666666667,0.0,0.0,657.1258275878317,323.14281464740634
INSIG1,h1_mean,0.2666666666666667,0.3497555635141887,0.2124699915271743,657.1258275878317,323.14281464740634
INSIG1,gene_direct,0.2733333333333333,0.15209620734104654,0.23003592690176417,657.1258275878317,323.14281464740634
INSIG1,gene_scaled,0.2733333333333333,0.15209620734104654,0.2300359269017641,657.1258275878317,323.14281464740634
INSIG1,gene_top50,0.2733333333333333,0.0813626343312488,0.15882506447587152,657.1258275878317,323.14281464740634
INSIG1,gene_top50_scaled,0.2733333333333333,0.0813626343312488,0.1588250644758717,657.1258275878317,323.14281464740634
INSIG1,gene_top100,0.2733333333333333,0.09649664439196347,0.17346611895897496,657.1258275878317,323.14281464740634
INSIG1,gene_top100_scaled,0.2733333333333333,0.0964966443919635,0.17346611895897485,657.1258275878317,323.14281464740634
INSIG1,gene_top200,0.2733333333333333,0.1129427094535756,0.19581962613227266,657.1258275878317,323.14281464740634
INSIG1,gene_top200_scaled,0.2733333333333333,0.11294270945357553,0.19581962613227266,657.1258275878317,323.14281464740634
INSIG1,gene_top500,0.2733333333333333,0.12613083066745762,0.2020870288808626,657.1258275878317,323.14281464740634
INSIG1,gene_top500_scaled,0.2733333333333333,0.12613083066745762,0.20208702888086302,657.1258275878317,323.14281464740634
INSIG1,gene_direct_x2,0.29333333333333333,0.15209620734104654,0.23003592690176417,657.1258275878317,323.14281464740634
INSIG1,gene_direct_x4,0.31999999999999995,0.15209620734104654,0.23003592690176417,657.1258275878317,323.14281464740634
INSIG1,gene_direct_x8,0.3466666666666667,0.15209620734104654,0.23003592690176417,657.1258275878317,323.14281464740634
INSIG1,gene_direct_x16,0.38,0.15209620734104654,0.23003592690176417,657.1258275878317,323.14281464740634
INSIG1,gene_direct_x32,0.3933333333333333,0.15209620734104654,0.23003592690176417,657.1258275878317,323.14281464740634
INSIG1,gene_direct_x64,0.4,0.15209620734104654,0.23003592690176417,657.1258275878317,323.14281464740634
INSIG1,gene_direct_x128,0.41333333333333333,0.15209620734104654,0.23003592690176417,657.1258275878317,323.14281464740634
INSIG1,gene_direct_x256,0.42000000000000004,0.15209620734104654,0.23003592690176417,657.1258275878317,323.14281464740634
INSIG1,gene_top100_x16,0.2733333333333333,0.09649664439196347,0.17346611895897496,657.1258275878317,323.14281464740634
INSIG1,gene_top100_x64,0.2733333333333333,0.09649664439196347,0.17346611895897496,657.1258275878317,323.14281464740634
INSIG1,gene_top100_x256,0.2733333333333333,0.09649664439196347,0.17346611895897496,657.1258275878317,323.14281464740634
INSIG1,gene_top200_x16,0.28,0.1129427094535756,0.19581962613227266,657.1258275878317,323.14281464740634
INSIG1,gene_top200_x64,0.28,0.1129427094535756,0.19581962613227266,657.1258275878317,323.14281464740634
INSIG1,gene_top200_x256,0.28,0.1129427094535756,0.19581962613227266,657.1258275878317,323.14281464740634
INSIG1,prog,0.2733333333333333,0.24444222296192808,0.30265336486799593,657.1258275878317,323.14281464740634
IRF3,zero,0.8333333333333334,0.0,0.0,170.65812800336062,176.63948279991746
IRF3,h1_mean,0.92,0.1436554383841486,-0.042178452684935745,170.65812800336062,176.63948279991746
IRF3,gene_direct,0.8200000000000001,0.16941132479182786,0.3323902132876466,170.65812800336062,176.63948279991746
IRF3,gene_scaled,0.8333333333333334,0.16941132479182794,0.3323902132876463,170.65812800336062,176.63948279991746
IRF3,gene_top50,0.8333333333333334,0.48307589813140683,0.5814432664579167,170.65812800336062,176.63948279991746
IRF3,gene_top50_scaled,0.8333333333333334,0.4830758981314067,0.5814432664579183,170.65812800336062,176.63948279991746
IRF3,gene_top100,0.8333333333333334,0.40473054610567544,0.49571616874718977,170.65812800336062,176.63948279991746
IRF3,gene_top100_scaled,0.8333333333333334,0.40473054610567544,0.49571616874718805,170.65812800336062,176.63948279991746
IRF3,gene_top200,0.8333333333333334,0.34063726067827327,0.4228636758693966,170.65812800336062,176.63948279991746
IRF3,gene_top200_scaled,0.8333333333333334,0.3406372606782732,0.42286367586939677,170.65812800336062,176.63948279991746
IRF3,gene_top500,0.8333333333333334,0.2665360090819624,0.3392848789582006,170.65812800336062,176.63948279991746
IRF3,gene_top500_scaled,0.8333333333333334,0.2665360090819623,0.3392848789582005,170.65812800336062,176.63948279991746
IRF3,gene_direct_x2,0.8266666666666667,0.16941132479182786,0.3323902132876466,170.65812800336062,176.63948279991746
IRF3,gene_direct_x4,0.8333333333333334,0.16941132479182786,0.3323902132876466,170.65812800336062,176.63948279991746
IRF3,gene_direct_x8,0.8333333333333334,0.16941132479182786,0.3323902132876466,170.65812800336062,176.63948279991746
IRF3,gene_direct_x16,0.84,0.16941132479182786,0.3323902132876466,170.65812800336062,176.63948279991746
IRF3,gene_direct_x32,0.84,0.16941132479182786,0.3323902132876466,170.65812800336062,176.63948279991746
IRF3,gene_direct_x64,0.84,0.16941132479182786,0.3323902132876466,170.65812800336062,176.63948279991746
IRF3,gene_direct_x128,0.8533333333333333,0.16941132479182786,0.3323902132876466,170.65812800336062,176.63948279991746
IRF3,gene_direct_x256,0.8466666666666667,0.16941132479182786,0.3323902132876466,170.65812800336062,176.63948279991746
IRF3,gene_top100_x16,0.84,0.40473054610567544,0.49571616874718977,170.65812800336062,176.63948279991746
IRF3,gene_top100_x64,0.84,0.40473054610567544,0.49571616874718977,170.65812800336062,176.63948279991746
IRF3,gene_top100_x256,0.84,0.40473054610567544,0.49571616874718977,170.65812800336062,176.63948279991746
IRF3,gene_top200_x16,0.84,0.34063726067827327,0.4228636758693966,170.65812800336062,176.63948279991746
IRF3,gene_top200_x64,0.84,0.34063726067827327,0.4228636758693966,170.65812800336062,176.63948279991746
IRF3,gene_top200_x256,0.84,0.34063726067827327,0.4228636758693966,170.65812800336062,176.63948279991746
IRF3,prog,0.8133333333333334,-0.09087887670286794,0.03776665485758251,170.65812800336062,176.63948279991746
KAT2A,zero,0.17333333333333334,0.0,0.0,971.8105582567914,339.83728052303195
KAT2A,h1_mean,0.1466666666666666,0.25094935213022507,0.48118280002466896,971.8105582567914,339.83728052303195
KAT2A,gene_direct,0.18000000000000005,0.058577331184770015,0.0431137076950241,971.8105582567914,339.83728052303195
KAT2A,gene_scaled,0.17333333333333334,0.05857733118477,0.043113707695024074,971.8105582567914,339.83728052303195
KAT2A,gene_top50,0.17333333333333334,0.03248804987862583,0.04269010083585758,971.8105582567914,339.83728052303195
KAT2A,gene_top50_scaled,0.17333333333333334,0.03248804987862582,0.04269010083585741,971.8105582567914,339.83728052303195
KAT2A,gene_top100,0.17333333333333334,0.02156318592296396,0.025406008026722566,971.8105582567914,339.83728052303195
KAT2A,gene_top100_scaled,0.17333333333333334,0.021563185922963964,0.025406008026722576,971.8105582567914,339.83728052303195
KAT2A,gene_top200,0.17333333333333334,0.024324595776508758,0.026821552844310575,971.8105582567914,339.83728052303195
KAT2A,gene_top200_scaled,0.17333333333333334,0.024324595776508754,0.026821552844310613,971.8105582567914,339.83728052303195
KAT2A,gene_top500,0.18000000000000005,0.0286650447943667,0.03489862746292428,971.8105582567914,339.83728052303195
KAT2A,gene_top500_scaled,0.17333333333333334,0.028665044794366698,0.03489862746292428,971.8105582567914,339.83728052303195
KAT2A,gene_direct_x2,0.18000000000000005,0.058577331184770015,0.0431137076950241,971.8105582567914,339.83728052303195
KAT2A,gene_direct_x4,0.18666666666666665,0.058577331184770015,0.0431137076950241,971.8105582567914,339.83728052303195
KAT2A,gene_direct_x8,0.20666666666666667,0.058577331184770015,0.0431137076950241,971.8105582567914,339.83728052303195
KAT2A,gene_direct_x16,0.21333333333333337,0.058577331184770015,0.0431137076950241,971.8105582567914,339.83728052303195
KAT2A,gene_direct_x32,0.21999999999999997,0.058577331184770015,0.0431137076950241,971.8105582567914,339.83728052303195
KAT2A,gene_direct_x64,0.21999999999999997,0.058577331184770015,0.0431137076950241,971.8105582567914,339.83728052303195
KAT2A,gene_direct_x128,0.21999999999999997,0.058577331184770015,0.0431137076950241,971.8105582567914,339.83728052303195
KAT2A,gene_direct_x256,0.21999999999999997,0.058577331184770015,0.0431137076950241,971.8105582567914,339.83728052303195
KAT2A,gene_top100_x16,0.17333333333333334,0.02156318592296396,0.025406008026722566,971.8105582567914,339.83728052303195
KAT2A,gene_top100_x64,0.17333333333333334,0.02156318592296396,0.025406008026722566,971.8105582567914,339.83728052303195
KAT2A,gene_top100_x256,0.17333333333333334,0.02156318592296396,0.025406008026722566,971.8105582567914,339.83728052303195
KAT2A,gene_top200_x16,0.17333333333333334,0.024324595776508758,0.026821552844310575,971.8105582567914,339.83728052303195
KAT2A,gene_top200_x64,0.17333333333333334,0.024324595776508758,0.026821552844310575,971.8105582567914,339.83728052303195
KAT2A,gene_top200_x256,0.17333333333333334,0.024324595776508758,0.026821552844310575,971.8105582567914,339.83728052303195
KAT2A,prog,0.18000000000000005,0.03746936602473089,-0.004245093658073557,971.8105582567914,339.83728052303195
KDM1A,zero,0.00666666666666671,0.0,0.0,2727.563420060924,399.1524600905832
KDM1A,h1_mean,0.00666666666666671,0.6525001100073039,0.4000229842666901,2727.563420060924,399.1524600905832
KDM1A,gene_direct,0.00666666666666671,0.440455734026065,0.42677807771409,2727.563420060924,399.1524600905832
KDM1A,gene_scaled,0.00666666666666671,0.44045573402606486,0.4267780777140901,2727.563420060924,399.1524600905832
KDM1A,gene_top50,0.00666666666666671,0.12192278311308323,0.28079780447153097,2727.563420060924,399.1524600905832
KDM1A,gene_top50_scaled,0.00666666666666671,0.12192278311308324,0.2807978044715293,2727.563420060924,399.1524600905832
KDM1A,gene_top100,0.00666666666666671,0.14280089045721722,0.28855793194942086,2727.563420060924,399.1524600905832
KDM1A,gene_top100_scaled,0.00666666666666671,0.1428008904572172,0.2885579319494214,2727.563420060924,399.1524600905832
KDM1A,gene_top200,0.00666666666666671,0.17395233521801945,0.30083844842453616,2727.563420060924,399.1524600905832
KDM1A,gene_top200_scaled,0.00666666666666671,0.17395233521801945,0.3008384484245376,2727.563420060924,399.1524600905832
KDM1A,gene_top500,0.00666666666666671,0.23562054321782283,0.3489063535191887,2727.563420060924,399.1524600905832
KDM1A,gene_top500_scaled,0.00666666666666671,0.23562054321782278,0.34890635351918836,2727.563420060924,399.1524600905832
KDM1A,gene_direct_x2,0.013333333333333308,0.440455734026065,0.42677807771409,2727.563420060924,399.1524600905832
KDM1A,gene_direct_x4,0.033333333333333326,0.440455734026065,0.42677807771409,2727.563420060924,399.1524600905832
KDM1A,gene_direct_x8,0.15333333333333332,0.440455734026065,0.42677807771409,2727.563420060924,399.1524600905832
KDM1A,gene_direct_x16,1.0,0.440455734026065,0.42677807771409,2727.563420060924,399.1524600905832
KDM1A,gene_direct_x32,1.0,0.440455734026065,0.42677807771409,2727.563420060924,399.1524600905832
KDM1A,gene_direct_x64,1.0,0.440455734026065,0.42677807771409,2727.563420060924,399.1524600905832
KDM1A,gene_direct_x128,1.0,0.440455734026065,0.42677807771409,2727.563420060924,399.1524600905832
KDM1A,gene_direct_x256,1.0,0.440455734026065,0.42677807771409,2727.563420060924,399.1524600905832
KDM1A,gene_top100_x16,0.00666666666666671,0.14280089045721722,0.28855793194942086,2727.563420060924,399.1524600905832
KDM1A,gene_top100_x64,0.00666666666666671,0.14280089045721722,0.28855793194942086,2727.563420060924,399.1524600905832
KDM1A,gene_top100_x256,0.00666666666666671,0.14280089045721722,0.28855793194942086,2727.563420060924,399.1524600905832
KDM1A,gene_top200_x16,0.00666666666666671,0.17395233521801945,0.30083844842453616,2727.563420060924,399.1524600905832
KDM1A,gene_top200_x64,0.00666666666666671,0.17395233521801945,0.30083844842453616,2727.563420060924,399.1524600905832
KDM1A,gene_top200_x256,0.00666666666666671,0.17395233521801945,0.30083844842453616,2727.563420060924,399.1524600905832
KDM1A,prog,0.00666666666666671,0.47868790599143063,0.31425402209742004,2727.563420060924,399.1524600905832
KDM2B,zero,0.56,0.0,0.0,326.13743525515565,191.25552800297737
KDM2B,h1_mean,0.86,0.4883822169297991,0.4957217750977847,326.13743525515565,191.25552800297737
KDM2B,gene_direct,0.6,0.07801068127560253,0.032429339953460846,326.13743525515565,191.25552800297737
KDM2B,gene_scaled,0.56,0.07801068127560254,0.03242933995346082,326.13743525515565,191.25552800297737
KDM2B,gene_top50,0.56,0.03355404580759328,0.032441630704247895,326.13743525515565,191.25552800297737
KDM2B,gene_top50_scaled,0.56,0.03355404580759328,0.032441630704247826,326.13743525515565,191.25552800297737
KDM2B,gene_top100,0.56,0.033076609847319784,0.029858008898975004,326.13743525515565,191.25552800297737
KDM2B,gene_top100_scaled,0.56,0.03307660984731979,0.029858008898975004,326.13743525515565,191.25552800297737
KDM2B,gene_top200,0.56,0.039663287573345654,0.033408312592192235,326.13743525515565,191.25552800297737
KDM2B,gene_top200_scaled,0.56,0.039663287573345654,0.03340831259219221,326.13743525515565,191.25552800297737
KDM2B,gene_top500,0.56,0.04815938756676547,0.03181935789283162,326.13743525515565,191.25552800297737
KDM2B,gene_top500_scaled,0.5533333333333333,0.04815938756676549,0.031819357892831676,326.13743525515565,191.25552800297737
KDM2B,gene_direct_x2,0.6066666666666667,0.07801068127560253,0.032429339953460846,326.13743525515565,191.25552800297737
KDM2B,gene_direct_x4,0.62,0.07801068127560253,0.032429339953460846,326.13743525515565,191.25552800297737
KDM2B,gene_direct_x8,0.6266666666666667,0.07801068127560253,0.032429339953460846,326.13743525515565,191.25552800297737
KDM2B,gene_direct_x16,0.6333333333333333,0.07801068127560253,0.032429339953460846,326.13743525515565,191.25552800297737
KDM2B,gene_direct_x32,0.6466666666666667,0.07801068127560253,0.032429339953460846,326.13743525515565,191.25552800297737
KDM2B,gene_direct_x64,0.6533333333333333,0.07801068127560253,0.032429339953460846,326.13743525515565,191.25552800297737
KDM2B,gene_direct_x128,0.6533333333333333,0.07801068127560253,0.032429339953460846,326.13743525515565,191.25552800297737
KDM2B,gene_direct_x256,0.6466666666666667,0.07801068127560253,0.032429339953460846,326.13743525515565,191.25552800297737
KDM2B,gene_top100_x16,0.56,0.033076609847319784,0.029858008898975004,326.13743525515565,191.25552800297737
KDM2B,gene_top100_x64,0.56,0.033076609847319784,0.029858008898975004,326.13743525515565,191.25552800297737
KDM2B,gene_top100_x256,0.56,0.033076609847319784,0.029858008898975004,326.13743525515565,191.25552800297737
KDM2B,gene_top200_x16,0.56,0.039663287573345654,0.033408312592192235,326.13743525515565,191.25552800297737
KDM2B,gene_top200_x64,0.56,0.039663287573345654,0.033408312592192235,326.13743525515565,191.25552800297737
KDM2B,gene_top200_x256,0.56,0.039663287573345654,0.033408312592192235,326.13743525515565,191.25552800297737
KDM2B,prog,0.6,0.24254860994918603,0.10944119721643675,326.13743525515565,191.25552800297737
KIF1B,zero,0.9666666666666667,0.0,0.0,119.0705179575707,197.48075102642179
KIF1B,h1_mean,0.9266666666666666,0.02917803963044493,0.019611750304857158,119.0705179575707,197.48075102642179
KIF1B,gene_direct,0.9533333333333334,0.08871280808122338,0.16129422421745318,119.0705179575707,197.48075102642179
KIF1B,gene_scaled,0.96,0.08871280808122343,0.16129422421745315,119.0705179575707,197.48075102642179
KIF1B,gene_top50,0.9666666666666667,0.28790599218482604,0.31537090313699145,119.0705179575707,197.48075102642179
KIF1B,gene_top50_scaled,0.9666666666666667,0.28790599218482593,0.31537090313699206,119.0705179575707,197.48075102642179
KIF1B,gene_top100,0.9666666666666667,0.23007568925047006,0.2559104855376921,119.0705179575707,197.48075102642179
KIF1B,gene_top100_scaled,0.9666666666666667,0.23007568925047006,0.2559104855376917,119.0705179575707,197.48075102642179
KIF1B,gene_top200,0.9666666666666667,0.18215008714994696,0.20627042510958052,119.0705179575707,197.48075102642179
KIF1B,gene_top200_scaled,0.9666666666666667,0.182150087149947,0.2062704251095806,119.0705179575707,197.48075102642179
KIF1B,gene_top500,0.9666666666666667,0.140646967403714,0.16671166929979694,119.0705179575707,197.48075102642179
KIF1B,gene_top500_scaled,0.9666666666666667,0.14064696740371402,0.1667116692997965,119.0705179575707,197.48075102642179
KIF1B,gene_direct_x2,0.96,0.08871280808122338,0.16129422421745318,119.0705179575707,197.48075102642179
KIF1B,gene_direct_x4,0.96,0.08871280808122338,0.16129422421745318,119.0705179575707,197.48075102642179
KIF1B,gene_direct_x8,0.9733333333333334,0.08871280808122338,0.16129422421745318,119.0705179575707,197.48075102642179
KIF1B,gene_direct_x16,0.9733333333333334,0.08871280808122338,0.16129422421745318,119.0705179575707,197.48075102642179
KIF1B,gene_direct_x32,0.9733333333333334,0.08871280808122338,0.16129422421745318,119.0705179575707,197.48075102642179
KIF1B,gene_direct_x64,0.9666666666666667,0.08871280808122338,0.16129422421745318,119.0705179575707,197.48075102642179
KIF1B,gene_direct_x128,0.9666666666666667,0.08871280808122338,0.16129422421745318,119.0705179575707,197.48075102642179
KIF1B,gene_direct_x256,0.9666666666666667,0.08871280808122338,0.16129422421745318,119.0705179575707,197.48075102642179
KIF1B,gene_top100_x16,0.98,0.23007568925047006,0.2559104855376921,119.0705179575707,197.48075102642179
KIF1B,gene_top100_x64,0.98,0.23007568925047006,0.2559104855376921,119.0705179575707,197.48075102642179
KIF1B,gene_top100_x256,0.98,0.23007568925047006,0.2559104855376921,119.0705179575707,197.48075102642179
KIF1B,gene_top200_x16,0.98,0.18215008714994696,0.20627042510958052,119.0705179575707,197.48075102642179
KIF1B,gene_top200_x64,0.98,0.18215008714994696,0.20627042510958052,119.0705179575707,197.48075102642179
KIF1B,gene_top200_x256,0.98,0.18215008714994696,0.20627042510958052,119.0705179575707,197.48075102642179
KIF1B,prog,0.9333333333333333,-0.04633855062611847,-0.04089652079717478,119.0705179575707,197.48075102642179
KIF20A,zero,0.09999999999999998,0.0,0.0,1201.254221269788,484.3756883185357
KIF20A,h1_mean,0.08666666666666667,0.12330896114095774,0.41648745889520855,1201.254221269788,484.3756883185357
KIF20A,gene_direct,0.11333333333333329,0.25346700365894825,0.4422193293479464,1201.254221269788,484.3756883185357
KIF20A,gene_scaled,0.09999999999999998,0.2534670036589481,0.4422193293479464,1201.254221269788,484.3756883185357
KIF20A,gene_top50,0.09999999999999998,0.06659248929384194,0.16065989545096668,1201.254221269788,484.3756883185357
KIF20A,gene_top50_scaled,0.09999999999999998,0.06659248929384194,0.1606598954509662,1201.254221269788,484.3756883185357
KIF20A,gene_top100,0.09999999999999998,0.09050788247236563,0.2158084600695329,1201.254221269788,484.3756883185357
KIF20A,gene_top100_scaled,0.09999999999999998,0.09050788247236562,0.21580846006953297,1201.254221269788,484.3756883185357
KIF20A,gene_top200,0.09999999999999998,0.1120900254819083,0.2771172792243792,1201.254221269788,484.3756883185357
KIF20A,gene_top200_scaled,0.09999999999999998,0.11209002548190825,0.2771172792243797,1201.254221269788,484.3756883185357
KIF20A,gene_top500,0.09999999999999998,0.15533902290617446,0.36971891870375073,1201.254221269788,484.3756883185357
KIF20A,gene_top500_scaled,0.09999999999999998,0.15533902290617455,0.3697189187037507,1201.254221269788,484.3756883185357
KIF20A,gene_direct_x2,0.1266666666666667,0.25346700365894825,0.4422193293479464,1201.254221269788,484.3756883185357
KIF20A,gene_direct_x4,0.16666666666666663,0.25346700365894825,0.4422193293479464,1201.254221269788,484.3756883185357
KIF20A,gene_direct_x8,0.19999999999999996,0.25346700365894825,0.4422193293479464,1201.254221269788,484.3756883185357
KIF20A,gene_direct_x16,0.3866666666666667,0.25346700365894825,0.4422193293479464,1201.254221269788,484.3756883185357
KIF20A,gene_direct_x32,0.6866666666666666,0.25346700365894825,0.4422193293479464,1201.254221269788,484.3756883185357
KIF20A,gene_direct_x64,0.9333333333333333,0.25346700365894825,0.4422193293479464,1201.254221269788,484.3756883185357
KIF20A,gene_direct_x128,0.94,0.25346700365894825,0.4422193293479464,1201.254221269788,484.3756883185357
KIF20A,gene_direct_x256,0.94,0.25346700365894825,0.4422193293479464,1201.254221269788,484.3756883185357
KIF20A,gene_top100_x16,0.09999999999999998,0.09050788247236563,0.2158084600695329,1201.254221269788,484.3756883185357
KIF20A,gene_top100_x64,0.09999999999999998,0.09050788247236563,0.2158084600695329,1201.254221269788,484.3756883185357
KIF20A,gene_top100_x256,0.09999999999999998,0.09050788247236563,0.2158084600695329,1201.254221269788,484.3756883185357
KIF20A,gene_top200_x16,0.09999999999999998,0.1120900254819083,0.2771172792243792,1201.254221269788,484.3756883185357
KIF20A,gene_top200_x64,0.09999999999999998,0.1120900254819083,0.2771172792243792,1201.254221269788,484.3756883185357
KIF20A,gene_top200_x256,0.09999999999999998,0.1120900254819083,0.2771172792243792,1201.254221269788,484.3756883185357
KIF20A,prog,0.10666666666666669,0.2564093035445047,0.5137408250693066,1201.254221269788,484.3756883185357
KLF10,zero,0.42000000000000004,0.0,0.0,427.0441094544949,149.2347491979599
KLF10,h1_mean,0.6866666666666666,0.6080821727144143,0.08249973684545064,427.0441094544949,149.2347491979599
KLF10,gene_direct,0.44666666666666666,0.08093827875989179,-0.005224824792979406,427.0441094544949,149.2347491979599
KLF10,gene_scaled,0.42000000000000004,0.08093827875989179,-0.005224824792979416,427.0441094544949,149.2347491979599
KLF10,gene_top50,0.42000000000000004,0.02742660090694343,-0.0018290544330827095,427.0441094544949,149.2347491979599
KLF10,gene_top50_scaled,0.42000000000000004,0.02742660090694343,-0.0018290544330826983,427.0441094544949,149.2347491979599
KLF10,gene_top100,0.42000000000000004,0.03736792591769946,-0.0092411960923199,427.0441094544949,149.2347491979599
KLF10,gene_top100_scaled,0.42000000000000004,0.037367925917699454,-0.009241196092319909,427.0441094544949,149.2347491979599
KLF10,gene_top200,0.42000000000000004,0.03335441904328773,-0.007673410588108542,427.0441094544949,149.2347491979599
KLF10,gene_top200_scaled,0.42000000000000004,0.03335441904328774,-0.007673410588108574,427.0441094544949,149.2347491979599
KLF10,gene_top500,0.42666666666666664,0.04477910277056753,-0.027661363582375687,427.0441094544949,149.2347491979599
KLF10,gene_top500_scaled,0.42000000000000004,0.04477910277056755,-0.027661363582375684,427.0441094544949,149.2347491979599
KLF10,gene_direct_x2,0.4866666666666667,0.08093827875989179,-0.005224824792979406,427.0441094544949,149.2347491979599
KLF10,gene_direct_x4,0.5333333333333333,0.08093827875989179,-0.005224824792979406,427.0441094544949,149.2347491979599
KLF10,gene_direct_x8,0.5666666666666667,0.08093827875989179,-0.005224824792979406,427.0441094544949,149.2347491979599
KLF10,gene_direct_x16,0.6133333333333333,0.08093827875989179,-0.005224824792979406,427.0441094544949,149.2347491979599
KLF10,gene_direct_x32,0.6466666666666667,0.08093827875989179,-0.005224824792979406,427.0441094544949,149.2347491979599
KLF10,gene_direct_x64,0.6533333333333333,0.08093827875989179,-0.005224824792979406,427.0441094544949,149.2347491979599
KLF10,gene_direct_x128,0.6599999999999999,0.08093827875989179,-0.005224824792979406,427.0441094544949,149.2347491979599
KLF10,gene_direct_x256,0.6666666666666667,0.08093827875989179,-0.005224824792979406,427.0441094544949,149.2347491979599
KLF10,gene_top100_x16,0.42000000000000004,0.03736792591769946,-0.0092411960923199,427.0441094544949,149.2347491979599
KLF10,gene_top100_x64,0.42000000000000004,0.03736792591769946,-0.0092411960923199,427.0441094544949,149.2347491979599
KLF10,gene_top100_x256,0.42000000000000004,0.03736792591769946,-0.0092411960923199,427.0441094544949,149.2347491979599
KLF10,gene_top200_x16,0.42000000000000004,0.03335441904328773,-0.007673410588108542,427.0441094544949,149.2347491979599
KLF10,gene_top200_x64,0.42000000000000004,0.03335441904328773,-0.007673410588108542,427.0441094544949,149.2347491979599
KLF10,gene_top200_x256,0.42000000000000004,0.03335441904328773,-0.007673410588108542,427.0441094544949,149.2347491979599
KLF10,prog,0.44666666666666666,0.4167853415308284,-0.19576448893733064,427.0441094544949,149.2347491979599
LRPPRC,zero,0.31999999999999995,0.0,0.0,537.3005965742886,294.1872139193117
LRPPRC,h1_mean,0.42000000000000004,0.523962207915723,0.4499788165176508,537.3005965742886,294.1872139193117
LRPPRC,gene_direct,0.3733333333333333,0.2429022118795363,0.34977232110339757,537.3005965742886,294.1872139193117
LRPPRC,gene_scaled,0.33999999999999997,0.2429022118795363,0.3497723211033978,537.3005965742886,294.1872139193117
LRPPRC,gene_top50,0.3533333333333334,0.23893565581388115,0.3074577107874577,537.3005965742886,294.1872139193117
LRPPRC,gene_top50_scaled,0.33999999999999997,0.23893565581388113,0.30745771078745776,537.3005965742886,294.1872139193117
LRPPRC,gene_top100,0.3533333333333334,0.2431878411055989,0.3155641284281605,537.3005965742886,294.1872139193117
LRPPRC,gene_top100_scaled,0.33999999999999997,0.24318784110559893,0.3155641284281605,537.3005965742886,294.1872139193117
LRPPRC,gene_top200,0.36,0.24677703690162076,0.3233668558459879,537.3005965742886,294.1872139193117
LRPPRC,gene_top200_scaled,0.33999999999999997,0.24677703690162073,0.32336685584598784,537.3005965742886,294.1872139193117
LRPPRC,gene_top500,0.36,0.24883736253424185,0.3337292231290407,537.3005965742886,294.1872139193117
LRPPRC,gene_top500_scaled,0.33999999999999997,0.24883736253424185,0.3337292231290406,537.3005965742886,294.1872139193117
LRPPRC,gene_direct_x2,0.3933333333333333,0.2429022118795363,0.34977232110339757,537.3005965742886,294.1872139193117
LRPPRC,gene_direct_x4,0.42666666666666664,0.2429022118795363,0.34977232110339757,537.3005965742886,294.1872139193117
LRPPRC,gene_direct_x8,0.48,0.2429022118795363,0.34977232110339757,537.3005965742886,294.1872139193117
LRPPRC,gene_direct_x16,0.5733333333333333,0.2429022118795363,0.34977232110339757,537.3005965742886,294.1872139193117
LRPPRC,gene_direct_x32,0.62,0.2429022118795363,0.34977232110339757,537.3005965742886,294.1872139193117
LRPPRC,gene_direct_x64,0.6533333333333333,0.2429022118795363,0.34977232110339757,537.3005965742886,294.1872139193117
LRPPRC,gene_direct_x128,0.6666666666666667,0.2429022118795363,0.34977232110339757,537.3005965742886,294.1872139193117
LRPPRC,gene_direct_x256,0.6733333333333333,0.2429022118795363,0.34977232110339757,537.3005965742886,294.1872139193117
LRPPRC,gene_top100_x16,0.36,0.2431878411055989,0.3155641284281605,537.3005965742886,294.1872139193117
LRPPRC,gene_top100_x64,0.36,0.2431878411055989,0.3155641284281605,537.3005965742886,294.1872139193117
LRPPRC,gene_top100_x256,0.36,0.2431878411055989,0.3155641284281605,537.3005965742886,294.1872139193117
LRPPRC,gene_top200_x16,0.36,0.24677703690162076,0.3233668558459879,537.3005965742886,294.1872139193117
LRPPRC,gene_top200_x64,0.36,0.24677703690162076,0.3233668558459879,537.3005965742886,294.1872139193117
LRPPRC,gene_top200_x256,0.36,0.24677703690162076,0.3233668558459879,537.3005965742886,294.1872139193117
LRPPRC,prog,0.3866666666666667,0.23711737651959738,0.3148024650743157,537.3005965742886,294.1872139193117
LZTR1,zero,0.3466666666666667,0.0,0.0,528.322723437781,232.0200733956881
LZTR1,h1_mean,0.3666666666666667,0.4150510075295704,0.40369309155211075,528.322723437781,232.0200733956881
LZTR1,gene_direct,0.3733333333333333,0.19615131087387225,0.2646590912039825,528.322723437781,232.0200733956881
LZTR1,gene_scaled,0.3533333333333334,0.19615131087387216,0.2646590912039824,528.322723437781,232.0200733956881
LZTR1,gene_top50,0.3533333333333334,0.13908872093112198,0.16672195513470536,528.322723437781,232.0200733956881
LZTR1,gene_top50_scaled,0.3466666666666667,0.13908872093112193,0.1667219551347061,528.322723437781,232.0200733956881
LZTR1,gene_top100,0.3533333333333334,0.1653079751565365,0.19960601494399177,528.322723437781,232.0200733956881
LZTR1,gene_top100_scaled,0.3466666666666667,0.16530797515653645,0.1996060149439921,528.322723437781,232.0200733956881
LZTR1,gene_top200,0.3533333333333334,0.16407548047479334,0.19857557229072037,528.322723437781,232.0200733956881
LZTR1,gene_top200_scaled,0.3466666666666667,0.16407548047479334,0.19857557229072012,528.322723437781,232.0200733956881
LZTR1,gene_top500,0.36,0.17499886217882793,0.21051401497958175,528.322723437781,232.0200733956881
LZTR1,gene_top500_scaled,0.3466666666666667,0.17499886217882787,0.21051401497958214,528.322723437781,232.0200733956881
LZTR1,gene_direct_x2,0.3933333333333333,0.19615131087387225,0.2646590912039825,528.322723437781,232.0200733956881
LZTR1,gene_direct_x4,0.4,0.19615131087387225,0.2646590912039825,528.322723437781,232.0200733956881
LZTR1,gene_direct_x8,0.4733333333333334,0.19615131087387225,0.2646590912039825,528.322723437781,232.0200733956881
LZTR1,gene_direct_x16,0.6466666666666667,0.19615131087387225,0.2646590912039825,528.322723437781,232.0200733956881
LZTR1,gene_direct_x32,0.84,0.19615131087387225,0.2646590912039825,528.322723437781,232.0200733956881
LZTR1,gene_direct_x64,0.9666666666666667,0.19615131087387225,0.2646590912039825,528.322723437781,232.0200733956881
LZTR1,gene_direct_x128,1.0,0.19615131087387225,0.2646590912039825,528.322723437781,232.0200733956881
LZTR1,gene_direct_x256,1.0,0.19615131087387225,0.2646590912039825,528.322723437781,232.0200733956881
LZTR1,gene_top100_x16,0.36,0.1653079751565365,0.19960601494399177,528.322723437781,232.0200733956881
LZTR1,gene_top100_x64,0.36,0.1653079751565365,0.19960601494399177,528.322723437781,232.0200733956881
LZTR1,gene_top100_x256,0.36,0.1653079751565365,0.19960601494399177,528.322723437781,232.0200733956881
LZTR1,gene_top200_x16,0.3666666666666667,0.16407548047479334,0.19857557229072037,528.322723437781,232.0200733956881
LZTR1,gene_top200_x64,0.3666666666666667,0.16407548047479334,0.19857557229072037,528.322723437781,232.0200733956881
LZTR1,gene_top200_x256,0.3666666666666667,0.16407548047479334,0.19857557229072037,528.322723437781,232.0200733956881
LZTR1,prog,0.36,0.15166907440910632,0.11506656545012317,528.322723437781,232.0200733956881
MAP1B,zero,0.7733333333333333,0.0,0.0,208.19411603311528,241.63591795042157
MAP1B,h1_mean,0.5333333333333333,-0.2701441675187571,0.029322031928618587,208.19411603311528,241.63591795042157
MAP1B,gene_direct,0.7466666666666666,0.03572625891842145,0.3540699852694894,208.19411603311528,241.63591795042157
MAP1B,gene_scaled,0.7733333333333333,0.035726258918421426,0.35406998526948935,208.19411603311528,241.63591795042157
MAP1B,gene_top50,0.7733333333333333,0.3118913526485287,0.4663639827240924,208.19411603311528,241.63591795042157
MAP1B,gene_top50_scaled,0.7733333333333333,0.3118913526485285,0.46636398272409296,208.19411603311528,241.63591795042157
MAP1B,gene_top100,0.7733333333333333,0.2578320989326072,0.41415167234488093,208.19411603311528,241.63591795042157
MAP1B,gene_top100_scaled,0.7733333333333333,0.25783209893260717,0.41415167234488154,208.19411603311528,241.63591795042157
MAP1B,gene_top200,0.7733333333333333,0.20082276955336043,0.37311440106548505,208.19411603311528,241.63591795042157
MAP1B,gene_top200_scaled,0.7733333333333333,0.20082276955336031,0.3731144010654846,208.19411603311528,241.63591795042157
MAP1B,gene_top500,0.7733333333333333,0.14061965888528508,0.3610468996303146,208.19411603311528,241.63591795042157
MAP1B,gene_top500_scaled,0.7733333333333333,0.140619658885285,0.3610468996303142,208.19411603311528,241.63591795042157
MAP1B,gene_direct_x2,0.7333333333333334,0.03572625891842145,0.3540699852694894,208.19411603311528,241.63591795042157
MAP1B,gene_direct_x4,0.7066666666666667,0.03572625891842145,0.3540699852694894,208.19411603311528,241.63591795042157
MAP1B,gene_direct_x8,0.6799999999999999,0.03572625891842145,0.3540699852694894,208.19411603311528,241.63591795042157
MAP1B,gene_direct_x16,0.6599999999999999,0.03572625891842145,0.3540699852694894,208.19411603311528,241.63591795042157
MAP1B,gene_direct_x32,0.64,0.03572625891842145,0.3540699852694894,208.19411603311528,241.63591795042157
MAP1B,gene_direct_x64,0.6333333333333333,0.03572625891842145,0.3540699852694894,208.19411603311528,241.63591795042157
MAP1B,gene_direct_x128,0.6266666666666667,0.03572625891842145,0.3540699852694894,208.19411603311528,241.63591795042157
MAP1B,gene_direct_x256,0.6133333333333333,0.03572625891842145,0.3540699852694894,208.19411603311528,241.63591795042157
MAP1B,gene_top100_x16,0.7733333333333333,0.2578320989326072,0.41415167234488093,208.19411603311528,241.63591795042157
MAP1B,gene_top100_x64,0.7733333333333333,0.2578320989326072,0.41415167234488093,208.19411603311528,241.63591795042157
MAP1B,gene_top100_x256,0.7733333333333333,0.2578320989326072,0.41415167234488093,208.19411603311528,241.63591795042157
MAP1B,gene_top200_x16,0.7733333333333333,0.20082276955336043,0.37311440106548505,208.19411603311528,241.63591795042157
MAP1B,gene_top200_x64,0.7733333333333333,0.20082276955336043,0.37311440106548505,208.19411603311528,241.63591795042157
MAP1B,gene_top200_x256,0.7733333333333333,0.20082276955336043,0.37311440106548505,208.19411603311528,241.63591795042157
MAP1B,prog,0.6133333333333333,-0.26876803463811294,0.11635255799739151,208.19411603311528,241.63591795042157
MAP3K7,zero,0.88,0.0,0.0,147.09041808233087,251.6474024914205
MAP3K7,h1_mean,0.7933333333333333,-0.12284887592142428,-0.0819956450027179,147.09041808233087,251.6474024914205
MAP3K7,gene_direct,0.88,0.046466056021540934,0.09374361246362141,147.09041808233087,251.6474024914205
MAP3K7,gene_scaled,0.88,0.04646605602154093,0.09374361246362135,147.09041808233087,251.6474024914205
MAP3K7,gene_top50,0.88,0.18071758637711996,0.20637505814417198,147.09041808233087,251.6474024914205
MAP3K7,gene_top50_scaled,0.88,0.18071758637711993,0.20637505814417204,147.09041808233087,251.6474024914205
MAP3K7,gene_top100,0.88,0.14091481505354472,0.15955292531975013,147.09041808233087,251.6474024914205
MAP3K7,gene_top100_scaled,0.88,0.14091481505354467,0.1595529253197506,147.09041808233087,251.6474024914205
MAP3K7,gene_top200,0.88,0.1101427942908939,0.12238719794179546,147.09041808233087,251.6474024914205
MAP3K7,gene_top200_scaled,0.88,0.11014279429089391,0.12238719794179534,147.09041808233087,251.6474024914205
MAP3K7,gene_top500,0.88,0.08624797872289512,0.09236221665998869,147.09041808233087,251.6474024914205
MAP3K7,gene_top500_scaled,0.88,0.08624797872289519,0.09236221665998866,147.09041808233087,251.6474024914205
MAP3K7,gene_direct_x2,0.88,0.046466056021540934,0.09374361246362141,147.09041808233087,251.6474024914205
MAP3K7,gene_direct_x4,0.88,0.046466056021540934,0.09374361246362141,147.09041808233087,251.6474024914205
MAP3K7,gene_direct_x8,0.8866666666666667,0.046466056021540934,0.09374361246362141,147.09041808233087,251.6474024914205
MAP3K7,gene_direct_x16,0.8866666666666667,0.046466056021540934,0.09374361246362141,147.09041808233087,251.6474024914205
MAP3K7,gene_direct_x32,0.8866666666666667,0.046466056021540934,0.09374361246362141,147.09041808233087,251.6474024914205
MAP3K7,gene_direct_x64,0.88,0.046466056021540934,0.09374361246362141,147.09041808233087,251.6474024914205
MAP3K7,gene_direct_x128,0.88,0.046466056021540934,0.09374361246362141,147.09041808233087,251.6474024914205
MAP3K7,gene_direct_x256,0.88,0.046466056021540934,0.09374361246362141,147.09041808233087,251.6474024914205
MAP3K7,gene_top100_x16,0.8866666666666667,0.14091481505354472,0.15955292531975013,147.09041808233087,251.6474024914205
MAP3K7,gene_top100_x64,0.8866666666666667,0.14091481505354472,0.15955292531975013,147.09041808233087,251.6474024914205
MAP3K7,gene_top100_x256,0.8866666666666667,0.14091481505354472,0.15955292531975013,147.09041808233087,251.6474024914205
MAP3K7,gene_top200_x16,0.8866666666666667,0.1101427942908939,0.12238719794179546,147.09041808233087,251.6474024914205
MAP3K7,gene_top200_x64,0.8866666666666667,0.1101427942908939,0.12238719794179546,147.09041808233087,251.6474024914205
MAP3K7,gene_top200_x256,0.8866666666666667,0.1101427942908939,0.12238719794179546,147.09041808233087,251.6474024914205
MAP3K7,prog,0.8733333333333333,-0.0018898888298851375,-0.00779414763439964,147.09041808233087,251.6474024914205
MAPKAPK2,zero,0.96,0.0,0.0,119.51769193329164,291.5490162745118
MAPKAPK2,h1_mean,0.88,-0.01685272204756407,0.06605511634084249,119.51769193329164,291.5490162745118
MAPKAPK2,gene_direct,0.9733333333333334,0.09978630843520053,0.15520945069676487,119.51769193329164,291.5490162745118
MAPKAPK2,gene_scaled,0.9666666666666667,0.09978630843520048,0.15520945069676442,119.51769193329164,291.5490162745118
MAPKAPK2,gene_top50,0.9666666666666667,0.2610270909545921,0.2915835387401037,119.51769193329164,291.5490162745118
MAPKAPK2,gene_top50_scaled,0.96,0.26102709095459214,0.29158353874010495,119.51769193329164,291.5490162745118
MAPKAPK2,gene_top100,0.9666666666666667,0.20517230109514978,0.22874505642274393,119.51769193329164,291.5490162745118
MAPKAPK2,gene_top100_scaled,0.96,0.2051723010951498,0.2287450564227431,119.51769193329164,291.5490162745118
MAPKAPK2,gene_top200,0.9666666666666667,0.16767666209905083,0.18605134978692123,119.51769193329164,291.5490162745118
MAPKAPK2,gene_top200_scaled,0.96,0.1676766620990507,0.1860513497869207,119.51769193329164,291.5490162745118
MAPKAPK2,gene_top500,0.9666666666666667,0.13508440195129606,0.14777203977229916,119.51769193329164,291.5490162745118
MAPKAPK2,gene_top500_scaled,0.9666666666666667,0.135084401951296,0.14777203977229933,119.51769193329164,291.5490162745118
MAPKAPK2,gene_direct_x2,0.98,0.09978630843520053,0.15520945069676487,119.51769193329164,291.5490162745118
MAPKAPK2,gene_direct_x4,0.9866666666666667,0.09978630843520053,0.15520945069676487,119.51769193329164,291.5490162745118
MAPKAPK2,gene_direct_x8,0.9933333333333333,0.09978630843520053,0.15520945069676487,119.51769193329164,291.5490162745118
MAPKAPK2,gene_direct_x16,0.9933333333333333,0.09978630843520053,0.15520945069676487,119.51769193329164,291.5490162745118
MAPKAPK2,gene_direct_x32,0.9933333333333333,0.09978630843520053,0.15520945069676487,119.51769193329164,291.5490162745118
MAPKAPK2,gene_direct_x64,0.9866666666666667,0.09978630843520053,0.15520945069676487,119.51769193329164,291.5490162745118
MAPKAPK2,gene_direct_x128,0.98,0.09978630843520053,0.15520945069676487,119.51769193329164,291.5490162745118
MAPKAPK2,gene_direct_x256,0.98,0.09978630843520053,0.15520945069676487,119.51769193329164,291.5490162745118
MAPKAPK2,gene_top100_x16,0.98,0.20517230109514978,0.22874505642274393,119.51769193329164,291.5490162745118
MAPKAPK2,gene_top100_x64,0.98,0.20517230109514978,0.22874505642274393,119.51769193329164,291.5490162745118
MAPKAPK2,gene_top100_x256,0.98,0.20517230109514978,0.22874505642274393,119.51769193329164,291.5490162745118
MAPKAPK2,gene_top200_x16,0.98,0.16767666209905083,0.18605134978692123,119.51769193329164,291.5490162745118
MAPKAPK2,gene_top200_x64,0.98,0.16767666209905083,0.18605134978692123,119.51769193329164,291.5490162745118
MAPKAPK2,gene_top200_x256,0.98,0.16767666209905083,0.18605134978692123,119.51769193329164,291.5490162745118
MAPKAPK2,prog,0.9866666666666667,0.06823922286711713,0.0554664955090996,119.51769193329164,291.5490162745118
MAST2,zero,0.7866666666666666,0.0,0.0,196.26912748440736,278.38028278946877
MAST2,h1_mean,0.8200000000000001,0.0615521729318101,0.04827369330530692,196.26912748440736,278.38028278946877
MAST2,gene_direct,0.78,0.024637686484803946,0.03680076724505047,196.26912748440736,278.38028278946877
MAST2,gene_scaled,0.7866666666666666,0.02463768648480395,0.03680076724505038,196.26912748440736,278.38028278946877
MAST2,gene_top50,0.7866666666666666,0.018770708739006967,0.022824327881199688,196.26912748440736,278.38028278946877
MAST2,gene_top50_scaled,0.7866666666666666,0.01877070873900696,0.022824327881199646,196.26912748440736,278.38028278946877
MAST2,gene_top100,0.7866666666666666,0.04354115171990475,0.060126401806886214,196.26912748440736,278.38028278946877
MAST2,gene_top100_scaled,0.7866666666666666,0.043541151719904754,0.06012640180688633,196.26912748440736,278.38028278946877
MAST2,gene_top200,0.7933333333333333,0.04129718877784842,0.053409213775597396,196.26912748440736,278.38028278946877
MAST2,gene_top200_scaled,0.7866666666666666,0.04129718877784844,0.05340921377559754,196.26912748440736,278.38028278946877
MAST2,gene_top500,0.7933333333333333,0.03451614018460846,0.035950344024009005,196.26912748440736,278.38028278946877
MAST2,gene_top500_scaled,0.7866666666666666,0.03451614018460846,0.03595034402400909,196.26912748440736,278.38028278946877
MAST2,gene_direct_x2,0.7666666666666666,0.024637686484803946,0.03680076724505047,196.26912748440736,278.38028278946877
MAST2,gene_direct_x4,0.7666666666666666,0.024637686484803946,0.03680076724505047,196.26912748440736,278.38028278946877
MAST2,gene_direct_x8,0.7533333333333333,0.024637686484803946,0.03680076724505047,196.26912748440736,278.38028278946877
MAST2,gene_direct_x16,0.7533333333333333,0.024637686484803946,0.03680076724505047,196.26912748440736,278.38028278946877
MAST2,gene_direct_x32,0.7533333333333333,0.024637686484803946,0.03680076724505047,196.26912748440736,278.38028278946877
MAST2,gene_direct_x64,0.7533333333333333,0.024637686484803946,0.03680076724505047,196.26912748440736,278.38028278946877
MAST2,gene_direct_x128,0.7466666666666666,0.024637686484803946,0.03680076724505047,196.26912748440736,278.38028278946877
MAST2,gene_direct_x256,0.7466666666666666,0.024637686484803946,0.03680076724505047,196.26912748440736,278.38028278946877
MAST2,gene_top100_x16,0.8,0.04354115171990475,0.060126401806886214,196.26912748440736,278.38028278946877
MAST2,gene_top100_x64,0.8,0.04354115171990475,0.060126401806886214,196.26912748440736,278.38028278946877
MAST2,gene_top100_x256,0.8,0.04354115171990475,0.060126401806886214,196.26912748440736,278.38028278946877
MAST2,gene_top200_x16,0.8,0.04129718877784842,0.053409213775597396,196.26912748440736,278.38028278946877
MAST2,gene_top200_x64,0.8,0.04129718877784842,0.053409213775597396,196.26912748440736,278.38028278946877
MAST2,gene_top200_x256,0.8,0.04129718877784842,0.053409213775597396,196.26912748440736,278.38028278946877
MAST2,prog,0.7333333333333334,-0.020691799961097466,0.0012736741340227888,196.26912748440736,278.38028278946877
MAU2,zero,0.15333333333333332,0.0,0.0,1009.8558957573259,514.9931999642401
MAU2,h1_mean,0.15333333333333332,0.4243285454558455,0.3627208272067309,1009.8558957573259,514.9931999642401
MAU2,gene_direct,0.17333333333333334,0.2466536176307258,0.06319569425477096,1009.8558957573259,514.9931999642401
MAU2,gene_scaled,0.15333333333333332,0.24665361763072582,0.06319569425477094,1009.8558957573259,514.9931999642401
MAU2,gene_top50,0.15333333333333332,0.059108855314525255,0.019295667849800212,1009.8558957573259,514.9931999642401
MAU2,gene_top50_scaled,0.15333333333333332,0.05910885531452529,0.01929566784980022,1009.8558957573259,514.9931999642401
MAU2,gene_top100,0.15333333333333332,0.09010059478015703,0.03247087375038986,1009.8558957573259,514.9931999642401
MAU2,gene_top100_scaled,0.15333333333333332,0.09010059478015706,0.03247087375038995,1009.8558957573259,514.9931999642401
MAU2,gene_top200,0.15333333333333332,0.11091220231156416,0.01740560990933893,1009.8558957573259,514.9931999642401
MAU2,gene_top200_scaled,0.15333333333333332,0.11091220231156416,0.01740560990933893,1009.8558957573259,514.9931999642401
MAU2,gene_top500,0.16000000000000003,0.15211210440145684,-0.018231302255128957,1009.8558957573259,514.9931999642401
MAU2,gene_top500_scaled,0.15333333333333332,0.1521121044014568,-0.018231302255128933,1009.8558957573259,514.9931999642401
MAU2,gene_direct_x2,0.18000000000000005,0.2466536176307258,0.06319569425477096,1009.8558957573259,514.9931999642401
MAU2,gene_direct_x4,0.18666666666666665,0.2466536176307258,0.06319569425477096,1009.8558957573259,514.9931999642401
MAU2,gene_direct_x8,0.2866666666666666,0.2466536176307258,0.06319569425477096,1009.8558957573259,514.9931999642401
MAU2,gene_direct_x16,0.6666666666666667,0.2466536176307258,0.06319569425477096,1009.8558957573259,514.9931999642401
MAU2,gene_direct_x32,0.8666666666666667,0.2466536176307258,0.06319569425477096,1009.8558957573259,514.9931999642401
MAU2,gene_direct_x64,0.8666666666666667,0.2466536176307258,0.06319569425477096,1009.8558957573259,514.9931999642401
MAU2,gene_direct_x128,0.8866666666666667,0.2466536176307258,0.06319569425477096,1009.8558957573259,514.9931999642401
MAU2,gene_direct_x256,0.88,0.2466536176307258,0.06319569425477096,1009.8558957573259,514.9931999642401
MAU2,gene_top100_x16,0.15333333333333332,0.09010059478015703,0.03247087375038986,1009.8558957573259,514.9931999642401
MAU2,gene_top100_x64,0.15333333333333332,0.09010059478015703,0.03247087375038986,1009.8558957573259,514.9931999642401
MAU2,gene_top100_x256,0.15333333333333332,0.09010059478015703,0.03247087375038986,1009.8558957573259,514.9931999642401
MAU2,gene_top200_x16,0.15333333333333332,0.11091220231156416,0.01740560990933893,1009.8558957573259,514.9931999642401
MAU2,gene_top200_x64,0.15333333333333332,0.11091220231156416,0.01740560990933893,1009.8558957573259,514.9931999642401
MAU2,gene_top200_x256,0.15333333333333332,0.11091220231156416,0.01740560990933893,1009.8558957573259,514.9931999642401
MAU2,prog,0.16000000000000003,0.2558242983875557,0.011223135847705727,1009.8558957573259,514.9931999642401
MBTPS1,zero,0.19999999999999996,0.0,0.0,802.4982714554899,192.01539007090034
MBTPS1,h1_mean,0.21999999999999997,0.5350735520271953,0.371749884581491,802.4982714554899,192.01539007090034
MBTPS1,gene_direct,0.22666666666666668,0.43552729162778026,0.5032206612461212,802.4982714554899,192.01539007090034
MBTPS1,gene_scaled,0.21999999999999997,0.4355272916277804,0.5032206612461211,802.4982714554899,192.01539007090034
MBTPS1,gene_top50,0.21999999999999997,0.4293859788321246,0.5236460247295864,802.4982714554899,192.01539007090034
MBTPS1,gene_top50_scaled,0.19999999999999996,0.42938597883212487,0.5236460247295881,802.4982714554899,192.01539007090034
MBTPS1,gene_top100,0.21999999999999997,0.44305289516966384,0.5251832668547372,802.4982714554899,192.01539007090034
MBTPS1,gene_top100_scaled,0.21333333333333337,0.4430528951696641,0.5251832668547359,802.4982714554899,192.01539007090034
MBTPS1,gene_top200,0.21999999999999997,0.4416537964213588,0.5023023117919525,802.4982714554899,192.01539007090034
MBTPS1,gene_top200_scaled,0.21333333333333337,0.4416537964213588,0.502302311791954,802.4982714554899,192.01539007090034
MBTPS1,gene_top500,0.22666666666666668,0.4382510192110993,0.4604559430739845,802.4982714554899,192.01539007090034
MBTPS1,gene_top500_scaled,0.21333333333333337,0.43825101921109927,0.4604559430739844,802.4982714554899,192.01539007090034
MBTPS1,gene_direct_x2,0.2533333333333333,0.43552729162778026,0.5032206612461212,802.4982714554899,192.01539007090034
MBTPS1,gene_direct_x4,0.2866666666666666,0.43552729162778026,0.5032206612461212,802.4982714554899,192.01539007090034
MBTPS1,gene_direct_x8,0.45333333333333337,0.43552729162778026,0.5032206612461212,802.4982714554899,192.01539007090034
MBTPS1,gene_direct_x16,0.9266666666666666,0.43552729162778026,0.5032206612461212,802.4982714554899,192.01539007090034
MBTPS1,gene_direct_x32,1.0,0.43552729162778026,0.5032206612461212,802.4982714554899,192.01539007090034
MBTPS1,gene_direct_x64,1.0,0.43552729162778026,0.5032206612461212,802.4982714554899,192.01539007090034
MBTPS1,gene_direct_x128,0.9933333333333333,0.43552729162778026,0.5032206612461212,802.4982714554899,192.01539007090034
MBTPS1,gene_direct_x256,0.9933333333333333,0.43552729162778026,0.5032206612461212,802.4982714554899,192.01539007090034
MBTPS1,gene_top100_x16,0.24,0.44305289516966384,0.5251832668547372,802.4982714554899,192.01539007090034
MBTPS1,gene_top100_x64,0.24,0.44305289516966384,0.5251832668547372,802.4982714554899,192.01539007090034
MBTPS1,gene_top100_x256,0.24,0.44305289516966384,0.5251832668547372,802.4982714554899,192.01539007090034
MBTPS1,gene_top200_x16,0.26,0.4416537964213588,0.5023023117919525,802.4982714554899,192.01539007090034
MBTPS1,gene_top200_x64,0.26,0.4416537964213588,0.5023023117919525,802.4982714554899,192.01539007090034
MBTPS1,gene_top200_x256,0.26,0.4416537964213588,0.5023023117919525,802.4982714554899,192.01539007090034
MBTPS1,prog,0.23333333333333328,0.5988396060052785,0.6163686969154212,802.4982714554899,192.01539007090034
MED1,zero,0.21333333333333337,0.0,0.0,801.2845341905595,541.9523194821552
MED1,h1_mean,0.22666666666666668,0.607089512513241,0.24358227192120419,801.2845341905595,541.9523194821552
MED1,gene_direct,0.22666666666666668,0.2647254387094243,0.03701841200373006,801.2845341905595,541.9523194821552
MED1,gene_scaled,0.21333333333333337,0.2647254387094241,0.03701841200373006,801.2845341905595,541.9523194821552
MED1,gene_top50,0.21333333333333337,0.10627750667534433,0.0470499475744296,801.2845341905595,541.9523194821552
MED1,gene_top50_scaled,0.21333333333333337,0.10627750667534434,0.04704994757442956,801.2845341905595,541.9523194821552
MED1,gene_top100,0.21333333333333337,0.12589996498434453,0.038717498417667896,801.2845341905595,541.9523194821552
MED1,gene_top100_scaled,0.20666666666666667,0.12589996498434453,0.03871749841766803,801.2845341905595,541.9523194821552
MED1,gene_top200,0.21333333333333337,0.15585340588998584,0.0236353548500041,801.2845341905595,541.9523194821552
MED1,gene_top200_scaled,0.21333333333333337,0.1558534058899858,0.023635354850004064,801.2845341905595,541.9523194821552
MED1,gene_top500,0.21999999999999997,0.1979814632719629,0.0007910700206979218,801.2845341905595,541.9523194821552
MED1,gene_top500_scaled,0.21999999999999997,0.19798146327196287,0.000791070020697895,801.2845341905595,541.9523194821552
MED1,gene_direct_x2,0.2466666666666667,0.2647254387094243,0.03701841200373006,801.2845341905595,541.9523194821552
MED1,gene_direct_x4,0.33333333333333337,0.2647254387094243,0.03701841200373006,801.2845341905595,541.9523194821552
MED1,gene_direct_x8,0.5466666666666666,0.2647254387094243,0.03701841200373006,801.2845341905595,541.9523194821552
MED1,gene_direct_x16,0.8733333333333333,0.2647254387094243,0.03701841200373006,801.2845341905595,541.9523194821552
MED1,gene_direct_x32,0.9133333333333333,0.2647254387094243,0.03701841200373006,801.2845341905595,541.9523194821552
MED1,gene_direct_x64,0.8933333333333333,0.2647254387094243,0.03701841200373006,801.2845341905595,541.9523194821552
MED1,gene_direct_x128,0.9066666666666666,0.2647254387094243,0.03701841200373006,801.2845341905595,541.9523194821552
MED1,gene_direct_x256,0.9,0.2647254387094243,0.03701841200373006,801.2845341905595,541.9523194821552
MED1,gene_top100_x16,0.21999999999999997,0.12589996498434453,0.038717498417667896,801.2845341905595,541.9523194821552
MED1,gene_top100_x64,0.21999999999999997,0.12589996498434453,0.038717498417667896,801.2845341905595,541.9523194821552
MED1,gene_top100_x256,0.21999999999999997,0.12589996498434453,0.038717498417667896,801.2845341905595,541.9523194821552
MED1,gene_top200_x16,0.21333333333333337,0.15585340588998584,0.0236353548500041,801.2845341905595,541.9523194821552
MED1,gene_top200_x64,0.21333333333333337,0.15585340588998584,0.0236353548500041,801.2845341905595,541.9523194821552
MED1,gene_top200_x256,0.21333333333333337,0.15585340588998584,0.0236353548500041,801.2845341905595,541.9523194821552
MED1,prog,0.23333333333333328,0.30380600291802035,-0.11078673763264048,801.2845341905595,541.9523194821552
MED12,zero,0.48,0.0,0.0,368.30400123534855,725.0432234566658
MED12,h1_mean,0.5333333333333333,0.34142837483510996,0.3632240134690082,368.30400123534855,725.0432234566658
MED12,gene_direct,0.5333333333333333,0.11683327378869104,0.06894191159101645,368.30400123534855,725.0432234566658
MED12,gene_scaled,0.5,0.11683327378869099,0.06894191159101648,368.30400123534855,725.0432234566658
MED12,gene_top50,0.48,0.02517923988382676,0.010865962562332167,368.30400123534855,725.0432234566658
MED12,gene_top50_scaled,0.48,0.025179239883826757,0.010865962562332228,368.30400123534855,725.0432234566658
MED12,gene_top100,0.48,0.034111503334308464,0.013242792191723491,368.30400123534855,725.0432234566658
MED12,gene_top100_scaled,0.48,0.034111503334308464,0.013242792191723474,368.30400123534855,725.0432234566658
MED12,gene_top200,0.48,0.04795698910071504,0.02268057914913761,368.30400123534855,725.0432234566658
MED12,gene_top200_scaled,0.48,0.04795698910071506,0.02268057914913767,368.30400123534855,725.0432234566658
MED12,gene_top500,0.4866666666666667,0.065723248076489,0.03545657157520098,368.30400123534855,725.0432234566658
MED12,gene_top500_scaled,0.48,0.06572324807648897,0.03545657157520095,368.30400123534855,725.0432234566658
MED12,gene_direct_x2,0.54,0.11683327378869104,0.06894191159101645,368.30400123534855,725.0432234566658
MED12,gene_direct_x4,0.5533333333333333,0.11683327378869104,0.06894191159101645,368.30400123534855,725.0432234566658
MED12,gene_direct_x8,0.5933333333333333,0.11683327378869104,0.06894191159101645,368.30400123534855,725.0432234566658
MED12,gene_direct_x16,0.6599999999999999,0.11683327378869104,0.06894191159101645,368.30400123534855,725.0432234566658
MED12,gene_direct_x32,0.6666666666666667,0.11683327378869104,0.06894191159101645,368.30400123534855,725.0432234566658
MED12,gene_direct_x64,0.6599999999999999,0.11683327378869104,0.06894191159101645,368.30400123534855,725.0432234566658
MED12,gene_direct_x128,0.6599999999999999,0.11683327378869104,0.06894191159101645,368.30400123534855,725.0432234566658
MED12,gene_direct_x256,0.64,0.11683327378869104,0.06894191159101645,368.30400123534855,725.0432234566658
MED12,gene_top100_x16,0.48,0.034111503334308464,0.013242792191723491,368.30400123534855,725.0432234566658
MED12,gene_top100_x64,0.48,0.034111503334308464,0.013242792191723491,368.30400123534855,725.0432234566658
MED12,gene_top100_x256,0.48,0.034111503334308464,0.013242792191723491,368.30400123534855,725.0432234566658
MED12,gene_top200_x16,0.48,0.04795698910071504,0.02268057914913761,368.30400123534855,725.0432234566658
MED12,gene_top200_x64,0.48,0.04795698910071504,0.02268057914913761,368.30400123534855,725.0432234566658
MED12,gene_top200_x256,0.48,0.04795698910071504,0.02268057914913761,368.30400123534855,725.0432234566658
MED12,prog,0.6733333333333333,0.1568269399903103,0.08793228209880947,368.30400123534855,725.0432234566658
MED13,zero,0.43333333333333335,0.0,0.0,403.77241301639515,237.93205157667398
MED13,h1_mean,0.5066666666666666,0.36953453472358305,0.23403501384114322,403.77241301639515,237.93205157667398
MED13,gene_direct,0.42666666666666664,0.07840770660493303,0.09283573468406167,403.77241301639515,237.93205157667398
MED13,gene_scaled,0.43999999999999995,0.07840770660493307,0.09283573468406156,403.77241301639515,237.93205157667398
MED13,gene_top50,0.43333333333333335,0.10052919050267134,0.1405092361088479,403.77241301639515,237.93205157667398
MED13,gene_top50_scaled,0.43333333333333335,0.10052919050267137,0.1405092361088483,403.77241301639515,237.93205157667398
MED13,gene_top100,0.43333333333333335,0.08443229613118433,0.11779717670354335,403.77241301639515,237.93205157667398
MED13,gene_top100_scaled,0.43333333333333335,0.08443229613118435,0.11779717670354359,403.77241301639515,237.93205157667398
MED13,gene_top200,0.44666666666666666,0.08615581102967085,0.11313358564551419,403.77241301639515,237.93205157667398
MED13,gene_top200_scaled,0.43333333333333335,0.08615581102967082,0.11313358564551429,403.77241301639515,237.93205157667398
MED13,gene_top500,0.43999999999999995,0.07850878084636943,0.08630024029503204,403.77241301639515,237.93205157667398
MED13,gene_top500_scaled,0.43333333333333335,0.07850878084636943,0.08630024029503222,403.77241301639515,237.93205157667398
MED13,gene_direct_x2,0.4,0.07840770660493303,0.09283573468406167,403.77241301639515,237.93205157667398
MED13,gene_direct_x4,0.4066666666666666,0.07840770660493303,0.09283573468406167,403.77241301639515,237.93205157667398
MED13,gene_direct_x8,0.3933333333333333,0.07840770660493303,0.09283573468406167,403.77241301639515,237.93205157667398
MED13,gene_direct_x16,0.38,0.07840770660493303,0.09283573468406167,403.77241301639515,237.93205157667398
MED13,gene_direct_x32,0.3666666666666667,0.07840770660493303,0.09283573468406167,403.77241301639515,237.93205157667398
MED13,gene_direct_x64,0.36,0.07840770660493303,0.09283573468406167,403.77241301639515,237.93205157667398
MED13,gene_direct_x128,0.36,0.07840770660493303,0.09283573468406167,403.77241301639515,237.93205157667398
MED13,gene_direct_x256,0.36,0.07840770660493303,0.09283573468406167,403.77241301639515,237.93205157667398
MED13,gene_top100_x16,0.43999999999999995,0.08443229613118433,0.11779717670354335,403.77241301639515,237.93205157667398
MED13,gene_top100_x64,0.43999999999999995,0.08443229613118433,0.11779717670354335,403.77241301639515,237.93205157667398
MED13,gene_top100_x256,0.43999999999999995,0.08443229613118433,0.11779717670354335,403.77241301639515,237.93205157667398
MED13,gene_top200_x16,0.43999999999999995,0.08615581102967085,0.11313358564551419,403.77241301639515,237.93205157667398
MED13,gene_top200_x64,0.43999999999999995,0.08615581102967085,0.11313358564551419,403.77241301639515,237.93205157667398
MED13,gene_top200_x256,0.43999999999999995,0.08615581102967085,0.11313358564551419,403.77241301639515,237.93205157667398
MED13,prog,0.45999999999999996,0.14822002166680465,0.028311624098844766,403.77241301639515,237.93205157667398
MED13L,zero,0.7466666666666666,0.0,0.0,229.34845140561447,319.38142907992005
MED13L,h1_mean,0.7866666666666666,0.2330445536016361,0.24657428238423945,229.34845140561447,319.38142907992005
MED13L,gene_direct,0.7466666666666666,0.05463019764977956,0.06036568989897974,229.34845140561447,319.38142907992005
MED13L,gene_scaled,0.7466666666666666,0.05463019764977959,0.06036568989897967,229.34845140561447,319.38142907992005
MED13L,gene_top50,0.7466666666666666,0.06324189982491088,0.09358241892533549,229.34845140561447,319.38142907992005
MED13L,gene_top50_scaled,0.7466666666666666,0.0632418998249109,0.09358241892533548,229.34845140561447,319.38142907992005
MED13L,gene_top100,0.7466666666666666,0.05743839414703902,0.0706445790897202,229.34845140561447,319.38142907992005
MED13L,gene_top100_scaled,0.7466666666666666,0.05743839414703902,0.07064457908972017,229.34845140561447,319.38142907992005
MED13L,gene_top200,0.7466666666666666,0.04917038149575365,0.05551516797168902,229.34845140561447,319.38142907992005
MED13L,gene_top200_scaled,0.7466666666666666,0.04917038149575363,0.05551516797168903,229.34845140561447,319.38142907992005
MED13L,gene_top500,0.7466666666666666,0.05539639364492385,0.061330163799802655,229.34845140561447,319.38142907992005
MED13L,gene_top500_scaled,0.7466666666666666,0.05539639364492385,0.06133016379980288,229.34845140561447,319.38142907992005
MED13L,gene_direct_x2,0.74,0.05463019764977956,0.06036568989897974,229.34845140561447,319.38142907992005
MED13L,gene_direct_x4,0.7466666666666666,0.05463019764977956,0.06036568989897974,229.34845140561447,319.38142907992005
MED13L,gene_direct_x8,0.7466666666666666,0.05463019764977956,0.06036568989897974,229.34845140561447,319.38142907992005
MED13L,gene_direct_x16,0.7333333333333334,0.05463019764977956,0.06036568989897974,229.34845140561447,319.38142907992005
MED13L,gene_direct_x32,0.7266666666666667,0.05463019764977956,0.06036568989897974,229.34845140561447,319.38142907992005
MED13L,gene_direct_x64,0.72,0.05463019764977956,0.06036568989897974,229.34845140561447,319.38142907992005
MED13L,gene_direct_x128,0.7133333333333334,0.05463019764977956,0.06036568989897974,229.34845140561447,319.38142907992005
MED13L,gene_direct_x256,0.7133333333333334,0.05463019764977956,0.06036568989897974,229.34845140561447,319.38142907992005
MED13L,gene_top100_x16,0.7466666666666666,0.05743839414703902,0.0706445790897202,229.34845140561447,319.38142907992005
MED13L,gene_top100_x64,0.7466666666666666,0.05743839414703902,0.0706445790897202,229.34845140561447,319.38142907992005
MED13L,gene_top100_x256,0.7466666666666666,0.05743839414703902,0.0706445790897202,229.34845140561447,319.38142907992005
MED13L,gene_top200_x16,0.7466666666666666,0.04917038149575365,0.05551516797168902,229.34845140561447,319.38142907992005
MED13L,gene_top200_x64,0.7466666666666666,0.04917038149575365,0.05551516797168902,229.34845140561447,319.38142907992005
MED13L,gene_top200_x256,0.7466666666666666,0.04917038149575365,0.05551516797168902,229.34845140561447,319.38142907992005
MED13L,prog,0.7866666666666666,0.12497920174908043,0.013454984899473343,229.34845140561447,319.38142907992005
MED24,zero,0.14,0.0,0.0,1058.5990794623322,514.1492110094987
MED24,h1_mean,0.16666666666666663,0.6489635349809666,0.356385851132528,1058.5990794623322,514.1492110094987
MED24,gene_direct,0.14,0.11578798987080113,0.03271201928976883,1058.5990794623322,514.1492110094987
MED24,gene_scaled,0.14,0.11578798987080115,0.03271201928976886,1058.5990794623322,514.1492110094987
MED24,gene_top50,0.14,0.04480333360153397,-0.014420810165456313,1058.5990794623322,514.1492110094987
MED24,gene_top50_scaled,0.14,0.044803333601533976,-0.014420810165456266,1058.5990794623322,514.1492110094987
MED24,gene_top100,0.14,0.05198730815321074,-0.015376793772177039,1058.5990794623322,514.1492110094987
MED24,gene_top100_scaled,0.14,0.0519873081532107,-0.015376793772177044,1058.5990794623322,514.1492110094987
MED24,gene_top200,0.1466666666666666,0.07585672095006703,0.014475611689588587,1058.5990794623322,514.1492110094987
MED24,gene_top200_scaled,0.14,0.07585672095006703,0.014475611689588618,1058.5990794623322,514.1492110094987
MED24,gene_top500,0.1466666666666666,0.10047573180944933,0.01180689091246155,1058.5990794623322,514.1492110094987
MED24,gene_top500_scaled,0.14,0.10047573180944933,0.011806890912461503,1058.5990794623322,514.1492110094987
MED24,gene_direct_x2,0.1466666666666666,0.11578798987080113,0.03271201928976883,1058.5990794623322,514.1492110094987
MED24,gene_direct_x4,0.16666666666666663,0.11578798987080113,0.03271201928976883,1058.5990794623322,514.1492110094987
MED24,gene_direct_x8,0.18666666666666665,0.11578798987080113,0.03271201928976883,1058.5990794623322,514.1492110094987
MED24,gene_direct_x16,0.18666666666666665,0.11578798987080113,0.03271201928976883,1058.5990794623322,514.1492110094987
MED24,gene_direct_x32,0.20666666666666667,0.11578798987080113,0.03271201928976883,1058.5990794623322,514.1492110094987
MED24,gene_direct_x64,0.24,0.11578798987080113,0.03271201928976883,1058.5990794623322,514.1492110094987
MED24,gene_direct_x128,0.2466666666666667,0.11578798987080113,0.03271201928976883,1058.5990794623322,514.1492110094987
MED24,gene_direct_x256,0.2733333333333333,0.11578798987080113,0.03271201928976883,1058.5990794623322,514.1492110094987
MED24,gene_top100_x16,0.1466666666666666,0.05198730815321074,-0.015376793772177039,1058.5990794623322,514.1492110094987
MED24,gene_top100_x64,0.1466666666666666,0.05198730815321074,-0.015376793772177039,1058.5990794623322,514.1492110094987
MED24,gene_top100_x256,0.1466666666666666,0.05198730815321074,-0.015376793772177039,1058.5990794623322,514.1492110094987
MED24,gene_top200_x16,0.1466666666666666,0.07585672095006703,0.014475611689588587,1058.5990794623322,514.1492110094987
MED24,gene_top200_x64,0.1466666666666666,0.07585672095006703,0.014475611689588587,1058.5990794623322,514.1492110094987
MED24,gene_top200_x256,0.1466666666666666,0.07585672095006703,0.014475611689588587,1058.5990794623322,514.1492110094987
MED24,prog,0.1466666666666666,0.20132793192380324,0.04123025273101805,1058.5990794623322,514.1492110094987
METTL14,zero,0.020000000000000018,0.0,0.0,2425.713349428781,393.059157165885
METTL14,h1_mean,0.020000000000000018,0.46286577686922153,-0.007617887929207151,2425.713349428781,393.059157165885
METTL14,gene_direct,0.020000000000000018,0.4159956256498525,0.6245111439728663,2425.713349428781,393.059157165885
METTL14,gene_scaled,0.020000000000000018,0.4159956256498524,0.624511143972866,2425.713349428781,393.059157165885
METTL14,gene_top50,0.020000000000000018,0.09775064867918357,0.3091693544036994,2425.713349428781,393.059157165885
METTL14,gene_top50_scaled,0.020000000000000018,0.09775064867918362,0.3091693544036995,2425.713349428781,393.059157165885
METTL14,gene_top100,0.020000000000000018,0.1297866725361733,0.36830046896338375,2425.713349428781,393.059157165885
METTL14,gene_top100_scaled,0.020000000000000018,0.12978667253617324,0.3683004689633839,2425.713349428781,393.059157165885
METTL14,gene_top200,0.020000000000000018,0.1754295765652053,0.4388750847559662,2425.713349428781,393.059157165885
METTL14,gene_top200_scaled,0.020000000000000018,0.17542957656520533,0.4388750847559663,2425.713349428781,393.059157165885
METTL14,gene_top500,0.020000000000000018,0.2578122372440128,0.5500102856097854,2425.713349428781,393.059157165885
METTL14,gene_top500_scaled,0.020000000000000018,0.25781223724401275,0.5500102856097858,2425.713349428781,393.059157165885
METTL14,gene_direct_x2,0.026666666666666616,0.4159956256498525,0.6245111439728663,2425.713349428781,393.059157165885
METTL14,gene_direct_x4,0.040000000000000036,0.4159956256498525,0.6245111439728663,2425.713349428781,393.059157165885
METTL14,gene_direct_x8,0.19333333333333336,0.4159956256498525,0.6245111439728663,2425.713349428781,393.059157165885
METTL14,gene_direct_x16,1.0,0.4159956256498525,0.6245111439728663,2425.713349428781,393.059157165885
METTL14,gene_direct_x32,1.0,0.4159956256498525,0.6245111439728663,2425.713349428781,393.059157165885
METTL14,gene_direct_x64,1.0,0.4159956256498525,0.6245111439728663,2425.713349428781,393.059157165885
METTL14,gene_direct_x128,1.0,0.4159956256498525,0.6245111439728663,2425.713349428781,393.059157165885
METTL14,gene_direct_x256,1.0,0.4159956256498525,0.6245111439728663,2425.713349428781,393.059157165885
METTL14,gene_top100_x16,0.020000000000000018,0.1297866725361733,0.36830046896338375,2425.713349428781,393.059157165885
METTL14,gene_top100_x64,0.020000000000000018,0.1297866725361733,0.36830046896338375,2425.713349428781,393.059157165885
METTL14,gene_top100_x256,0.020000000000000018,0.1297866725361733,0.36830046896338375,2425.713349428781,393.059157165885
METTL14,gene_top200_x16,0.020000000000000018,0.1754295765652053,0.4388750847559662,2425.713349428781,393.059157165885
METTL14,gene_top200_x64,0.020000000000000018,0.1754295765652053,0.4388750847559662,2425.713349428781,393.059157165885
METTL14,gene_top200_x256,0.020000000000000018,0.1754295765652053,0.4388750847559662,2425.713349428781,393.059157165885
METTL14,prog,0.026666666666666616,0.5197437040435585,0.6608907214620592,2425.713349428781,393.059157165885
METTL17,zero,0.24,0.0,0.0,742.5850774739556,211.96190669089555
METTL17,h1_mean,0.28,0.719843750948716,0.45156693803692455,742.5850774739556,211.96190669089555
METTL17,gene_direct,0.26,0.20883229475107984,0.23808456878100437,742.5850774739556,211.96190669089555
METTL17,gene_scaled,0.24,0.20883229475107984,0.23808456878100437,742.5850774739556,211.96190669089555
METTL17,gene_top50,0.24,0.14327346690127518,0.20543276539897437,742.5850774739556,211.96190669089555
METTL17,gene_top50_scaled,0.24,0.14327346690127515,0.2054327653989745,742.5850774739556,211.96190669089555
METTL17,gene_top100,0.24,0.14768880220480088,0.19965823596073945,742.5850774739556,211.96190669089555
METTL17,gene_top100_scaled,0.24,0.14768880220480093,0.19965823596073967,742.5850774739556,211.96190669089555
METTL17,gene_top200,0.24,0.15863689085016922,0.19495911342944516,742.5850774739556,211.96190669089555
METTL17,gene_top200_scaled,0.24,0.1586368908501693,0.19495911342944466,742.5850774739556,211.96190669089555
METTL17,gene_top500,0.24,0.17885797645480322,0.19152476024559037,742.5850774739556,211.96190669089555
METTL17,gene_top500_scaled,0.24,0.17885797645480325,0.1915247602455899,742.5850774739556,211.96190669089555
METTL17,gene_direct_x2,0.2733333333333333,0.20883229475107984,0.23808456878100437,742.5850774739556,211.96190669089555
METTL17,gene_direct_x4,0.29333333333333333,0.20883229475107984,0.23808456878100437,742.5850774739556,211.96190669089555
METTL17,gene_direct_x8,0.3866666666666667,0.20883229475107984,0.23808456878100437,742.5850774739556,211.96190669089555
METTL17,gene_direct_x16,0.6266666666666667,0.20883229475107984,0.23808456878100437,742.5850774739556,211.96190669089555
METTL17,gene_direct_x32,0.9333333333333333,0.20883229475107984,0.23808456878100437,742.5850774739556,211.96190669089555
METTL17,gene_direct_x64,0.9933333333333333,0.20883229475107984,0.23808456878100437,742.5850774739556,211.96190669089555
METTL17,gene_direct_x128,1.0,0.20883229475107984,0.23808456878100437,742.5850774739556,211.96190669089555
METTL17,gene_direct_x256,1.0,0.20883229475107984,0.23808456878100437,742.5850774739556,211.96190669089555
METTL17,gene_top100_x16,0.24,0.14768880220480088,0.19965823596073945,742.5850774739556,211.96190669089555
METTL17,gene_top100_x64,0.24,0.14768880220480088,0.19965823596073945,742.5850774739556,211.96190669089555
METTL17,gene_top100_x256,0.24,0.14768880220480088,0.19965823596073945,742.5850774739556,211.96190669089555
METTL17,gene_top200_x16,0.24,0.15863689085016922,0.19495911342944516,742.5850774739556,211.96190669089555
METTL17,gene_top200_x64,0.24,0.15863689085016922,0.19495911342944516,742.5850774739556,211.96190669089555
METTL17,gene_top200_x256,0.24,0.15863689085016922,0.19495911342944516,742.5850774739556,211.96190669089555
METTL17,prog,0.2666666666666667,0.47920999730796676,0.23843295871002038,742.5850774739556,211.96190669089555
METTL3,zero,0.026666666666666616,0.0,0.0,2403.0855846965387,355.74350831620393
METTL3,h1_mean,0.026666666666666616,0.4630868337788265,-0.033720462608527936,2403.0855846965387,355.74350831620393
METTL3,gene_direct,0.026666666666666616,0.31741347882402593,0.6847925878768522,2403.0855846965387,355.74350831620393
METTL3,gene_scaled,0.026666666666666616,0.3174134788240261,0.6847925878768518,2403.0855846965387,355.74350831620393
METTL3,gene_top50,0.026666666666666616,0.09380808692711962,0.35401561084325717,2403.0855846965387,355.74350831620393
METTL3,gene_top50_scaled,0.026666666666666616,0.09380808692711963,0.3540156108432582,2403.0855846965387,355.74350831620393
METTL3,gene_top100,0.026666666666666616,0.10900729566088843,0.4126429787626726,2403.0855846965387,355.74350831620393
METTL3,gene_top100_scaled,0.026666666666666616,0.10900729566088843,0.41264297876267203,2403.0855846965387,355.74350831620393
METTL3,gene_top200,0.026666666666666616,0.14083580291650472,0.4816041226452641,2403.0855846965387,355.74350831620393
METTL3,gene_top200_scaled,0.026666666666666616,0.14083580291650477,0.4816041226452639,2403.0855846965387,355.74350831620393
METTL3,gene_top500,0.026666666666666616,0.19407038255604311,0.6224957823314348,2403.0855846965387,355.74350831620393
METTL3,gene_top500_scaled,0.026666666666666616,0.19407038255604311,0.6224957823314351,2403.0855846965387,355.74350831620393
METTL3,gene_direct_x2,0.033333333333333326,0.31741347882402593,0.6847925878768522,2403.0855846965387,355.74350831620393
METTL3,gene_direct_x4,0.040000000000000036,0.31741347882402593,0.6847925878768522,2403.0855846965387,355.74350831620393
METTL3,gene_direct_x8,0.08666666666666667,0.31741347882402593,0.6847925878768522,2403.0855846965387,355.74350831620393
METTL3,gene_direct_x16,0.30000000000000004,0.31741347882402593,0.6847925878768522,2403.0855846965387,355.74350831620393
METTL3,gene_direct_x32,0.9933333333333333,0.31741347882402593,0.6847925878768522,2403.0855846965387,355.74350831620393
METTL3,gene_direct_x64,0.9933333333333333,0.31741347882402593,0.6847925878768522,2403.0855846965387,355.74350831620393
METTL3,gene_direct_x128,0.9933333333333333,0.31741347882402593,0.6847925878768522,2403.0855846965387,355.74350831620393
METTL3,gene_direct_x256,0.9933333333333333,0.31741347882402593,0.6847925878768522,2403.0855846965387,355.74350831620393
METTL3,gene_top100_x16,0.026666666666666616,0.10900729566088843,0.4126429787626726,2403.0855846965387,355.74350831620393
METTL3,gene_top100_x64,0.026666666666666616,0.10900729566088843,0.4126429787626726,2403.0855846965387,355.74350831620393
METTL3,gene_top100_x256,0.026666666666666616,0.10900729566088843,0.4126429787626726,2403.0855846965387,355.74350831620393
METTL3,gene_top200_x16,0.026666666666666616,0.14083580291650472,0.4816041226452641,2403.0855846965387,355.74350831620393
METTL3,gene_top200_x64,0.026666666666666616,0.14083580291650472,0.4816041226452641,2403.0855846965387,355.74350831620393
METTL3,gene_top200_x256,0.026666666666666616,0.14083580291650472,0.4816041226452641,2403.0855846965387,355.74350831620393
METTL3,prog,0.026666666666666616,0.3927430541924303,0.7068772213291757,2403.0855846965387,355.74350831620393
MKI67,zero,0.6,0.0,0.0,286.8509138031113,225.72592417150736
MKI67,h1_mean,0.3866666666666667,-0.4324088984604907,0.1178777925673298,286.8509138031113,225.72592417150736
MKI67,gene_direct,0.6733333333333333,0.15841399958945585,0.34153242326045763,286.8509138031113,225.72592417150736
MKI67,gene_scaled,0.6133333333333333,0.15841399958945596,0.3415324232604576,286.8509138031113,225.72592417150736
MKI67,gene_top50,0.6133333333333333,0.38097879616281527,0.5891497764552439,286.8509138031113,225.72592417150736
MKI67,gene_top50_scaled,0.6,0.3809787961628154,0.5891497764552449,286.8509138031113,225.72592417150736
MKI67,gene_top100,0.6133333333333333,0.34058221846527825,0.5174353517110597,286.8509138031113,225.72592417150736
MKI67,gene_top100_scaled,0.6133333333333333,0.34058221846527825,0.5174353517110601,286.8509138031113,225.72592417150736
MKI67,gene_top200,0.62,0.2857953828101324,0.45061749939193035,286.8509138031113,225.72592417150736
MKI67,gene_top200_scaled,0.6066666666666667,0.2857953828101322,0.4506174993919293,286.8509138031113,225.72592417150736
MKI67,gene_top500,0.6266666666666667,0.24134314638154464,0.34971700791361904,286.8509138031113,225.72592417150736
MKI67,gene_top500_scaled,0.6133333333333333,0.24134314638154453,0.34971700791361904,286.8509138031113,225.72592417150736
MKI67,gene_direct_x2,0.7,0.15841399958945585,0.34153242326045763,286.8509138031113,225.72592417150736
MKI67,gene_direct_x4,0.72,0.15841399958945585,0.34153242326045763,286.8509138031113,225.72592417150736
MKI67,gene_direct_x8,0.72,0.15841399958945585,0.34153242326045763,286.8509138031113,225.72592417150736
MKI67,gene_direct_x16,0.7266666666666667,0.15841399958945585,0.34153242326045763,286.8509138031113,225.72592417150736
MKI67,gene_direct_x32,0.7266666666666667,0.15841399958945585,0.34153242326045763,286.8509138031113,225.72592417150736
MKI67,gene_direct_x64,0.7266666666666667,0.15841399958945585,0.34153242326045763,286.8509138031113,225.72592417150736
MKI67,gene_direct_x128,0.7266666666666667,0.15841399958945585,0.34153242326045763,286.8509138031113,225.72592417150736
MKI67,gene_direct_x256,0.7266666666666667,0.15841399958945585,0.34153242326045763,286.8509138031113,225.72592417150736
MKI67,gene_top100_x16,0.6266666666666667,0.34058221846527825,0.5174353517110597,286.8509138031113,225.72592417150736
MKI67,gene_top100_x64,0.6266666666666667,0.34058221846527825,0.5174353517110597,286.8509138031113,225.72592417150736
MKI67,gene_top100_x256,0.6266666666666667,0.34058221846527825,0.5174353517110597,286.8509138031113,225.72592417150736
MKI67,gene_top200_x16,0.6266666666666667,0.2857953828101324,0.45061749939193035,286.8509138031113,225.72592417150736
MKI67,gene_top200_x64,0.6266666666666667,0.2857953828101324,0.45061749939193035,286.8509138031113,225.72592417150736
MKI67,gene_top200_x256,0.6266666666666667,0.2857953828101324,0.45061749939193035,286.8509138031113,225.72592417150736
MKI67,prog,0.64,0.0700713754117591,0.0455304778170868,286.8509138031113,225.72592417150736
MTA1,zero,0.5866666666666667,0.0,0.0,307.5370347657263,274.86162020266056
MTA1,h1_mean,0.6933333333333334,0.22426385719754718,0.005319605932545504,307.5370347657263,274.86162020266056
MTA1,gene_direct,0.5666666666666667,0.17550449731579776,0.3558721794809776,307.5370347657263,274.86162020266056
MTA1,gene_scaled,0.5866666666666667,0.1755044973157977,0.3558721794809773,307.5370347657263,274.86162020266056
MTA1,gene_top50,0.5866666666666667,0.46885280536883156,0.5501646027888724,307.5370347657263,274.86162020266056
MTA1,gene_top50_scaled,0.5866666666666667,0.4688528053688317,0.5501646027888728,307.5370347657263,274.86162020266056
MTA1,gene_top100,0.5866666666666667,0.39701950454391716,0.48043030873337444,307.5370347657263,274.86162020266056
MTA1,gene_top100_scaled,0.5866666666666667,0.397019504543917,0.48043030873337644,307.5370347657263,274.86162020266056
MTA1,gene_top200,0.5866666666666667,0.3312617283119317,0.42405294410357386,307.5370347657263,274.86162020266056
MTA1,gene_top200_scaled,0.5866666666666667,0.3312617283119317,0.4240529441035747,307.5370347657263,274.86162020266056
MTA1,gene_top500,0.5866666666666667,0.26766590668917933,0.3663612697051329,307.5370347657263,274.86162020266056
MTA1,gene_top500_scaled,0.5866666666666667,0.2676659066891794,0.36636126970513283,307.5370347657263,274.86162020266056
MTA1,gene_direct_x2,0.5800000000000001,0.17550449731579776,0.3558721794809776,307.5370347657263,274.86162020266056
MTA1,gene_direct_x4,0.64,0.17550449731579776,0.3558721794809776,307.5370347657263,274.86162020266056
MTA1,gene_direct_x8,0.6666666666666667,0.17550449731579776,0.3558721794809776,307.5370347657263,274.86162020266056
MTA1,gene_direct_x16,0.6733333333333333,0.17550449731579776,0.3558721794809776,307.5370347657263,274.86162020266056
MTA1,gene_direct_x32,0.6733333333333333,0.17550449731579776,0.3558721794809776,307.5370347657263,274.86162020266056
MTA1,gene_direct_x64,0.6799999999999999,0.17550449731579776,0.3558721794809776,307.5370347657263,274.86162020266056
MTA1,gene_direct_x128,0.6733333333333333,0.17550449731579776,0.3558721794809776,307.5370347657263,274.86162020266056
MTA1,gene_direct_x256,0.6666666666666667,0.17550449731579776,0.3558721794809776,307.5370347657263,274.86162020266056
MTA1,gene_top100_x16,0.6266666666666667,0.39701950454391716,0.48043030873337444,307.5370347657263,274.86162020266056
MTA1,gene_top100_x64,0.6266666666666667,0.39701950454391716,0.48043030873337444,307.5370347657263,274.86162020266056
MTA1,gene_top100_x256,0.6266666666666667,0.39701950454391716,0.48043030873337444,307.5370347657263,274.86162020266056
MTA1,gene_top200_x16,0.62,0.3312617283119317,0.42405294410357386,307.5370347657263,274.86162020266056
MTA1,gene_top200_x64,0.62,0.3312617283119317,0.42405294410357386,307.5370347657263,274.86162020266056
MTA1,gene_top200_x256,0.62,0.3312617283119317,0.42405294410357386,307.5370347657263,274.86162020266056
MTA1,prog,0.5666666666666667,-0.10315568398346284,0.09318702572161439,307.5370347657263,274.86162020266056
NCK2,zero,1.0,0.0,0.0,100.37324332770913,193.78587359935045
NCK2,h1_mean,0.94,0.007140252084745919,0.08676522600371926,100.37324332770913,193.78587359935045
NCK2,gene_direct,1.0,0.03962172152898811,0.03702637624781051,100.37324332770913,193.78587359935045
NCK2,gene_scaled,1.0,0.03962172152898813,0.03702637624781052,100.37324332770913,193.78587359935045
NCK2,gene_top50,1.0,0.047118085047368655,0.05116034237733717,100.37324332770913,193.78587359935045
NCK2,gene_top50_scaled,1.0,0.04711808504736864,0.05116034237733732,100.37324332770913,193.78587359935045
NCK2,gene_top100,1.0,0.04650298502630365,0.047061510059626124,100.37324332770913,193.78587359935045
NCK2,gene_top100_scaled,1.0,0.04650298502630366,0.04706151005962613,100.37324332770913,193.78587359935045
NCK2,gene_top200,1.0,0.04411269643564706,0.04151501672714378,100.37324332770913,193.78587359935045
NCK2,gene_top200_scaled,1.0,0.04411269643564706,0.041515016727143646,100.37324332770913,193.78587359935045
NCK2,gene_top500,1.0,0.03612631763303154,0.024694506908181132,100.37324332770913,193.78587359935045
NCK2,gene_top500_scaled,1.0,0.03612631763303155,0.024694506908181087,100.37324332770913,193.78587359935045
NCK2,gene_direct_x2,1.0,0.03962172152898811,0.03702637624781051,100.37324332770913,193.78587359935045
NCK2,gene_direct_x4,1.0,0.03962172152898811,0.03702637624781051,100.37324332770913,193.78587359935045
NCK2,gene_direct_x8,1.0,0.03962172152898811,0.03702637624781051,100.37324332770913,193.78587359935045
NCK2,gene_direct_x16,1.0,0.03962172152898811,0.03702637624781051,100.37324332770913,193.78587359935045
NCK2,gene_direct_x32,1.0,0.03962172152898811,0.03702637624781051,100.37324332770913,193.78587359935045
NCK2,gene_direct_x64,1.0,0.03962172152898811,0.03702637624781051,100.37324332770913,193.78587359935045
NCK2,gene_direct_x128,1.0,0.03962172152898811,0.03702637624781051,100.37324332770913,193.78587359935045
NCK2,gene_direct_x256,0.9933333333333333,0.03962172152898811,0.03702637624781051,100.37324332770913,193.78587359935045
NCK2,gene_top100_x16,1.0,0.04650298502630365,0.047061510059626124,100.37324332770913,193.78587359935045
NCK2,gene_top100_x64,1.0,0.04650298502630365,0.047061510059626124,100.37324332770913,193.78587359935045
NCK2,gene_top100_x256,1.0,0.04650298502630365,0.047061510059626124,100.37324332770913,193.78587359935045
NCK2,gene_top200_x16,1.0,0.04411269643564706,0.04151501672714378,100.37324332770913,193.78587359935045
NCK2,gene_top200_x64,1.0,0.04411269643564706,0.04151501672714378,100.37324332770913,193.78587359935045
NCK2,gene_top200_x256,1.0,0.04411269643564706,0.04151501672714378,100.37324332770913,193.78587359935045
NCK2,prog,0.9933333333333333,0.0637575890862201,0.01659304724323423,100.37324332770913,193.78587359935045
NDUFB4,zero,0.5800000000000001,0.0,0.0,308.72276848680303,246.8749108418822
NDUFB4,h1_mean,0.5,-0.04733997506573829,0.33726036761739375,308.72276848680303,246.8749108418822
NDUFB4,gene_direct,0.5800000000000001,0.18889392467616634,0.6469594421085252,308.72276848680303,246.8749108418822
NDUFB4,gene_scaled,0.5800000000000001,0.18889392467616634,0.6469594421085252,308.72276848680303,246.8749108418822
NDUFB4,gene_top50,0.5866666666666667,0.39247990314432624,0.6040994670295431,308.72276848680303,246.8749108418822
NDUFB4,gene_top50_scaled,0.5800000000000001,0.39247990314432624,0.6040994670295418,308.72276848680303,246.8749108418822
NDUFB4,gene_top100,0.5866666666666667,0.3537023256148872,0.5836184695958826,308.72276848680303,246.8749108418822
NDUFB4,gene_top100_scaled,0.5800000000000001,0.35370232561488724,0.5836184695958806,308.72276848680303,246.8749108418822
NDUFB4,gene_top200,0.5866666666666667,0.3073677546487658,0.5740729413909128,308.72276848680303,246.8749108418822
NDUFB4,gene_top200_scaled,0.5800000000000001,0.3073677546487656,0.5740729413909127,308.72276848680303,246.8749108418822
NDUFB4,gene_top500,0.5800000000000001,0.24691802644132405,0.6416706429389326,308.72276848680303,246.8749108418822
NDUFB4,gene_top500_scaled,0.5800000000000001,0.24691802644132407,0.6416706429389336,308.72276848680303,246.8749108418822
NDUFB4,gene_direct_x2,0.56,0.18889392467616634,0.6469594421085252,308.72276848680303,246.8749108418822
NDUFB4,gene_direct_x4,0.5933333333333333,0.18889392467616634,0.6469594421085252,308.72276848680303,246.8749108418822
NDUFB4,gene_direct_x8,0.5733333333333333,0.18889392467616634,0.6469594421085252,308.72276848680303,246.8749108418822
NDUFB4,gene_direct_x16,0.5533333333333333,0.18889392467616634,0.6469594421085252,308.72276848680303,246.8749108418822
NDUFB4,gene_direct_x32,0.5333333333333333,0.18889392467616634,0.6469594421085252,308.72276848680303,246.8749108418822
NDUFB4,gene_direct_x64,0.5266666666666666,0.18889392467616634,0.6469594421085252,308.72276848680303,246.8749108418822
NDUFB4,gene_direct_x128,0.5066666666666666,0.18889392467616634,0.6469594421085252,308.72276848680303,246.8749108418822
NDUFB4,gene_direct_x256,0.4933333333333333,0.18889392467616634,0.6469594421085252,308.72276848680303,246.8749108418822
NDUFB4,gene_top100_x16,0.5866666666666667,0.3537023256148872,0.5836184695958826,308.72276848680303,246.8749108418822
NDUFB4,gene_top100_x64,0.5866666666666667,0.3537023256148872,0.5836184695958826,308.72276848680303,246.8749108418822
NDUFB4,gene_top100_x256,0.5866666666666667,0.3537023256148872,0.5836184695958826,308.72276848680303,246.8749108418822
NDUFB4,gene_top200_x16,0.5866666666666667,0.3073677546487658,0.5740729413909128,308.72276848680303,246.8749108418822
NDUFB4,gene_top200_x64,0.5866666666666667,0.3073677546487658,0.5740729413909128,308.72276848680303,246.8749108418822
NDUFB4,gene_top200_x256,0.5866666666666667,0.3073677546487658,0.5740729413909128,308.72276848680303,246.8749108418822
NDUFB4,prog,0.5266666666666666,-0.01526936572684811,0.33551224044272376,308.72276848680303,246.8749108418822
NDUFB6,zero,0.5466666666666666,0.0,0.0,330.3303811847545,240.92713280022144
NDUFB6,h1_mean,0.43999999999999995,-0.09850429427448218,0.39283884495354,330.3303811847545,240.92713280022144
NDUFB6,gene_direct,0.5533333333333333,0.14233452483385167,0.495179257478869,330.3303811847545,240.92713280022144
NDUFB6,gene_scaled,0.5466666666666666,0.14233452483385164,0.4951792574788689,330.3303811847545,240.92713280022144
NDUFB6,gene_top50,0.5466666666666666,0.31420193085510656,0.5578904651839742,330.3303811847545,240.92713280022144
NDUFB6,gene_top50_scaled,0.5466666666666666,0.3142019308551065,0.5578904651839741,330.3303811847545,240.92713280022144
NDUFB6,gene_top100,0.5466666666666666,0.2785534695479522,0.5252907269654024,330.3303811847545,240.92713280022144
NDUFB6,gene_top100_scaled,0.5466666666666666,0.2785534695479521,0.5252907269654027,330.3303811847545,240.92713280022144
NDUFB6,gene_top200,0.5466666666666666,0.23922877837992484,0.4961409223144365,330.3303811847545,240.92713280022144
NDUFB6,gene_top200_scaled,0.5466666666666666,0.23922877837992476,0.4961409223144368,330.3303811847545,240.92713280022144
NDUFB6,gene_top500,0.54,0.1813027620784677,0.4993031848283077,330.3303811847545,240.92713280022144
NDUFB6,gene_top500_scaled,0.5466666666666666,0.18130276207846754,0.49930318482830843,330.3303811847545,240.92713280022144
NDUFB6,gene_direct_x2,0.5666666666666667,0.14233452483385167,0.495179257478869,330.3303811847545,240.92713280022144
NDUFB6,gene_direct_x4,0.5933333333333333,0.14233452483385167,0.495179257478869,330.3303811847545,240.92713280022144
NDUFB6,gene_direct_x8,0.6066666666666667,0.14233452483385167,0.495179257478869,330.3303811847545,240.92713280022144
NDUFB6,gene_direct_x16,0.6133333333333333,0.14233452483385167,0.495179257478869,330.3303811847545,240.92713280022144
NDUFB6,gene_direct_x32,0.6133333333333333,0.14233452483385167,0.495179257478869,330.3303811847545,240.92713280022144
NDUFB6,gene_direct_x64,0.6266666666666667,0.14233452483385167,0.495179257478869,330.3303811847545,240.92713280022144
NDUFB6,gene_direct_x128,0.62,0.14233452483385167,0.495179257478869,330.3303811847545,240.92713280022144
NDUFB6,gene_direct_x256,0.6,0.14233452483385167,0.495179257478869,330.3303811847545,240.92713280022144
NDUFB6,gene_top100_x16,0.5466666666666666,0.2785534695479522,0.5252907269654024,330.3303811847545,240.92713280022144
NDUFB6,gene_top100_x64,0.5466666666666666,0.2785534695479522,0.5252907269654024,330.3303811847545,240.92713280022144
NDUFB6,gene_top100_x256,0.5466666666666666,0.2785534695479522,0.5252907269654024,330.3303811847545,240.92713280022144
NDUFB6,gene_top200_x16,0.5466666666666666,0.23922877837992484,0.4961409223144365,330.3303811847545,240.92713280022144
NDUFB6,gene_top200_x64,0.5466666666666666,0.23922877837992484,0.4961409223144365,330.3303811847545,240.92713280022144
NDUFB6,gene_top200_x256,0.5466666666666666,0.23922877837992484,0.4961409223144365,330.3303811847545,240.92713280022144
NDUFB6,prog,0.5333333333333333,-0.037362398742571974,0.3582952563878204,330.3303811847545,240.92713280022144
NISCH,zero,0.6266666666666667,0.0,0.0,284.5541647150094,147.8754808465019
NISCH,h1_mean,0.41333333333333333,-0.3810748700281425,0.09446978893006855,284.5541647150094,147.8754808465019
NISCH,gene_direct,0.7133333333333334,0.2704997877389921,0.31548895134715954,284.5541647150094,147.8754808465019
NISCH,gene_scaled,0.6466666666666667,0.27049978773899214,0.3154889513471595,284.5541647150094,147.8754808465019
NISCH,gene_top50,0.6266666666666667,0.39925091293867293,0.5387439857130749,284.5541647150094,147.8754808465019
NISCH,gene_top50_scaled,0.6266666666666667,0.399250912938673,0.538743985713072,284.5541647150094,147.8754808465019
NISCH,gene_top100,0.6333333333333333,0.3599471113763831,0.4623752199059991,284.5541647150094,147.8754808465019
NISCH,gene_top100_scaled,0.6266666666666667,0.35994711137638313,0.462375219906002,284.5541647150094,147.8754808465019
NISCH,gene_top200,0.64,0.3217560546394128,0.3835707710302799,284.5541647150094,147.8754808465019
NISCH,gene_top200_scaled,0.6266666666666667,0.3217560546394126,0.3835707710302806,284.5541647150094,147.8754808465019
NISCH,gene_top500,0.6533333333333333,0.2802114565674785,0.2870044171742446,284.5541647150094,147.8754808465019
NISCH,gene_top500_scaled,0.6266666666666667,0.2802114565674785,0.28700441717424446,284.5541647150094,147.8754808465019
NISCH,gene_direct_x2,0.7466666666666666,0.2704997877389921,0.31548895134715954,284.5541647150094,147.8754808465019
NISCH,gene_direct_x4,0.84,0.2704997877389921,0.31548895134715954,284.5541647150094,147.8754808465019
NISCH,gene_direct_x8,0.98,0.2704997877389921,0.31548895134715954,284.5541647150094,147.8754808465019
NISCH,gene_direct_x16,1.0,0.2704997877389921,0.31548895134715954,284.5541647150094,147.8754808465019
NISCH,gene_direct_x32,1.0,0.2704997877389921,0.31548895134715954,284.5541647150094,147.8754808465019
NISCH,gene_direct_x64,1.0,0.2704997877389921,0.31548895134715954,284.5541647150094,147.8754808465019
NISCH,gene_direct_x128,1.0,0.2704997877389921,0.31548895134715954,284.5541647150094,147.8754808465019
NISCH,gene_direct_x256,1.0,0.2704997877389921,0.31548895134715954,284.5541647150094,147.8754808465019
NISCH,gene_top100_x16,0.6533333333333333,0.3599471113763831,0.4623752199059991,284.5541647150094,147.8754808465019
NISCH,gene_top100_x64,0.6533333333333333,0.3599471113763831,0.4623752199059991,284.5541647150094,147.8754808465019
NISCH,gene_top100_x256,0.6533333333333333,0.3599471113763831,0.4623752199059991,284.5541647150094,147.8754808465019
NISCH,gene_top200_x16,0.6666666666666667,0.3217560546394128,0.3835707710302799,284.5541647150094,147.8754808465019
NISCH,gene_top200_x64,0.6666666666666667,0.3217560546394128,0.3835707710302799,284.5541647150094,147.8754808465019
NISCH,gene_top200_x256,0.6666666666666667,0.3217560546394128,0.3835707710302799,284.5541647150094,147.8754808465019
NISCH,prog,0.7,0.4357312730324762,-0.07025879788693967,284.5541647150094,147.8754808465019
NIT1,zero,0.1333333333333333,0.0,0.0,1059.1670126240115,210.93684972077608
NIT1,h1_mean,0.16666666666666663,0.6466820701569739,0.10437459864444677,1059.1670126240115,210.93684972077608
NIT1,gene_direct,0.1466666666666666,-0.003791924748307701,0.07462790869204006,1059.1670126240115,210.93684972077608
NIT1,gene_scaled,0.14,-0.003791924748307699,0.07462790869204014,1059.1670126240115,210.93684972077608
NIT1,gene_top50,0.1333333333333333,0.04627065932406617,0.12991184525325558,1059.1670126240115,210.93684972077608
NIT1,gene_top50_scaled,0.1333333333333333,0.04627065932406614,0.12991184525325583,1059.1670126240115,210.93684972077608
NIT1,gene_top100,0.1333333333333333,0.025342484902361295,0.09342485257830545,1059.1670126240115,210.93684972077608
NIT1,gene_top100_scaled,0.1333333333333333,0.025342484902361267,0.0934248525783057,1059.1670126240115,210.93684972077608
NIT1,gene_top200,0.14,0.016074868805139628,0.0816806712683556,1059.1670126240115,210.93684972077608
NIT1,gene_top200_scaled,0.1333333333333333,0.016074868805139624,0.08168067126835529,1059.1670126240115,210.93684972077608
NIT1,gene_top500,0.1466666666666666,0.009613953874411463,0.08972359956065462,1059.1670126240115,210.93684972077608
NIT1,gene_top500_scaled,0.1333333333333333,0.009613953874411453,0.08972359956065469,1059.1670126240115,210.93684972077608
NIT1,gene_direct_x2,0.1466666666666666,-0.003791924748307701,0.07462790869204006,1059.1670126240115,210.93684972077608
NIT1,gene_direct_x4,0.16000000000000003,-0.003791924748307701,0.07462790869204006,1059.1670126240115,210.93684972077608
NIT1,gene_direct_x8,0.16666666666666663,-0.003791924748307701,0.07462790869204006,1059.1670126240115,210.93684972077608
NIT1,gene_direct_x16,0.16666666666666663,-0.003791924748307701,0.07462790869204006,1059.1670126240115,210.93684972077608
NIT1,gene_direct_x32,0.18000000000000005,-0.003791924748307701,0.07462790869204006,1059.1670126240115,210.93684972077608
NIT1,gene_direct_x64,0.18000000000000005,-0.003791924748307701,0.07462790869204006,1059.1670126240115,210.93684972077608
NIT1,gene_direct_x128,0.18000000000000005,-0.003791924748307701,0.07462790869204006,1059.1670126240115,210.93684972077608
NIT1,gene_direct_x256,0.18000000000000005,-0.003791924748307701,0.07462790869204006,1059.1670126240115,210.93684972077608
NIT1,gene_top100_x16,0.1466666666666666,0.025342484902361295,0.09342485257830545,1059.1670126240115,210.93684972077608
NIT1,gene_top100_x64,0.1466666666666666,0.025342484902361295,0.09342485257830545,1059.1670126240115,210.93684972077608
NIT1,gene_top100_x256,0.1466666666666666,0.025342484902361295,0.09342485257830545,1059.1670126240115,210.93684972077608
NIT1,gene_top200_x16,0.1466666666666666,0.016074868805139628,0.0816806712683556,1059.1670126240115,210.93684972077608
NIT1,gene_top200_x64,0.1466666666666666,0.016074868805139628,0.0816806712683556,1059.1670126240115,210.93684972077608
NIT1,gene_top200_x256,0.1466666666666666,0.016074868805139628,0.0816806712683556,1059.1670126240115,210.93684972077608
NIT1,prog,0.1333333333333333,-0.1879292552497623,-0.0431205069724025,1059.1670126240115,210.93684972077608
NRAS,zero,0.8133333333333334,0.0,0.0,179.2993712949501,217.26251028105617
NRAS,h1_mean,0.6466666666666667,-0.18220161896599366,0.014993922000523229,179.2993712949501,217.26251028105617
NRAS,gene_direct,0.8200000000000001,0.1296520431089372,0.17987629701912014,179.2993712949501,217.26251028105617
NRAS,gene_scaled,0.8200000000000001,0.1296520431089372,0.1798762970191205,179.2993712949501,217.26251028105617
NRAS,gene_top50,0.8200000000000001,0.24937487034701156,0.28767576673693773,179.2993712949501,217.26251028105617
NRAS,gene_top50_scaled,0.8133333333333334,0.24937487034701158,0.28767576673693773,179.2993712949501,217.26251028105617
NRAS,gene_top100,0.8200000000000001,0.21732342218996334,0.2425075802047256,179.2993712949501,217.26251028105617
NRAS,gene_top100_scaled,0.8200000000000001,0.2173234221899633,0.24250758020472643,179.2993712949501,217.26251028105617
NRAS,gene_top200,0.8200000000000001,0.18855204420497196,0.2036222257737773,179.2993712949501,217.26251028105617
NRAS,gene_top200_scaled,0.8200000000000001,0.188552044204972,0.20362222577377764,179.2993712949501,217.26251028105617
NRAS,gene_top500,0.8200000000000001,0.17442805281303841,0.17828070407486024,179.2993712949501,217.26251028105617
NRAS,gene_top500_scaled,0.8200000000000001,0.17442805281303841,0.17828070407485994,179.2993712949501,217.26251028105617
NRAS,gene_direct_x2,0.8200000000000001,0.1296520431089372,0.17987629701912014,179.2993712949501,217.26251028105617
NRAS,gene_direct_x4,0.8466666666666667,0.1296520431089372,0.17987629701912014,179.2993712949501,217.26251028105617
NRAS,gene_direct_x8,0.88,0.1296520431089372,0.17987629701912014,179.2993712949501,217.26251028105617
NRAS,gene_direct_x16,0.88,0.1296520431089372,0.17987629701912014,179.2993712949501,217.26251028105617
NRAS,gene_direct_x32,0.8733333333333333,0.1296520431089372,0.17987629701912014,179.2993712949501,217.26251028105617
NRAS,gene_direct_x64,0.8733333333333333,0.1296520431089372,0.17987629701912014,179.2993712949501,217.26251028105617
NRAS,gene_direct_x128,0.8733333333333333,0.1296520431089372,0.17987629701912014,179.2993712949501,217.26251028105617
NRAS,gene_direct_x256,0.8733333333333333,0.1296520431089372,0.17987629701912014,179.2993712949501,217.26251028105617
NRAS,gene_top100_x16,0.8266666666666667,0.21732342218996334,0.2425075802047256,179.2993712949501,217.26251028105617
NRAS,gene_top100_x64,0.8266666666666667,0.21732342218996334,0.2425075802047256,179.2993712949501,217.26251028105617
NRAS,gene_top100_x256,0.8266666666666667,0.21732342218996334,0.2425075802047256,179.2993712949501,217.26251028105617
NRAS,gene_top200_x16,0.8266666666666667,0.18855204420497196,0.2036222257737773,179.2993712949501,217.26251028105617
NRAS,gene_top200_x64,0.8266666666666667,0.18855204420497196,0.2036222257737773,179.2993712949501,217.26251028105617
NRAS,gene_top200_x256,0.8266666666666667,0.18855204420497196,0.2036222257737773,179.2993712949501,217.26251028105617
NRAS,prog,0.84,0.173396255831395,-0.013137490110215073,179.2993712949501,217.26251028105617
OXA1L,zero,0.07333333333333336,0.0,0.0,1349.1168801212589,442.6915387731045
OXA1L,h1_mean,0.07999999999999996,0.6557005387100358,0.6378688212600551,1349.1168801212589,442.6915387731045
OXA1L,gene_direct,0.09333333333333338,0.4134219860998552,0.4266341272199255,1349.1168801212589,442.6915387731045
OXA1L,gene_scaled,0.07333333333333336,0.41342198609985514,0.42663412721992555,1349.1168801212589,442.6915387731045
OXA1L,gene_top50,0.07333333333333336,0.16635080604129843,0.24307251676151906,1349.1168801212589,442.6915387731045
OXA1L,gene_top50_scaled,0.07333333333333336,0.1663508060412984,0.24307251676152014,1349.1168801212589,442.6915387731045
OXA1L,gene_top100,0.07333333333333336,0.20917170140514663,0.29569577278793263,1349.1168801212589,442.6915387731045
OXA1L,gene_top100_scaled,0.07333333333333336,0.20917170140514668,0.2956957727879328,1349.1168801212589,442.6915387731045
OXA1L,gene_top200,0.07333333333333336,0.24341142388964648,0.3134867007882832,1349.1168801212589,442.6915387731045
OXA1L,gene_top200_scaled,0.07333333333333336,0.24341142388964643,0.31348670078828433,1349.1168801212589,442.6915387731045
OXA1L,gene_top500,0.07333333333333336,0.28738033239866384,0.330397963097983,1349.1168801212589,442.6915387731045
OXA1L,gene_top500_scaled,0.07333333333333336,0.28738033239866356,0.3303979630979827,1349.1168801212589,442.6915387731045
OXA1L,gene_direct_x2,0.15333333333333332,0.4134219860998552,0.4266341272199255,1349.1168801212589,442.6915387731045
OXA1L,gene_direct_x4,0.21333333333333337,0.4134219860998552,0.4266341272199255,1349.1168801212589,442.6915387731045
OXA1L,gene_direct_x8,0.8733333333333333,0.4134219860998552,0.4266341272199255,1349.1168801212589,442.6915387731045
OXA1L,gene_direct_x16,0.9733333333333334,0.4134219860998552,0.4266341272199255,1349.1168801212589,442.6915387731045
OXA1L,gene_direct_x32,0.9866666666666667,0.4134219860998552,0.4266341272199255,1349.1168801212589,442.6915387731045
OXA1L,gene_direct_x64,0.98,0.4134219860998552,0.4266341272199255,1349.1168801212589,442.6915387731045
OXA1L,gene_direct_x128,0.98,0.4134219860998552,0.4266341272199255,1349.1168801212589,442.6915387731045
OXA1L,gene_direct_x256,0.98,0.4134219860998552,0.4266341272199255,1349.1168801212589,442.6915387731045
OXA1L,gene_top100_x16,0.07333333333333336,0.20917170140514663,0.29569577278793263,1349.1168801212589,442.6915387731045
OXA1L,gene_top100_x64,0.07333333333333336,0.20917170140514663,0.29569577278793263,1349.1168801212589,442.6915387731045
OXA1L,gene_top100_x256,0.07333333333333336,0.20917170140514663,0.29569577278793263,1349.1168801212589,442.6915387731045
OXA1L,gene_top200_x16,0.07999999999999996,0.24341142388964648,0.3134867007882832,1349.1168801212589,442.6915387731045
OXA1L,gene_top200_x64,0.07999999999999996,0.24341142388964648,0.3134867007882832,1349.1168801212589,442.6915387731045
OXA1L,gene_top200_x256,0.07999999999999996,0.24341142388964648,0.3134867007882832,1349.1168801212589,442.6915387731045
OXA1L,prog,0.1333333333333333,0.4983161313953197,0.45876446115749214,1349.1168801212589,442.6915387731045
OXCT1,zero,0.3733333333333333,0.0,0.0,497.9459188932706,209.48510038480163
OXCT1,h1_mean,0.3866666666666667,0.3120264136525301,0.10257964749110118,497.9459188932706,209.48510038480163
OXCT1,gene_direct,0.3933333333333333,0.23392519666339723,0.2890945923005524,497.9459188932706,209.48510038480163
OXCT1,gene_scaled,0.3733333333333333,0.23392519666339726,0.28909459230055234,497.9459188932706,209.48510038480163
OXCT1,gene_top50,0.3733333333333333,0.2899941633385791,0.3297914990178374,497.9459188932706,209.48510038480163
OXCT1,gene_top50_scaled,0.3733333333333333,0.2899941633385791,0.3297914990178373,497.9459188932706,209.48510038480163
OXCT1,gene_top100,0.3733333333333333,0.28593319591910754,0.3193216869656484,497.9459188932706,209.48510038480163
OXCT1,gene_top100_scaled,0.3733333333333333,0.2859331959191075,0.31932168696564933,497.9459188932706,209.48510038480163
OXCT1,gene_top200,0.3733333333333333,0.2707999574935266,0.2911668752048857,497.9459188932706,209.48510038480163
OXCT1,gene_top200_scaled,0.3733333333333333,0.27079995749352653,0.29116687520488493,497.9459188932706,209.48510038480163
OXCT1,gene_top500,0.3866666666666667,0.25468508462006306,0.2660769184869114,497.9459188932706,209.48510038480163
OXCT1,gene_top500_scaled,0.3733333333333333,0.254685084620063,0.2660769184869114,497.9459188932706,209.48510038480163
OXCT1,gene_direct_x2,0.3933333333333333,0.23392519666339723,0.2890945923005524,497.9459188932706,209.48510038480163
OXCT1,gene_direct_x4,0.41333333333333333,0.23392519666339723,0.2890945923005524,497.9459188932706,209.48510038480163
OXCT1,gene_direct_x8,0.4666666666666667,0.23392519666339723,0.2890945923005524,497.9459188932706,209.48510038480163
OXCT1,gene_direct_x16,0.5,0.23392519666339723,0.2890945923005524,497.9459188932706,209.48510038480163
OXCT1,gene_direct_x32,0.5133333333333333,0.23392519666339723,0.2890945923005524,497.9459188932706,209.48510038480163
OXCT1,gene_direct_x64,0.52,0.23392519666339723,0.2890945923005524,497.9459188932706,209.48510038480163
OXCT1,gene_direct_x128,0.52,0.23392519666339723,0.2890945923005524,497.9459188932706,209.48510038480163
OXCT1,gene_direct_x256,0.5333333333333333,0.23392519666339723,0.2890945923005524,497.9459188932706,209.48510038480163
OXCT1,gene_top100_x16,0.3866666666666667,0.28593319591910754,0.3193216869656484,497.9459188932706,209.48510038480163
OXCT1,gene_top100_x64,0.3866666666666667,0.28593319591910754,0.3193216869656484,497.9459188932706,209.48510038480163
OXCT1,gene_top100_x256,0.3866666666666667,0.28593319591910754,0.3193216869656484,497.9459188932706,209.48510038480163
OXCT1,gene_top200_x16,0.3866666666666667,0.2707999574935266,0.2911668752048857,497.9459188932706,209.48510038480163
OXCT1,gene_top200_x64,0.3933333333333333,0.2707999574935266,0.2911668752048857,497.9459188932706,209.48510038480163
OXCT1,gene_top200_x256,0.3933333333333333,0.2707999574935266,0.2911668752048857,497.9459188932706,209.48510038480163
OXCT1,prog,0.3866666666666667,0.22748388649087153,0.01613496669569581,497.9459188932706,209.48510038480163
PAGR1,zero,0.7,0.0,0.0,244.18464629247683,236.77168903127313
PAGR1,h1_mean,0.5533333333333333,-0.030094369734317727,0.03030018807666597,244.18464629247683,236.77168903127313
PAGR1,gene_direct,0.7,0.12876826689500911,0.2770377940241017,244.18464629247683,236.77168903127313
PAGR1,gene_scaled,0.7,0.12876826689500917,0.2770377940241018,244.18464629247683,236.77168903127313
PAGR1,gene_top50,0.7,0.18060669162374554,0.2545681500688753,244.18464629247683,236.77168903127313
PAGR1,gene_top50_scaled,0.7,0.1806066916237456,0.2545681500688755,244.18464629247683,236.77168903127313
PAGR1,gene_top100,0.7,0.15218850919961338,0.23007766217968725,244.18464629247683,236.77168903127313
PAGR1,gene_top100_scaled,0.7,0.15218850919961335,0.23007766217968742,244.18464629247683,236.77168903127313
PAGR1,gene_top200,0.7,0.1288385152498425,0.22237474557821363,244.18464629247683,236.77168903127313
PAGR1,gene_top200_scaled,0.7,0.12883851524984255,0.22237474557821416,244.18464629247683,236.77168903127313
PAGR1,gene_top500,0.7,0.12088727171159794,0.2613428285150331,244.18464629247683,236.77168903127313
PAGR1,gene_top500_scaled,0.7,0.12088727171159792,0.26134282851503265,244.18464629247683,236.77168903127313
PAGR1,gene_direct_x2,0.7,0.12876826689500911,0.2770377940241017,244.18464629247683,236.77168903127313
PAGR1,gene_direct_x4,0.7066666666666667,0.12876826689500911,0.2770377940241017,244.18464629247683,236.77168903127313
PAGR1,gene_direct_x8,0.6866666666666666,0.12876826689500911,0.2770377940241017,244.18464629247683,236.77168903127313
PAGR1,gene_direct_x16,0.6799999999999999,0.12876826689500911,0.2770377940241017,244.18464629247683,236.77168903127313
PAGR1,gene_direct_x32,0.6799999999999999,0.12876826689500911,0.2770377940241017,244.18464629247683,236.77168903127313
PAGR1,gene_direct_x64,0.6799999999999999,0.12876826689500911,0.2770377940241017,244.18464629247683,236.77168903127313
PAGR1,gene_direct_x128,0.6733333333333333,0.12876826689500911,0.2770377940241017,244.18464629247683,236.77168903127313
PAGR1,gene_direct_x256,0.6733333333333333,0.12876826689500911,0.2770377940241017,244.18464629247683,236.77168903127313
PAGR1,gene_top100_x16,0.7,0.15218850919961338,0.23007766217968725,244.18464629247683,236.77168903127313
PAGR1,gene_top100_x64,0.7,0.15218850919961338,0.23007766217968725,244.18464629247683,236.77168903127313
PAGR1,gene_top100_x256,0.7,0.15218850919961338,0.23007766217968725,244.18464629247683,236.77168903127313
PAGR1,gene_top200_x16,0.7,0.1288385152498425,0.22237474557821363,244.18464629247683,236.77168903127313
PAGR1,gene_top200_x64,0.7,0.1288385152498425,0.22237474557821363,244.18464629247683,236.77168903127313
PAGR1,gene_top200_x256,0.7,0.1288385152498425,0.22237474557821363,244.18464629247683,236.77168903127313
PAGR1,prog,0.7266666666666667,0.13687391070279756,0.17882908020609178,244.18464629247683,236.77168903127313
PBX1,zero,0.8733333333333333,0.0,0.0,147.80199844991512,200.81050112470984
PBX1,h1_mean,0.7266666666666667,-0.14908272696813338,-0.017775849333627806,147.80199844991512,200.81050112470984
PBX1,gene_direct,0.86,-0.014939274310424472,0.011942787574565164,147.80199844991512,200.81050112470984
PBX1,gene_scaled,0.8733333333333333,-0.014939274310424472,0.01194278757456517,147.80199844991512,200.81050112470984
PBX1,gene_top50,0.8733333333333333,0.008445311425278164,0.016885694413073495,147.80199844991512,200.81050112470984
PBX1,gene_top50_scaled,0.8733333333333333,0.008445311425278162,0.016885694413073513,147.80199844991512,200.81050112470984
PBX1,gene_top100,0.8733333333333333,0.00480217165915628,0.012761707439935474,147.80199844991512,200.81050112470984
PBX1,gene_top100_scaled,0.8733333333333333,0.004802171659156279,0.012761707439935478,147.80199844991512,200.81050112470984
PBX1,gene_top200,0.8733333333333333,-0.0020545218486611562,0.009317484190462744,147.80199844991512,200.81050112470984
PBX1,gene_top200_scaled,0.8733333333333333,-0.002054521848661156,0.009317484190462744,147.80199844991512,200.81050112470984
PBX1,gene_top500,0.8733333333333333,-0.007260212637679829,0.009342367714237286,147.80199844991512,200.81050112470984
PBX1,gene_top500_scaled,0.8733333333333333,-0.0072602126376798285,0.009342367714237295,147.80199844991512,200.81050112470984
PBX1,gene_direct_x2,0.86,-0.014939274310424472,0.011942787574565164,147.80199844991512,200.81050112470984
PBX1,gene_direct_x4,0.86,-0.014939274310424472,0.011942787574565164,147.80199844991512,200.81050112470984
PBX1,gene_direct_x8,0.86,-0.014939274310424472,0.011942787574565164,147.80199844991512,200.81050112470984
PBX1,gene_direct_x16,0.8533333333333333,-0.014939274310424472,0.011942787574565164,147.80199844991512,200.81050112470984
PBX1,gene_direct_x32,0.8466666666666667,-0.014939274310424472,0.011942787574565164,147.80199844991512,200.81050112470984
PBX1,gene_direct_x64,0.84,-0.014939274310424472,0.011942787574565164,147.80199844991512,200.81050112470984
PBX1,gene_direct_x128,0.84,-0.014939274310424472,0.011942787574565164,147.80199844991512,200.81050112470984
PBX1,gene_direct_x256,0.8333333333333334,-0.014939274310424472,0.011942787574565164,147.80199844991512,200.81050112470984
PBX1,gene_top100_x16,0.8733333333333333,0.00480217165915628,0.012761707439935474,147.80199844991512,200.81050112470984
PBX1,gene_top100_x64,0.8733333333333333,0.00480217165915628,0.012761707439935474,147.80199844991512,200.81050112470984
PBX1,gene_top100_x256,0.8733333333333333,0.00480217165915628,0.012761707439935474,147.80199844991512,200.81050112470984
PBX1,gene_top200_x16,0.8733333333333333,-0.0020545218486611562,0.009317484190462744,147.80199844991512,200.81050112470984
PBX1,gene_top200_x64,0.8733333333333333,-0.0020545218486611562,0.009317484190462744,147.80199844991512,200.81050112470984
PBX1,gene_top200_x256,0.8733333333333333,-0.0020545218486611562,0.009317484190462744,147.80199844991512,200.81050112470984
PBX1,prog,0.8666666666666667,-0.05784562652243149,0.008798827618985539,147.80199844991512,200.81050112470984
PHF10,zero,0.3533333333333334,0.0,0.0,524.5547531894372,295.7149801708292
PHF10,h1_mean,0.38,0.3758167309154085,0.16865516138643918,524.5547531894372,295.7149801708292
PHF10,gene_direct,0.4066666666666666,0.38655294836072507,0.4181039186891358,524.5547531894372,295.7149801708292
PHF10,gene_scaled,0.36,0.3865529483607248,0.41810391868913555,524.5547531894372,295.7149801708292
PHF10,gene_top50,0.36,0.40417924321938536,0.4925610992110992,524.5547531894372,295.7149801708292
PHF10,gene_top50_scaled,0.3533333333333334,0.4041792432193853,0.4925610992110984,524.5547531894372,295.7149801708292
PHF10,gene_top100,0.36,0.3811482926111135,0.45712373175696713,524.5547531894372,295.7149801708292
PHF10,gene_top100_scaled,0.3533333333333334,0.3811482926111135,0.45712373175696847,524.5547531894372,295.7149801708292
PHF10,gene_top200,0.36,0.3655831139194637,0.4225341382741218,524.5547531894372,295.7149801708292
PHF10,gene_top200_scaled,0.3533333333333334,0.3655831139194638,0.4225341382741224,524.5547531894372,295.7149801708292
PHF10,gene_top500,0.3666666666666667,0.36722007176944776,0.3919131009998509,524.5547531894372,295.7149801708292
PHF10,gene_top500_scaled,0.3533333333333334,0.3672200717694476,0.39191310099985094,524.5547531894372,295.7149801708292
PHF10,gene_direct_x2,0.5266666666666666,0.38655294836072507,0.4181039186891358,524.5547531894372,295.7149801708292
PHF10,gene_direct_x4,0.7266666666666667,0.38655294836072507,0.4181039186891358,524.5547531894372,295.7149801708292
PHF10,gene_direct_x8,0.98,0.38655294836072507,0.4181039186891358,524.5547531894372,295.7149801708292
PHF10,gene_direct_x16,1.0,0.38655294836072507,0.4181039186891358,524.5547531894372,295.7149801708292
PHF10,gene_direct_x32,1.0,0.38655294836072507,0.4181039186891358,524.5547531894372,295.7149801708292
PHF10,gene_direct_x64,0.9666666666666667,0.38655294836072507,0.4181039186891358,524.5547531894372,295.7149801708292
PHF10,gene_direct_x128,0.9466666666666667,0.38655294836072507,0.4181039186891358,524.5547531894372,295.7149801708292
PHF10,gene_direct_x256,0.9466666666666667,0.38655294836072507,0.4181039186891358,524.5547531894372,295.7149801708292
PHF10,gene_top100_x16,0.3733333333333333,0.3811482926111135,0.45712373175696713,524.5547531894372,295.7149801708292
PHF10,gene_top100_x64,0.3733333333333333,0.3811482926111135,0.45712373175696713,524.5547531894372,295.7149801708292
PHF10,gene_top100_x256,0.3733333333333333,0.3811482926111135,0.45712373175696713,524.5547531894372,295.7149801708292
PHF10,gene_top200_x16,0.3733333333333333,0.3655831139194637,0.4225341382741218,524.5547531894372,295.7149801708292
PHF10,gene_top200_x64,0.3733333333333333,0.3655831139194637,0.4225341382741218,524.5547531894372,295.7149801708292
PHF10,gene_top200_x256,0.3733333333333333,0.3655831139194637,0.4225341382741218,524.5547531894372,295.7149801708292
PHF10,prog,0.4066666666666666,0.28067738256320196,0.04825002944210201,524.5547531894372,295.7149801708292
PHF14,zero,0.5533333333333333,0.0,0.0,326.7809165989602,278.8504796177149
PHF14,h1_mean,0.8200000000000001,0.41449522065496475,0.24161767503796797,326.7809165989602,278.8504796177149
PHF14,gene_direct,0.6333333333333333,0.18367946866884535,0.238411356613078,326.7809165989602,278.8504796177149
PHF14,gene_scaled,0.5666666666666667,0.1836794686688455,0.23841135661307808,326.7809165989602,278.8504796177149
PHF14,gene_top50,0.56,0.3141474835993457,0.41119595489399324,326.7809165989602,278.8504796177149
PHF14,gene_top50_scaled,0.5533333333333333,0.31414748359934563,0.41119595489399324,326.7809165989602,278.8504796177149
PHF14,gene_top100,0.56,0.2696186409757833,0.3480318710314259,326.7809165989602,278.8504796177149
PHF14,gene_top100_scaled,0.56,0.26961864097578336,0.34803187103142674,326.7809165989602,278.8504796177149
PHF14,gene_top200,0.56,0.23404224369617116,0.29068227898456334,326.7809165989602,278.8504796177149
PHF14,gene_top200_scaled,0.56,0.2340422436961714,0.2906822789845641,326.7809165989602,278.8504796177149
PHF14,gene_top500,0.5666666666666667,0.19740678240035855,0.22360483382894702,326.7809165989602,278.8504796177149
PHF14,gene_top500_scaled,0.56,0.19740678240035855,0.2236048338289474,326.7809165989602,278.8504796177149
PHF14,gene_direct_x2,0.6466666666666667,0.18367946866884535,0.238411356613078,326.7809165989602,278.8504796177149
PHF14,gene_direct_x4,0.6866666666666666,0.18367946866884535,0.238411356613078,326.7809165989602,278.8504796177149
PHF14,gene_direct_x8,0.6933333333333334,0.18367946866884535,0.238411356613078,326.7809165989602,278.8504796177149
PHF14,gene_direct_x16,0.6933333333333334,0.18367946866884535,0.238411356613078,326.7809165989602,278.8504796177149
PHF14,gene_direct_x32,0.7,0.18367946866884535,0.238411356613078,326.7809165989602,278.8504796177149
PHF14,gene_direct_x64,0.7,0.18367946866884535,0.238411356613078,326.7809165989602,278.8504796177149
PHF14,gene_direct_x128,0.7,0.18367946866884535,0.238411356613078,326.7809165989602,278.8504796177149
PHF14,gene_direct_x256,0.7,0.18367946866884535,0.238411356613078,326.7809165989602,278.8504796177149
PHF14,gene_top100_x16,0.56,0.2696186409757833,0.3480318710314259,326.7809165989602,278.8504796177149
PHF14,gene_top100_x64,0.56,0.2696186409757833,0.3480318710314259,326.7809165989602,278.8504796177149
PHF14,gene_top100_x256,0.56,0.2696186409757833,0.3480318710314259,326.7809165989602,278.8504796177149
PHF14,gene_top200_x16,0.56,0.23404224369617116,0.29068227898456334,326.7809165989602,278.8504796177149
PHF14,gene_top200_x64,0.56,0.23404224369617116,0.29068227898456334,326.7809165989602,278.8504796177149
PHF14,gene_top200_x256,0.56,0.23404224369617116,0.29068227898456334,326.7809165989602,278.8504796177149
PHF14,prog,0.6466666666666667,0.2857299146369148,0.024900149243641194,326.7809165989602,278.8504796177149
PLCB3,zero,0.5666666666666667,0.0,0.0,316.30159484709293,341.32624581083655
PLCB3,h1_mean,0.33999999999999997,-0.49940924118539154,0.017340363022363612,316.30159484709293,341.32624581083655
PLCB3,gene_direct,0.5933333333333333,-0.04196266289449709,0.0018368026917152706,316.30159484709293,341.32624581083655
PLCB3,gene_scaled,0.5666666666666667,-0.041962662894497106,0.001836802691715285,316.30159484709293,341.32624581083655
PLCB3,gene_top50,0.5666666666666667,-0.014512816070553505,-0.00027636446229818224,316.30159484709293,341.32624581083655
PLCB3,gene_top50_scaled,0.5666666666666667,-0.014512816070553502,-0.0002763644622981902,316.30159484709293,341.32624581083655
PLCB3,gene_top100,0.5666666666666667,-0.005857617212120842,0.0063685674222172615,316.30159484709293,341.32624581083655
PLCB3,gene_top100_scaled,0.5666666666666667,-0.005857617212120842,0.006368567422217261,316.30159484709293,341.32624581083655
PLCB3,gene_top200,0.5666666666666667,-0.008487803203115712,-0.004195200561637356,316.30159484709293,341.32624581083655
PLCB3,gene_top200_scaled,0.5666666666666667,-0.00848780320311571,-0.004195200561637348,316.30159484709293,341.32624581083655
PLCB3,gene_top500,0.5666666666666667,-0.01258769709781953,-0.0004223974315817203,316.30159484709293,341.32624581083655
PLCB3,gene_top500_scaled,0.5666666666666667,-0.012587697097819529,-0.0004223974315817126,316.30159484709293,341.32624581083655
PLCB3,gene_direct_x2,0.6,-0.04196266289449709,0.0018368026917152706,316.30159484709293,341.32624581083655
PLCB3,gene_direct_x4,0.6066666666666667,-0.04196266289449709,0.0018368026917152706,316.30159484709293,341.32624581083655
PLCB3,gene_direct_x8,0.6066666666666667,-0.04196266289449709,0.0018368026917152706,316.30159484709293,341.32624581083655
PLCB3,gene_direct_x16,0.6,-0.04196266289449709,0.0018368026917152706,316.30159484709293,341.32624581083655
PLCB3,gene_direct_x32,0.6,-0.04196266289449709,0.0018368026917152706,316.30159484709293,341.32624581083655
PLCB3,gene_direct_x64,0.5800000000000001,-0.04196266289449709,0.0018368026917152706,316.30159484709293,341.32624581083655
PLCB3,gene_direct_x128,0.5800000000000001,-0.04196266289449709,0.0018368026917152706,316.30159484709293,341.32624581083655
PLCB3,gene_direct_x256,0.5800000000000001,-0.04196266289449709,0.0018368026917152706,316.30159484709293,341.32624581083655
PLCB3,gene_top100_x16,0.5666666666666667,-0.005857617212120842,0.0063685674222172615,316.30159484709293,341.32624581083655
PLCB3,gene_top100_x64,0.5666666666666667,-0.005857617212120842,0.0063685674222172615,316.30159484709293,341.32624581083655
PLCB3,gene_top100_x256,0.5666666666666667,-0.005857617212120842,0.0063685674222172615,316.30159484709293,341.32624581083655
PLCB3,gene_top200_x16,0.5666666666666667,-0.008487803203115712,-0.004195200561637356,316.30159484709293,341.32624581083655
PLCB3,gene_top200_x64,0.5666666666666667,-0.008487803203115712,-0.004195200561637356,316.30159484709293,341.32624581083655
PLCB3,gene_top200_x256,0.5666666666666667,-0.008487803203115712,-0.004195200561637356,316.30159484709293,341.32624581083655
PLCB3,prog,0.5066666666666666,-0.23925712400565818,0.08934654989642464,316.30159484709293,341.32624581083655
PMS1,zero,0.8933333333333333,0.0,0.0,142.96250255190535,351.7121219821274
PMS1,h1_mean,0.86,0.004971554820488682,0.04197776747452528,142.96250255190535,351.7121219821274
PMS1,gene_direct,0.8933333333333333,0.06701841856504685,0.14607861308444686,142.96250255190535,351.7121219821274
PMS1,gene_scaled,0.8933333333333333,0.06701841856504678,0.1460786130844468,142.96250255190535,351.7121219821274
PMS1,gene_top50,0.8933333333333333,0.25928575606955795,0.29723735219572406,142.96250255190535,351.7121219821274
PMS1,gene_top50_scaled,0.8933333333333333,0.2592857560695578,0.29723735219572234,142.96250255190535,351.7121219821274
PMS1,gene_top100,0.8933333333333333,0.20118928855405693,0.2330654320715441,142.96250255190535,351.7121219821274
PMS1,gene_top100_scaled,0.8933333333333333,0.20118928855405696,0.2330654320715453,142.96250255190535,351.7121219821274
PMS1,gene_top200,0.8933333333333333,0.1591880273804482,0.19014266024569002,142.96250255190535,351.7121219821274
PMS1,gene_top200_scaled,0.8933333333333333,0.15918802738044815,0.1901426602456896,142.96250255190535,351.7121219821274
PMS1,gene_top500,0.8933333333333333,0.11971730977589544,0.15004168972811907,142.96250255190535,351.7121219821274
PMS1,gene_top500_scaled,0.8933333333333333,0.11971730977589547,0.15004168972811938,142.96250255190535,351.7121219821274
PMS1,gene_direct_x2,0.8933333333333333,0.06701841856504685,0.14607861308444686,142.96250255190535,351.7121219821274
PMS1,gene_direct_x4,0.9066666666666666,0.06701841856504685,0.14607861308444686,142.96250255190535,351.7121219821274
PMS1,gene_direct_x8,0.9133333333333333,0.06701841856504685,0.14607861308444686,142.96250255190535,351.7121219821274
PMS1,gene_direct_x16,0.9133333333333333,0.06701841856504685,0.14607861308444686,142.96250255190535,351.7121219821274
PMS1,gene_direct_x32,0.9066666666666666,0.06701841856504685,0.14607861308444686,142.96250255190535,351.7121219821274
PMS1,gene_direct_x64,0.9066666666666666,0.06701841856504685,0.14607861308444686,142.96250255190535,351.7121219821274
PMS1,gene_direct_x128,0.9066666666666666,0.06701841856504685,0.14607861308444686,142.96250255190535,351.7121219821274
PMS1,gene_direct_x256,0.9066666666666666,0.06701841856504685,0.14607861308444686,142.96250255190535,351.7121219821274
PMS1,gene_top100_x16,0.9,0.20118928855405693,0.2330654320715441,142.96250255190535,351.7121219821274
PMS1,gene_top100_x64,0.9,0.20118928855405693,0.2330654320715441,142.96250255190535,351.7121219821274
PMS1,gene_top100_x256,0.9,0.20118928855405693,0.2330654320715441,142.96250255190535,351.7121219821274
PMS1,gene_top200_x16,0.8933333333333333,0.1591880273804482,0.19014266024569002,142.96250255190535,351.7121219821274
PMS1,gene_top200_x64,0.8933333333333333,0.1591880273804482,0.19014266024569002,142.96250255190535,351.7121219821274
PMS1,gene_top200_x256,0.8933333333333333,0.1591880273804482,0.19014266024569002,142.96250255190535,351.7121219821274
PMS1,prog,0.8933333333333333,0.0023843763982351663,0.04681302118532782,142.96250255190535,351.7121219821274
POLB,zero,0.7066666666666667,0.0,0.0,239.21380308837797,386.34122272208333
POLB,h1_mean,0.4666666666666667,-0.3511781035342232,0.10059141904429665,239.21380308837797,386.34122272208333
POLB,gene_direct,0.7466666666666666,0.03716715196277052,0.0050196291832035065,239.21380308837797,386.34122272208333
POLB,gene_scaled,0.7266666666666667,0.03716715196277051,0.0050196291832034995,239.21380308837797,386.34122272208333
POLB,gene_top50,0.7066666666666667,0.00549235788245684,-0.013023122395951272,239.21380308837797,386.34122272208333
POLB,gene_top50_scaled,0.7066666666666667,0.00549235788245684,-0.013023122395951298,239.21380308837797,386.34122272208333
POLB,gene_top100,0.7066666666666667,0.01877264909574815,-0.012783635743534782,239.21380308837797,386.34122272208333
POLB,gene_top100_scaled,0.7066666666666667,0.018772649095748155,-0.012783635743534789,239.21380308837797,386.34122272208333
POLB,gene_top200,0.7066666666666667,0.025023985645592568,-0.02009117136395627,239.21380308837797,386.34122272208333
POLB,gene_top200_scaled,0.7066666666666667,0.025023985645592557,-0.02009117136395624,239.21380308837797,386.34122272208333
POLB,gene_top500,0.7066666666666667,0.04327536955648997,0.0006807081029796103,239.21380308837797,386.34122272208333
POLB,gene_top500_scaled,0.7066666666666667,0.043275369556489994,0.000680708102979636,239.21380308837797,386.34122272208333
POLB,gene_direct_x2,0.76,0.03716715196277052,0.0050196291832035065,239.21380308837797,386.34122272208333
POLB,gene_direct_x4,0.76,0.03716715196277052,0.0050196291832035065,239.21380308837797,386.34122272208333
POLB,gene_direct_x8,0.7666666666666666,0.03716715196277052,0.0050196291832035065,239.21380308837797,386.34122272208333
POLB,gene_direct_x16,0.7666666666666666,0.03716715196277052,0.0050196291832035065,239.21380308837797,386.34122272208333
POLB,gene_direct_x32,0.7666666666666666,0.03716715196277052,0.0050196291832035065,239.21380308837797,386.34122272208333
POLB,gene_direct_x64,0.7666666666666666,0.03716715196277052,0.0050196291832035065,239.21380308837797,386.34122272208333
POLB,gene_direct_x128,0.7666666666666666,0.03716715196277052,0.0050196291832035065,239.21380308837797,386.34122272208333
POLB,gene_direct_x256,0.7666666666666666,0.03716715196277052,0.0050196291832035065,239.21380308837797,386.34122272208333
POLB,gene_top100_x16,0.7066666666666667,0.01877264909574815,-0.012783635743534782,239.21380308837797,386.34122272208333
POLB,gene_top100_x64,0.7066666666666667,0.01877264909574815,-0.012783635743534782,239.21380308837797,386.34122272208333
POLB,gene_top100_x256,0.7066666666666667,0.01877264909574815,-0.012783635743534782,239.21380308837797,386.34122272208333
POLB,gene_top200_x16,0.7066666666666667,0.025023985645592568,-0.02009117136395627,239.21380308837797,386.34122272208333
POLB,gene_top200_x64,0.7066666666666667,0.025023985645592568,-0.02009117136395627,239.21380308837797,386.34122272208333
POLB,gene_top200_x256,0.7066666666666667,0.025023985645592568,-0.02009117136395627,239.21380308837797,386.34122272208333
POLB,prog,0.7466666666666666,0.09463241874528518,-0.12855249372147295,239.21380308837797,386.34122272208333
PRCP,zero,0.9933333333333333,0.0,0.0,108.81564259752486,173.02555334195495
PRCP,h1_mean,0.8466666666666667,-0.10872326878307874,0.010369809952486512,108.81564259752486,173.02555334195495
PRCP,gene_direct,0.9933333333333333,0.08600664272230372,0.13128261472926228,108.81564259752486,173.02555334195495
PRCP,gene_scaled,0.9933333333333333,0.08600664272230372,0.1312826147292624,108.81564259752486,173.02555334195495
PRCP,gene_top50,0.9933333333333333,0.25410197162310194,0.2733927703991317,108.81564259752486,173.02555334195495
PRCP,gene_top50_scaled,0.9933333333333333,0.25410197162310205,0.27339277039913334,108.81564259752486,173.02555334195495
PRCP,gene_top100,0.9933333333333333,0.2033395245825761,0.21876497335458042,108.81564259752486,173.02555334195495
PRCP,gene_top100_scaled,0.9933333333333333,0.20333952458257618,0.21876497335458062,108.81564259752486,173.02555334195495
PRCP,gene_top200,0.9933333333333333,0.15970072225188775,0.17058482761051572,108.81564259752486,173.02555334195495
PRCP,gene_top200_scaled,0.9933333333333333,0.15970072225188772,0.1705848276105156,108.81564259752486,173.02555334195495
PRCP,gene_top500,0.9933333333333333,0.12354438349479817,0.12924767554078417,108.81564259752486,173.02555334195495
PRCP,gene_top500_scaled,0.9933333333333333,0.12354438349479813,0.1292476755407846,108.81564259752486,173.02555334195495
PRCP,gene_direct_x2,0.9933333333333333,0.08600664272230372,0.13128261472926228,108.81564259752486,173.02555334195495
PRCP,gene_direct_x4,1.0,0.08600664272230372,0.13128261472926228,108.81564259752486,173.02555334195495
PRCP,gene_direct_x8,1.0,0.08600664272230372,0.13128261472926228,108.81564259752486,173.02555334195495
PRCP,gene_direct_x16,1.0,0.08600664272230372,0.13128261472926228,108.81564259752486,173.02555334195495
PRCP,gene_direct_x32,1.0,0.08600664272230372,0.13128261472926228,108.81564259752486,173.02555334195495
PRCP,gene_direct_x64,1.0,0.08600664272230372,0.13128261472926228,108.81564259752486,173.02555334195495
PRCP,gene_direct_x128,1.0,0.08600664272230372,0.13128261472926228,108.81564259752486,173.02555334195495
PRCP,gene_direct_x256,1.0,0.08600664272230372,0.13128261472926228,108.81564259752486,173.02555334195495
PRCP,gene_top100_x16,0.9933333333333333,0.2033395245825761,0.21876497335458042,108.81564259752486,173.02555334195495
PRCP,gene_top100_x64,0.9933333333333333,0.2033395245825761,0.21876497335458042,108.81564259752486,173.02555334195495
PRCP,gene_top100_x256,0.9933333333333333,0.2033395245825761,0.21876497335458042,108.81564259752486,173.02555334195495
PRCP,gene_top200_x16,0.9933333333333333,0.15970072225188775,0.17058482761051572,108.81564259752486,173.02555334195495
PRCP,gene_top200_x64,0.9933333333333333,0.15970072225188775,0.17058482761051572,108.81564259752486,173.02555334195495
PRCP,gene_top200_x256,0.9933333333333333,0.15970072225188775,0.17058482761051572,108.81564259752486,173.02555334195495
PRCP,prog,0.9933333333333333,0.07669599140046683,0.042576505775939986,108.81564259752486,173.02555334195495
PRDM14,zero,0.013333333333333308,0.0,0.0,2660.854773007046,260.2557399235666
PRDM14,h1_mean,0.013333333333333308,0.6911921163411598,0.3815900678957047,2660.854773007046,260.2557399235666
PRDM14,gene_direct,0.013333333333333308,0.09817119400363936,0.11500024576880491,2660.854773007046,260.2557399235666
PRDM14,gene_scaled,0.013333333333333308,0.09817119400363936,0.11500024576880485,2660.854773007046,260.2557399235666
PRDM14,gene_top50,0.013333333333333308,0.05762458362513881,0.07697496930070369,2660.854773007046,260.2557399235666
PRDM14,gene_top50_scaled,0.013333333333333308,0.0576245836251388,0.0769749693007037,2660.854773007046,260.2557399235666
PRDM14,gene_top100,0.013333333333333308,0.06040981931163784,0.07090231611830976,2660.854773007046,260.2557399235666
PRDM14,gene_top100_scaled,0.013333333333333308,0.06040981931163783,0.07090231611830969,2660.854773007046,260.2557399235666
PRDM14,gene_top200,0.013333333333333308,0.07300191572317778,0.0961153252176127,2660.854773007046,260.2557399235666
PRDM14,gene_top200_scaled,0.013333333333333308,0.0730019157231778,0.09611532521761255,2660.854773007046,260.2557399235666
PRDM14,gene_top500,0.013333333333333308,0.07808316662113116,0.10246062440528116,2660.854773007046,260.2557399235666
PRDM14,gene_top500_scaled,0.013333333333333308,0.0780831666211312,0.10246062440528123,2660.854773007046,260.2557399235666
PRDM14,gene_direct_x2,0.013333333333333308,0.09817119400363936,0.11500024576880491,2660.854773007046,260.2557399235666
PRDM14,gene_direct_x4,0.013333333333333308,0.09817119400363936,0.11500024576880491,2660.854773007046,260.2557399235666
PRDM14,gene_direct_x8,0.00666666666666671,0.09817119400363936,0.11500024576880491,2660.854773007046,260.2557399235666
PRDM14,gene_direct_x16,0.00666666666666671,0.09817119400363936,0.11500024576880491,2660.854773007046,260.2557399235666
PRDM14,gene_direct_x32,0.00666666666666671,0.09817119400363936,0.11500024576880491,2660.854773007046,260.2557399235666
PRDM14,gene_direct_x64,0.013333333333333308,0.09817119400363936,0.11500024576880491,2660.854773007046,260.2557399235666
PRDM14,gene_direct_x128,0.013333333333333308,0.09817119400363936,0.11500024576880491,2660.854773007046,260.2557399235666
PRDM14,gene_direct_x256,0.013333333333333308,0.09817119400363936,0.11500024576880491,2660.854773007046,260.2557399235666
PRDM14,gene_top100_x16,0.013333333333333308,0.06040981931163784,0.07090231611830976,2660.854773007046,260.2557399235666
PRDM14,gene_top100_x64,0.013333333333333308,0.06040981931163784,0.07090231611830976,2660.854773007046,260.2557399235666
PRDM14,gene_top100_x256,0.013333333333333308,0.06040981931163784,0.07090231611830976,2660.854773007046,260.2557399235666
PRDM14,gene_top200_x16,0.013333333333333308,0.07300191572317778,0.0961153252176127,2660.854773007046,260.2557399235666
PRDM14,gene_top200_x64,0.013333333333333308,0.07300191572317778,0.0961153252176127,2660.854773007046,260.2557399235666
PRDM14,gene_top200_x256,0.013333333333333308,0.07300191572317778,0.0961153252176127,2660.854773007046,260.2557399235666
PRDM14,prog,0.013333333333333308,0.18668119277122766,0.06175230487159349,2660.854773007046,260.2557399235666
PRR12,zero,0.5133333333333333,0.0,0.0,351.02503587074534,272.51381457969546
PRR12,h1_mean,0.5933333333333333,0.28833336123083675,0.2635853276600128,351.02503587074534,272.51381457969546
PRR12,gene_direct,0.4866666666666667,0.03204563786822893,0.08907449583274747,351.02503587074534,272.51381457969546
PRR12,gene_scaled,0.5133333333333333,0.03204563786822892,0.08907449583274739,351.02503587074534,272.51381457969546
PRR12,gene_top50,0.5133333333333333,0.08668681845049808,0.11377027147008621,351.02503587074534,272.51381457969546
PRR12,gene_top50_scaled,0.5133333333333333,0.08668681845049808,0.11377027147008635,351.02503587074534,272.51381457969546
PRR12,gene_top100,0.5133333333333333,0.06955703182730187,0.09456511538123863,351.02503587074534,272.51381457969546
PRR12,gene_top100_scaled,0.5133333333333333,0.06955703182730186,0.09456511538123898,351.02503587074534,272.51381457969546
PRR12,gene_top200,0.5133333333333333,0.06138583069724972,0.08760130358265954,351.02503587074534,272.51381457969546
PRR12,gene_top200_scaled,0.5133333333333333,0.061385830697249726,0.08760130358265963,351.02503587074534,272.51381457969546
PRR12,gene_top500,0.5133333333333333,0.047363406346818696,0.0780869073199045,351.02503587074534,272.51381457969546
PRR12,gene_top500_scaled,0.5133333333333333,0.047363406346818696,0.07808690731990446,351.02503587074534,272.51381457969546
PRR12,gene_direct_x2,0.48,0.03204563786822893,0.08907449583274747,351.02503587074534,272.51381457969546
PRR12,gene_direct_x4,0.48,0.03204563786822893,0.08907449583274747,351.02503587074534,272.51381457969546
PRR12,gene_direct_x8,0.4733333333333334,0.03204563786822893,0.08907449583274747,351.02503587074534,272.51381457969546
PRR12,gene_direct_x16,0.4733333333333334,0.03204563786822893,0.08907449583274747,351.02503587074534,272.51381457969546
PRR12,gene_direct_x32,0.45999999999999996,0.03204563786822893,0.08907449583274747,351.02503587074534,272.51381457969546
PRR12,gene_direct_x64,0.45999999999999996,0.03204563786822893,0.08907449583274747,351.02503587074534,272.51381457969546
PRR12,gene_direct_x128,0.45999999999999996,0.03204563786822893,0.08907449583274747,351.02503587074534,272.51381457969546
PRR12,gene_direct_x256,0.45999999999999996,0.03204563786822893,0.08907449583274747,351.02503587074534,272.51381457969546
PRR12,gene_top100_x16,0.52,0.06955703182730187,0.09456511538123863,351.02503587074534,272.51381457969546
PRR12,gene_top100_x64,0.52,0.06955703182730187,0.09456511538123863,351.02503587074534,272.51381457969546
PRR12,gene_top100_x256,0.52,0.06955703182730187,0.09456511538123863,351.02503587074534,272.51381457969546
PRR12,gene_top200_x16,0.5266666666666666,0.06138583069724972,0.08760130358265954,351.02503587074534,272.51381457969546
PRR12,gene_top200_x64,0.5266666666666666,0.06138583069724972,0.08760130358265954,351.02503587074534,272.51381457969546
PRR12,gene_top200_x256,0.5266666666666666,0.06138583069724972,0.08760130358265954,351.02503587074534,272.51381457969546
PRR12,prog,0.5066666666666666,0.0367020894667214,0.1350901879223171,351.02503587074534,272.51381457969546
PTPN1,zero,0.98,0.0,0.0,115.83928570284843,258.5184535626322
PTPN1,h1_mean,0.9733333333333334,0.1808731303365641,0.004403311951268903,115.83928570284843,258.5184535626322
PTPN1,gene_direct,0.9866666666666667,0.16435334744385885,0.21126156039878946,115.83928570284843,258.5184535626322
PTPN1,gene_scaled,0.9933333333333333,0.16435334744385882,0.21126156039878938,115.83928570284843,258.5184535626322
PTPN1,gene_top50,0.98,0.2834986799028785,0.35325072843767236,115.83928570284843,258.5184535626322
PTPN1,gene_top50_scaled,0.98,0.28349867990287847,0.3532507284376718,115.83928570284843,258.5184535626322
PTPN1,gene_top100,0.98,0.24705501691716195,0.3091655037621548,115.83928570284843,258.5184535626322
PTPN1,gene_top100_scaled,0.98,0.24705501691716186,0.3091655037621556,115.83928570284843,258.5184535626322
PTPN1,gene_top200,0.98,0.218203967026704,0.2650826305911136,115.83928570284843,258.5184535626322
PTPN1,gene_top200_scaled,0.98,0.21820396702670394,0.265082630591113,115.83928570284843,258.5184535626322
PTPN1,gene_top500,0.98,0.1892600178710073,0.2063947928413111,115.83928570284843,258.5184535626322
PTPN1,gene_top500_scaled,0.98,0.1892600178710073,0.2063947928413109,115.83928570284843,258.5184535626322
PTPN1,gene_direct_x2,0.9933333333333333,0.16435334744385885,0.21126156039878946,115.83928570284843,258.5184535626322
PTPN1,gene_direct_x4,0.9933333333333333,0.16435334744385885,0.21126156039878946,115.83928570284843,258.5184535626322
PTPN1,gene_direct_x8,0.9866666666666667,0.16435334744385885,0.21126156039878946,115.83928570284843,258.5184535626322
PTPN1,gene_direct_x16,0.98,0.16435334744385885,0.21126156039878946,115.83928570284843,258.5184535626322
PTPN1,gene_direct_x32,0.9466666666666667,0.16435334744385885,0.21126156039878946,115.83928570284843,258.5184535626322
PTPN1,gene_direct_x64,0.9133333333333333,0.16435334744385885,0.21126156039878946,115.83928570284843,258.5184535626322
PTPN1,gene_direct_x128,0.9,0.16435334744385885,0.21126156039878946,115.83928570284843,258.5184535626322
PTPN1,gene_direct_x256,0.8866666666666667,0.16435334744385885,0.21126156039878946,115.83928570284843,258.5184535626322
PTPN1,gene_top100_x16,0.98,0.24705501691716195,0.3091655037621548,115.83928570284843,258.5184535626322
PTPN1,gene_top100_x64,0.98,0.24705501691716195,0.3091655037621548,115.83928570284843,258.5184535626322
PTPN1,gene_top100_x256,0.98,0.24705501691716195,0.3091655037621548,115.83928570284843,258.5184535626322
PTPN1,gene_top200_x16,0.98,0.218203967026704,0.2650826305911136,115.83928570284843,258.5184535626322
PTPN1,gene_top200_x64,0.98,0.218203967026704,0.2650826305911136,115.83928570284843,258.5184535626322
PTPN1,gene_top200_x256,0.98,0.218203967026704,0.2650826305911136,115.83928570284843,258.5184535626322
PTPN1,prog,0.9933333333333333,0.07947189478875448,-0.014302498334002293,115.83928570284843,258.5184535626322
RAF1,zero,0.6133333333333333,0.0,0.0,285.6380224484674,290.1840018555522
RAF1,h1_mean,0.5066666666666666,-0.0441743413999959,0.1900959388979367,285.6380224484674,290.1840018555522
RAF1,gene_direct,0.5866666666666667,0.022695859996849654,0.02967648751032458,285.6380224484674,290.1840018555522
RAF1,gene_scaled,0.6,0.02269585999684964,0.02967648751032455,285.6380224484674,290.1840018555522
RAF1,gene_top50,0.6133333333333333,0.07591013862838426,0.0887895209640262,285.6380224484674,290.1840018555522
RAF1,gene_top50_scaled,0.6133333333333333,0.07591013862838424,0.0887895209640262,285.6380224484674,290.1840018555522
RAF1,gene_top100,0.6133333333333333,0.06103323659325398,0.06761275761624151,285.6380224484674,290.1840018555522
RAF1,gene_top100_scaled,0.6133333333333333,0.06103323659325396,0.06761275761624153,285.6380224484674,290.1840018555522
RAF1,gene_top200,0.6,0.03948134417467013,0.04212402483368253,285.6380224484674,290.1840018555522
RAF1,gene_top200_scaled,0.6,0.03948134417467011,0.0421240248336826,285.6380224484674,290.1840018555522
RAF1,gene_top500,0.6,0.029747319115162135,0.02934108905614136,285.6380224484674,290.1840018555522
RAF1,gene_top500_scaled,0.6,0.029747319115162128,0.029341089056141363,285.6380224484674,290.1840018555522
RAF1,gene_direct_x2,0.5666666666666667,0.022695859996849654,0.02967648751032458,285.6380224484674,290.1840018555522
RAF1,gene_direct_x4,0.56,0.022695859996849654,0.02967648751032458,285.6380224484674,290.1840018555522
RAF1,gene_direct_x8,0.5333333333333333,0.022695859996849654,0.02967648751032458,285.6380224484674,290.1840018555522
RAF1,gene_direct_x16,0.5333333333333333,0.022695859996849654,0.02967648751032458,285.6380224484674,290.1840018555522
RAF1,gene_direct_x32,0.5333333333333333,0.022695859996849654,0.02967648751032458,285.6380224484674,290.1840018555522
RAF1,gene_direct_x64,0.5266666666666666,0.022695859996849654,0.02967648751032458,285.6380224484674,290.1840018555522
RAF1,gene_direct_x128,0.5266666666666666,0.022695859996849654,0.02967648751032458,285.6380224484674,290.1840018555522
RAF1,gene_direct_x256,0.5266666666666666,0.022695859996849654,0.02967648751032458,285.6380224484674,290.1840018555522
RAF1,gene_top100_x16,0.6266666666666667,0.06103323659325398,0.06761275761624151,285.6380224484674,290.1840018555522
RAF1,gene_top100_x64,0.6266666666666667,0.06103323659325398,0.06761275761624151,285.6380224484674,290.1840018555522
RAF1,gene_top100_x256,0.6266666666666667,0.06103323659325398,0.06761275761624151,285.6380224484674,290.1840018555522
RAF1,gene_top200_x16,0.62,0.03948134417467013,0.04212402483368253,285.6380224484674,290.1840018555522
RAF1,gene_top200_x64,0.62,0.03948134417467013,0.04212402483368253,285.6380224484674,290.1840018555522
RAF1,gene_top200_x256,0.62,0.03948134417467013,0.04212402483368253,285.6380224484674,290.1840018555522
RAF1,prog,0.6,-0.06592110281893207,-0.12335524413672852,285.6380224484674,290.1840018555522
RNF2,zero,0.26,0.0,0.0,712.3931164528967,306.37827744334936
RNF2,h1_mean,0.2666666666666667,0.46213498056596813,0.4609768065462227,712.3931164528967,306.37827744334936
RNF2,gene_direct,0.26,-0.01258563794644268,0.024057882207588335,712.3931164528967,306.37827744334936
RNF2,gene_scaled,0.26,-0.01258563794644268,0.024057882207588237,712.3931164528967,306.37827744334936
RNF2,gene_top50,0.26,0.043655101613370724,0.06649525083471018,712.3931164528967,306.37827744334936
RNF2,gene_top50_scaled,0.26,0.043655101613370745,0.06649525083471013,712.3931164528967,306.37827744334936
RNF2,gene_top100,0.26,0.028209150240019396,0.045989363502708595,712.3931164528967,306.37827744334936
RNF2,gene_top100_scaled,0.26,0.028209150240019392,0.0459893635027086,712.3931164528967,306.37827744334936
RNF2,gene_top200,0.26,0.015801324481542457,0.03115308117105578,712.3931164528967,306.37827744334936
RNF2,gene_top200_scaled,0.26,0.015801324481542457,0.031153081171055776,712.3931164528967,306.37827744334936
RNF2,gene_top500,0.26,0.002028518471226445,0.026002958292800176,712.3931164528967,306.37827744334936
RNF2,gene_top500_scaled,0.26,0.00202851847122645,0.026002958292800145,712.3931164528967,306.37827744334936
RNF2,gene_direct_x2,0.2533333333333333,-0.01258563794644268,0.024057882207588335,712.3931164528967,306.37827744334936
RNF2,gene_direct_x4,0.2466666666666667,-0.01258563794644268,0.024057882207588335,712.3931164528967,306.37827744334936
RNF2,gene_direct_x8,0.23333333333333328,-0.01258563794644268,0.024057882207588335,712.3931164528967,306.37827744334936
RNF2,gene_direct_x16,0.23333333333333328,-0.01258563794644268,0.024057882207588335,712.3931164528967,306.37827744334936
RNF2,gene_direct_x32,0.23333333333333328,-0.01258563794644268,0.024057882207588335,712.3931164528967,306.37827744334936
RNF2,gene_direct_x64,0.22666666666666668,-0.01258563794644268,0.024057882207588335,712.3931164528967,306.37827744334936
RNF2,gene_direct_x128,0.22666666666666668,-0.01258563794644268,0.024057882207588335,712.3931164528967,306.37827744334936
RNF2,gene_direct_x256,0.22666666666666668,-0.01258563794644268,0.024057882207588335,712.3931164528967,306.37827744334936
RNF2,gene_top100_x16,0.26,0.028209150240019396,0.045989363502708595,712.3931164528967,306.37827744334936
RNF2,gene_top100_x64,0.26,0.028209150240019396,0.045989363502708595,712.3931164528967,306.37827744334936
RNF2,gene_top100_x256,0.26,0.028209150240019396,0.045989363502708595,712.3931164528967,306.37827744334936
RNF2,gene_top200_x16,0.26,0.015801324481542457,0.03115308117105578,712.3931164528967,306.37827744334936
RNF2,gene_top200_x64,0.26,0.015801324481542457,0.03115308117105578,712.3931164528967,306.37827744334936
RNF2,gene_top200_x256,0.26,0.015801324481542457,0.03115308117105578,712.3931164528967,306.37827744334936
RNF2,prog,0.2466666666666667,-0.32346778929104403,-0.2729012259778476,712.3931164528967,306.37827744334936
RNF20,zero,0.033333333333333326,0.0,0.0,2137.4812589890826,492.62825952935964
RNF20,h1_mean,0.033333333333333326,0.17931457811415238,0.6209161394505325,2137.4812589890826,492.62825952935964
RNF20,gene_direct,0.040000000000000036,0.3154115986118722,0.42582827775977067,2137.4812589890826,492.62825952935964
RNF20,gene_scaled,0.033333333333333326,0.3154115986118722,0.4258282777597708,2137.4812589890826,492.62825952935964
RNF20,gene_top50,0.033333333333333326,0.10472471562263491,0.20960270025772348,2137.4812589890826,492.62825952935964
RNF20,gene_top50_scaled,0.033333333333333326,0.10472471562263494,0.20960270025772354,2137.4812589890826,492.62825952935964
RNF20,gene_top100,0.033333333333333326,0.12857893539534992,0.2489537307591917,2137.4812589890826,492.62825952935964
RNF20,gene_top100_scaled,0.033333333333333326,0.12857893539534987,0.2489537307591914,2137.4812589890826,492.62825952935964
RNF20,gene_top200,0.033333333333333326,0.1568521475189403,0.29699268568684023,2137.4812589890826,492.62825952935964
RNF20,gene_top200_scaled,0.033333333333333326,0.1568521475189403,0.2969926856868402,2137.4812589890826,492.62825952935964
RNF20,gene_top500,0.033333333333333326,0.1937794512617868,0.35826085538839597,2137.4812589890826,492.62825952935964
RNF20,gene_top500_scaled,0.033333333333333326,0.1937794512617869,0.3582608553883959,2137.4812589890826,492.62825952935964
RNF20,gene_direct_x2,0.040000000000000036,0.3154115986118722,0.42582827775977067,2137.4812589890826,492.62825952935964
RNF20,gene_direct_x4,0.046666666666666634,0.3154115986118722,0.42582827775977067,2137.4812589890826,492.62825952935964
RNF20,gene_direct_x8,0.07333333333333336,0.3154115986118722,0.42582827775977067,2137.4812589890826,492.62825952935964
RNF20,gene_direct_x16,0.21333333333333337,0.3154115986118722,0.42582827775977067,2137.4812589890826,492.62825952935964
RNF20,gene_direct_x32,1.0,0.3154115986118722,0.42582827775977067,2137.4812589890826,492.62825952935964
RNF20,gene_direct_x64,1.0,0.3154115986118722,0.42582827775977067,2137.4812589890826,492.62825952935964
RNF20,gene_direct_x128,1.0,0.3154115986118722,0.42582827775977067,2137.4812589890826,492.62825952935964
RNF20,gene_direct_x256,1.0,0.3154115986118722,0.42582827775977067,2137.4812589890826,492.62825952935964
RNF20,gene_top100_x16,0.033333333333333326,0.12857893539534992,0.2489537307591917,2137.4812589890826,492.62825952935964
RNF20,gene_top100_x64,0.033333333333333326,0.12857893539534992,0.2489537307591917,2137.4812589890826,492.62825952935964
RNF20,gene_top100_x256,0.033333333333333326,0.12857893539534992,0.2489537307591917,2137.4812589890826,492.62825952935964
RNF20,gene_top200_x16,0.033333333333333326,0.1568521475189403,0.29699268568684023,2137.4812589890826,492.62825952935964
RNF20,gene_top200_x64,0.033333333333333326,0.1568521475189403,0.29699268568684023,2137.4812589890826,492.62825952935964
RNF20,gene_top200_x256,0.033333333333333326,0.1568521475189403,0.29699268568684023,2137.4812589890826,492.62825952935964
RNF20,prog,0.033333333333333326,0.2970319421687604,0.4358748620884021,2137.4812589890826,492.62825952935964
RRM1,zero,0.45999999999999996,0.0,0.0,384.66367163629366,633.0662660330534
RRM1,h1_mean,0.29333333333333333,-0.46735436396450913,0.021538093331330638,384.66367163629366,633.0662660330534
RRM1,gene_direct,0.5333333333333333,0.06302867468902829,0.068583439845308,384.66367163629366,633.0662660330534
RRM1,gene_scaled,0.4666666666666667,0.0630286746890283,0.068583439845308,384.66367163629366,633.0662660330534
RRM1,gene_top50,0.45999999999999996,0.06655221095340447,0.1358823614353997,384.66367163629366,633.0662660330534
RRM1,gene_top50_scaled,0.45999999999999996,0.06655221095340452,0.13588236143539914,384.66367163629366,633.0662660330534
RRM1,gene_top100,0.45999999999999996,0.05537583218225173,0.11220819477111654,384.66367163629366,633.0662660330534
RRM1,gene_top100_scaled,0.45999999999999996,0.05537583218225176,0.11220819477111638,384.66367163629366,633.0662660330534
RRM1,gene_top200,0.45999999999999996,0.04667685804906103,0.09291628582655538,384.66367163629366,633.0662660330534
RRM1,gene_top200_scaled,0.45999999999999996,0.046676858049061035,0.09291628582655533,384.66367163629366,633.0662660330534
RRM1,gene_top500,0.45999999999999996,0.04444273647978047,0.062433363491544346,384.66367163629366,633.0662660330534
RRM1,gene_top500_scaled,0.45999999999999996,0.04444273647978048,0.06243336349154447,384.66367163629366,633.0662660330534
RRM1,gene_direct_x2,0.54,0.06302867468902829,0.068583439845308,384.66367163629366,633.0662660330534
RRM1,gene_direct_x4,0.5800000000000001,0.06302867468902829,0.068583439845308,384.66367163629366,633.0662660330534
RRM1,gene_direct_x8,0.6,0.06302867468902829,0.068583439845308,384.66367163629366,633.0662660330534
RRM1,gene_direct_x16,0.5933333333333333,0.06302867468902829,0.068583439845308,384.66367163629366,633.0662660330534
RRM1,gene_direct_x32,0.5933333333333333,0.06302867468902829,0.068583439845308,384.66367163629366,633.0662660330534
RRM1,gene_direct_x64,0.5733333333333333,0.06302867468902829,0.068583439845308,384.66367163629366,633.0662660330534
RRM1,gene_direct_x128,0.5800000000000001,0.06302867468902829,0.068583439845308,384.66367163629366,633.0662660330534
RRM1,gene_direct_x256,0.5933333333333333,0.06302867468902829,0.068583439845308,384.66367163629366,633.0662660330534
RRM1,gene_top100_x16,0.45999999999999996,0.05537583218225173,0.11220819477111654,384.66367163629366,633.0662660330534
RRM1,gene_top100_x64,0.45999999999999996,0.05537583218225173,0.11220819477111654,384.66367163629366,633.0662660330534
RRM1,gene_top100_x256,0.45999999999999996,0.05537583218225173,0.11220819477111654,384.66367163629366,633.0662660330534
RRM1,gene_top200_x16,0.45999999999999996,0.04667685804906103,0.09291628582655538,384.66367163629366,633.0662660330534
RRM1,gene_top200_x64,0.45999999999999996,0.04667685804906103,0.09291628582655538,384.66367163629366,633.0662660330534
RRM1,gene_top200_x256,0.45999999999999996,0.04667685804906103,0.09291628582655538,384.66367163629366,633.0662660330534
RRM1,prog,0.54,0.029823737544202773,0.04916014732984957,384.66367163629366,633.0662660330534
SAFB,zero,0.33999999999999997,0.0,0.0,531.4161940741924,342.52659982815385
SAFB,h1_mean,0.33999999999999997,0.3643037966644502,0.18944793867878504,531.4161940741924,342.52659982815385
SAFB,gene_direct,0.3733333333333333,0.14081252295470775,0.2266379780965619,531.4161940741924,342.52659982815385
SAFB,gene_scaled,0.3466666666666667,0.1408125229547078,0.226637978096562,531.4161940741924,342.52659982815385
SAFB,gene_top50,0.3466666666666667,0.14015638634766178,0.2136156052886422,531.4161940741924,342.52659982815385
SAFB,gene_top50_scaled,0.33999999999999997,0.1401563863476618,0.2136156052886419,531.4161940741924,342.52659982815385
SAFB,gene_top100,0.3466666666666667,0.13494954794298974,0.20215874584434504,531.4161940741924,342.52659982815385
SAFB,gene_top100_scaled,0.33999999999999997,0.13494954794298977,0.20215874584434487,531.4161940741924,342.52659982815385
SAFB,gene_top200,0.3533333333333334,0.1357181175859852,0.19441571897159493,531.4161940741924,342.52659982815385
SAFB,gene_top200_scaled,0.33999999999999997,0.13571811758598515,0.1944157189715944,531.4161940741924,342.52659982815385
SAFB,gene_top500,0.3533333333333334,0.12604603382655932,0.19285363389288873,531.4161940741924,342.52659982815385
SAFB,gene_top500_scaled,0.3466666666666667,0.12604603382655927,0.1928536338928885,531.4161940741924,342.52659982815385
SAFB,gene_direct_x2,0.3933333333333333,0.14081252295470775,0.2266379780965619,531.4161940741924,342.52659982815385
SAFB,gene_direct_x4,0.3933333333333333,0.14081252295470775,0.2266379780965619,531.4161940741924,342.52659982815385
SAFB,gene_direct_x8,0.4,0.14081252295470775,0.2266379780965619,531.4161940741924,342.52659982815385
SAFB,gene_direct_x16,0.4066666666666666,0.14081252295470775,0.2266379780965619,531.4161940741924,342.52659982815385
SAFB,gene_direct_x32,0.41333333333333333,0.14081252295470775,0.2266379780965619,531.4161940741924,342.52659982815385
SAFB,gene_direct_x64,0.42000000000000004,0.14081252295470775,0.2266379780965619,531.4161940741924,342.52659982815385
SAFB,gene_direct_x128,0.42000000000000004,0.14081252295470775,0.2266379780965619,531.4161940741924,342.52659982815385
SAFB,gene_direct_x256,0.42000000000000004,0.14081252295470775,0.2266379780965619,531.4161940741924,342.52659982815385
SAFB,gene_top100_x16,0.3533333333333334,0.13494954794298974,0.20215874584434504,531.4161940741924,342.52659982815385
SAFB,gene_top100_x64,0.3533333333333334,0.13494954794298974,0.20215874584434504,531.4161940741924,342.52659982815385
SAFB,gene_top100_x256,0.3533333333333334,0.13494954794298974,0.20215874584434504,531.4161940741924,342.52659982815385
SAFB,gene_top200_x16,0.3533333333333334,0.1357181175859852,0.19441571897159493,531.4161940741924,342.52659982815385
SAFB,gene_top200_x64,0.3533333333333334,0.1357181175859852,0.19441571897159493,531.4161940741924,342.52659982815385
SAFB,gene_top200_x256,0.3533333333333334,0.1357181175859852,0.19441571897159493,531.4161940741924,342.52659982815385
SAFB,prog,0.3466666666666667,0.10084186490033382,0.07896527595690099,531.4161940741924,342.52659982815385
SALL4,zero,0.10666666666666669,0.0,0.0,1174.1462003869274,399.25987781584263
SALL4,h1_mean,0.11333333333333329,0.5450338440125111,0.4251648224947549,1174.1462003869274,399.25987781584263
SALL4,gene_direct,0.10666666666666669,0.03103904573931227,-0.0015150305708400919,1174.1462003869274,399.25987781584263
SALL4,gene_scaled,0.10666666666666669,0.031039045739312283,-0.0015150305708400886,1174.1462003869274,399.25987781584263
SALL4,gene_top50,0.10666666666666669,0.0010971157788180785,0.0020655928433026276,1174.1462003869274,399.25987781584263
SALL4,gene_top50_scaled,0.10666666666666669,0.0010971157788180793,0.00206559284330263,1174.1462003869274,399.25987781584263
SALL4,gene_top100,0.10666666666666669,-0.0009814512279313985,0.003270445296662457,1174.1462003869274,399.25987781584263
SALL4,gene_top100_scaled,0.10666666666666669,-0.0009814512279313961,0.0032704452966624384,1174.1462003869274,399.25987781584263
SALL4,gene_top200,0.10666666666666669,0.0018657851761913844,0.004859185312322806,1174.1462003869274,399.25987781584263
SALL4,gene_top200_scaled,0.10666666666666669,0.001865785176191386,0.004859185312322812,1174.1462003869274,399.25987781584263
SALL4,gene_top500,0.10666666666666669,0.008103498691422571,-0.004431241048930688,1174.1462003869274,399.25987781584263
SALL4,gene_top500_scaled,0.10666666666666669,0.008103498691422571,-0.004431241048930693,1174.1462003869274,399.25987781584263
SALL4,gene_direct_x2,0.10666666666666669,0.03103904573931227,-0.0015150305708400919,1174.1462003869274,399.25987781584263
SALL4,gene_direct_x4,0.11333333333333329,0.03103904573931227,-0.0015150305708400919,1174.1462003869274,399.25987781584263
SALL4,gene_direct_x8,0.12,0.03103904573931227,-0.0015150305708400919,1174.1462003869274,399.25987781584263
SALL4,gene_direct_x16,0.11333333333333329,0.03103904573931227,-0.0015150305708400919,1174.1462003869274,399.25987781584263
SALL4,gene_direct_x32,0.10666666666666669,0.03103904573931227,-0.0015150305708400919,1174.1462003869274,399.25987781584263
SALL4,gene_direct_x64,0.09999999999999998,0.03103904573931227,-0.0015150305708400919,1174.1462003869274,399.25987781584263
SALL4,gene_direct_x128,0.09999999999999998,0.03103904573931227,-0.0015150305708400919,1174.1462003869274,399.25987781584263
SALL4,gene_direct_x256,0.09999999999999998,0.03103904573931227,-0.0015150305708400919,1174.1462003869274,399.25987781584263
SALL4,gene_top100_x16,0.10666666666666669,-0.0009814512279313985,0.003270445296662457,1174.1462003869274,399.25987781584263
SALL4,gene_top100_x64,0.10666666666666669,-0.0009814512279313985,0.003270445296662457,1174.1462003869274,399.25987781584263
SALL4,gene_top100_x256,0.10666666666666669,-0.0009814512279313985,0.003270445296662457,1174.1462003869274,399.25987781584263
SALL4,gene_top200_x16,0.10666666666666669,0.0018657851761913844,0.004859185312322806,1174.1462003869274,399.25987781584263
SALL4,gene_top200_x64,0.10666666666666669,0.0018657851761913844,0.004859185312322806,1174.1462003869274,399.25987781584263
SALL4,gene_top200_x256,0.10666666666666669,0.0018657851761913844,0.004859185312322806,1174.1462003869274,399.25987781584263
SALL4,prog,0.10666666666666669,0.172689133909083,0.02393190552495516,1174.1462003869274,399.25987781584263
SDC1,zero,0.32666666666666666,0.0,0.0,537.1478351453916,318.44298405535517
SDC1,h1_mean,0.3666666666666667,0.4927837692839568,0.3461707108859335,537.1478351453916,318.44298405535517
SDC1,gene_direct,0.41333333333333333,0.3965505144110283,0.37512464856958827,537.1478351453916,318.44298405535517
SDC1,gene_scaled,0.33999999999999997,0.39655051441102834,0.3751246485695884,537.1478351453916,318.44298405535517
SDC1,gene_top50,0.33999999999999997,0.26253349846807605,0.34508439297160026,537.1478351453916,318.44298405535517
SDC1,gene_top50_scaled,0.32666666666666666,0.26253349846807617,0.34508439297159954,537.1478351453916,318.44298405535517
SDC1,gene_top100,0.3466666666666667,0.2688898429498815,0.33276733029854966,537.1478351453916,318.44298405535517
SDC1,gene_top100_scaled,0.32666666666666666,0.2688898429498816,0.33276733029855,537.1478351453916,318.44298405535517
SDC1,gene_top200,0.3533333333333334,0.28178500189537425,0.32113746812242105,537.1478351453916,318.44298405535517
SDC1,gene_top200_scaled,0.32666666666666666,0.2817850018953742,0.32113746812242133,537.1478351453916,318.44298405535517
SDC1,gene_top500,0.36,0.31250004893741895,0.30301442953929286,537.1478351453916,318.44298405535517
SDC1,gene_top500_scaled,0.32666666666666666,0.312500048937419,0.3030144295392929,537.1478351453916,318.44298405535517
SDC1,gene_direct_x2,0.54,0.3965505144110283,0.37512464856958827,537.1478351453916,318.44298405535517
SDC1,gene_direct_x4,0.84,0.3965505144110283,0.37512464856958827,537.1478351453916,318.44298405535517
SDC1,gene_direct_x8,0.96,0.3965505144110283,0.37512464856958827,537.1478351453916,318.44298405535517
SDC1,gene_direct_x16,0.9666666666666667,0.3965505144110283,0.37512464856958827,537.1478351453916,318.44298405535517
SDC1,gene_direct_x32,0.9466666666666667,0.3965505144110283,0.37512464856958827,537.1478351453916,318.44298405535517
SDC1,gene_direct_x64,0.9066666666666666,0.3965505144110283,0.37512464856958827,537.1478351453916,318.44298405535517
SDC1,gene_direct_x128,0.8933333333333333,0.3965505144110283,0.37512464856958827,537.1478351453916,318.44298405535517
SDC1,gene_direct_x256,0.8866666666666667,0.3965505144110283,0.37512464856958827,537.1478351453916,318.44298405535517
SDC1,gene_top100_x16,0.3533333333333334,0.2688898429498815,0.33276733029854966,537.1478351453916,318.44298405535517
SDC1,gene_top100_x64,0.3533333333333334,0.2688898429498815,0.33276733029854966,537.1478351453916,318.44298405535517
SDC1,gene_top100_x256,0.3533333333333334,0.2688898429498815,0.33276733029854966,537.1478351453916,318.44298405535517
SDC1,gene_top200_x16,0.36,0.28178500189537425,0.32113746812242105,537.1478351453916,318.44298405535517
SDC1,gene_top200_x64,0.36,0.28178500189537425,0.32113746812242105,537.1478351453916,318.44298405535517
SDC1,gene_top200_x256,0.36,0.28178500189537425,0.32113746812242105,537.1478351453916,318.44298405535517
SDC1,prog,0.45333333333333337,0.33775224864644754,0.11422779260993003,537.1478351453916,318.44298405535517
SEC62,zero,0.16000000000000003,0.0,0.0,995.846727973727,473.54957490861415
SEC62,h1_mean,0.18666666666666665,0.6768758964728209,0.4526801742953979,995.846727973727,473.54957490861415
SEC62,gene_direct,0.18666666666666665,0.22073385451480024,0.1470348340652646,995.846727973727,473.54957490861415
SEC62,gene_scaled,0.16000000000000003,0.22073385451480038,0.1470348340652647,995.846727973727,473.54957490861415
SEC62,gene_top50,0.16000000000000003,0.13399424979512614,0.16458732837943765,995.846727973727,473.54957490861415
SEC62,gene_top50_scaled,0.16000000000000003,0.13399424979512609,0.1645873283794374,995.846727973727,473.54957490861415
SEC62,gene_top100,0.16000000000000003,0.13539471706253714,0.13369444313351486,995.846727973727,473.54957490861415
SEC62,gene_top100_scaled,0.16000000000000003,0.1353947170625371,0.13369444313351486,995.846727973727,473.54957490861415
SEC62,gene_top200,0.16666666666666663,0.14971179371936374,0.12835871026040468,995.846727973727,473.54957490861415
SEC62,gene_top200_scaled,0.16000000000000003,0.14971179371936377,0.1283587102604048,995.846727973727,473.54957490861415
SEC62,gene_top500,0.17333333333333334,0.17355045408013536,0.1247727495190656,995.846727973727,473.54957490861415
SEC62,gene_top500_scaled,0.16000000000000003,0.1735504540801354,0.12477274951906568,995.846727973727,473.54957490861415
SEC62,gene_direct_x2,0.20666666666666667,0.22073385451480024,0.1470348340652646,995.846727973727,473.54957490861415
SEC62,gene_direct_x4,0.2533333333333333,0.22073385451480024,0.1470348340652646,995.846727973727,473.54957490861415
SEC62,gene_direct_x8,0.3866666666666667,0.22073385451480024,0.1470348340652646,995.846727973727,473.54957490861415
SEC62,gene_direct_x16,0.7466666666666666,0.22073385451480024,0.1470348340652646,995.846727973727,473.54957490861415
SEC62,gene_direct_x32,0.92,0.22073385451480024,0.1470348340652646,995.846727973727,473.54957490861415
SEC62,gene_direct_x64,0.9466666666666667,0.22073385451480024,0.1470348340652646,995.846727973727,473.54957490861415
SEC62,gene_direct_x128,0.9533333333333334,0.22073385451480024,0.1470348340652646,995.846727973727,473.54957490861415
SEC62,gene_direct_x256,0.9466666666666667,0.22073385451480024,0.1470348340652646,995.846727973727,473.54957490861415
SEC62,gene_top100_x16,0.16000000000000003,0.13539471706253714,0.13369444313351486,995.846727973727,473.54957490861415
SEC62,gene_top100_x64,0.16000000000000003,0.13539471706253714,0.13369444313351486,995.846727973727,473.54957490861415
SEC62,gene_top100_x256,0.16000000000000003,0.13539471706253714,0.13369444313351486,995.846727973727,473.54957490861415
SEC62,gene_top200_x16,0.16666666666666663,0.14971179371936374,0.12835871026040468,995.846727973727,473.54957490861415
SEC62,gene_top200_x64,0.16666666666666663,0.14971179371936374,0.12835871026040468,995.846727973727,473.54957490861415
SEC62,gene_top200_x256,0.16666666666666663,0.14971179371936374,0.12835871026040468,995.846727973727,473.54957490861415
SEC62,prog,0.19999999999999996,0.3052227520060222,0.14845594216187954,995.846727973727,473.54957490861415
SHPRH,zero,0.43999999999999995,0.0,0.0,402.9929579619384,240.27408072724938
SHPRH,h1_mean,0.5333333333333333,0.36587194484414925,-0.032071446835598025,402.9929579619384,240.27408072724938
SHPRH,gene_direct,0.48,0.18522197386182251,0.21190686962320746,402.9929579619384,240.27408072724938
SHPRH,gene_scaled,0.44666666666666666,0.18522197386182254,0.2119068696232073,402.9929579619384,240.27408072724938
SHPRH,gene_top50,0.44666666666666666,0.295979849842881,0.38664182378345774,402.9929579619384,240.27408072724938
SHPRH,gene_top50_scaled,0.44666666666666666,0.29597984984288106,0.3866418237834579,402.9929579619384,240.27408072724938
SHPRH,gene_top100,0.44666666666666666,0.26056571751831353,0.3170570813529995,402.9929579619384,240.27408072724938
SHPRH,gene_top100_scaled,0.44666666666666666,0.2605657175183135,0.31705708135299854,402.9929579619384,240.27408072724938
SHPRH,gene_top200,0.44666666666666666,0.22800122316934618,0.2591861670686478,402.9929579619384,240.27408072724938
SHPRH,gene_top200_scaled,0.44666666666666666,0.22800122316934615,0.25918616706864706,402.9929579619384,240.27408072724938
SHPRH,gene_top500,0.44666666666666666,0.1977683019777288,0.1936951337614189,402.9929579619384,240.27408072724938
SHPRH,gene_top500_scaled,0.44666666666666666,0.19776830197772874,0.1936951337614189,402.9929579619384,240.27408072724938
SHPRH,gene_direct_x2,0.52,0.18522197386182251,0.21190686962320746,402.9929579619384,240.27408072724938
SHPRH,gene_direct_x4,0.5466666666666666,0.18522197386182251,0.21190686962320746,402.9929579619384,240.27408072724938
SHPRH,gene_direct_x8,0.5666666666666667,0.18522197386182251,0.21190686962320746,402.9929579619384,240.27408072724938
SHPRH,gene_direct_x16,0.6066666666666667,0.18522197386182251,0.21190686962320746,402.9929579619384,240.27408072724938
SHPRH,gene_direct_x32,0.62,0.18522197386182251,0.21190686962320746,402.9929579619384,240.27408072724938
SHPRH,gene_direct_x64,0.6133333333333333,0.18522197386182251,0.21190686962320746,402.9929579619384,240.27408072724938
SHPRH,gene_direct_x128,0.62,0.18522197386182251,0.21190686962320746,402.9929579619384,240.27408072724938
SHPRH,gene_direct_x256,0.6266666666666667,0.18522197386182251,0.21190686962320746,402.9929579619384,240.27408072724938
SHPRH,gene_top100_x16,0.44666666666666666,0.26056571751831353,0.3170570813529995,402.9929579619384,240.27408072724938
SHPRH,gene_top100_x64,0.44666666666666666,0.26056571751831353,0.3170570813529995,402.9929579619384,240.27408072724938
SHPRH,gene_top100_x256,0.44666666666666666,0.26056571751831353,0.3170570813529995,402.9929579619384,240.27408072724938
SHPRH,gene_top200_x16,0.45333333333333337,0.22800122316934618,0.2591861670686478,402.9929579619384,240.27408072724938
SHPRH,gene_top200_x64,0.45333333333333337,0.22800122316934618,0.2591861670686478,402.9929579619384,240.27408072724938
SHPRH,gene_top200_x256,0.45333333333333337,0.22800122316934618,0.2591861670686478,402.9929579619384,240.27408072724938
SHPRH,prog,0.5066666666666666,0.33074717998468417,-0.025446114903296548,402.9929579619384,240.27408072724938
SIN3B,zero,0.08666666666666667,0.0,0.0,1228.7734792183364,399.76565788313746
SIN3B,h1_mean,0.09999999999999998,0.35646597764744714,0.30675013477546736,1228.7734792183364,399.76565788313746
SIN3B,gene_direct,0.10666666666666669,0.20561728705204974,0.2804194655960055,1228.7734792183364,399.76565788313746
SIN3B,gene_scaled,0.09333333333333338,0.20561728705204965,0.28041946559600545,1228.7734792183364,399.76565788313746
SIN3B,gene_top50,0.08666666666666667,0.06472803885066356,0.10996822002832399,1228.7734792183364,399.76565788313746
SIN3B,gene_top50_scaled,0.08666666666666667,0.06472803885066356,0.10996822002832453,1228.7734792183364,399.76565788313746
SIN3B,gene_top100,0.09333333333333338,0.08487835886093174,0.13760058918374438,1228.7734792183364,399.76565788313746
SIN3B,gene_top100_scaled,0.08666666666666667,0.08487835886093174,0.13760058918374457,1228.7734792183364,399.76565788313746
SIN3B,gene_top200,0.09333333333333338,0.10813153184044266,0.1684576705218319,1228.7734792183364,399.76565788313746
SIN3B,gene_top200_scaled,0.08666666666666667,0.10813153184044268,0.1684576705218319,1228.7734792183364,399.76565788313746
SIN3B,gene_top500,0.09999999999999998,0.1418429122563031,0.2178090944448823,1228.7734792183364,399.76565788313746
SIN3B,gene_top500_scaled,0.08666666666666667,0.14184291225630308,0.21780909444488283,1228.7734792183364,399.76565788313746
SIN3B,gene_direct_x2,0.1333333333333333,0.20561728705204974,0.2804194655960055,1228.7734792183364,399.76565788313746
SIN3B,gene_direct_x4,0.16000000000000003,0.20561728705204974,0.2804194655960055,1228.7734792183364,399.76565788313746
SIN3B,gene_direct_x8,0.18666666666666665,0.20561728705204974,0.2804194655960055,1228.7734792183364,399.76565788313746
SIN3B,gene_direct_x16,0.20666666666666667,0.20561728705204974,0.2804194655960055,1228.7734792183364,399.76565788313746
SIN3B,gene_direct_x32,0.23333333333333328,0.20561728705204974,0.2804194655960055,1228.7734792183364,399.76565788313746
SIN3B,gene_direct_x64,0.23333333333333328,0.20561728705204974,0.2804194655960055,1228.7734792183364,399.76565788313746
SIN3B,gene_direct_x128,0.23333333333333328,0.20561728705204974,0.2804194655960055,1228.7734792183364,399.76565788313746
SIN3B,gene_direct_x256,0.23333333333333328,0.20561728705204974,0.2804194655960055,1228.7734792183364,399.76565788313746
SIN3B,gene_top100_x16,0.09333333333333338,0.08487835886093174,0.13760058918374438,1228.7734792183364,399.76565788313746
SIN3B,gene_top100_x64,0.09333333333333338,0.08487835886093174,0.13760058918374438,1228.7734792183364,399.76565788313746
SIN3B,gene_top100_x256,0.09333333333333338,0.08487835886093174,0.13760058918374438,1228.7734792183364,399.76565788313746
SIN3B,gene_top200_x16,0.09999999999999998,0.10813153184044266,0.1684576705218319,1228.7734792183364,399.76565788313746
SIN3B,gene_top200_x64,0.09999999999999998,0.10813153184044266,0.1684576705218319,1228.7734792183364,399.76565788313746
SIN3B,gene_top200_x256,0.09999999999999998,0.10813153184044266,0.1684576705218319,1228.7734792183364,399.76565788313746
SIN3B,prog,0.09333333333333338,0.2033763864131883,0.14639877884668118,1228.7734792183364,399.76565788313746
SIX4,zero,0.6733333333333333,0.0,0.0,261.1507534166776,214.77548648789525
SIX4,h1_mean,0.6599999999999999,0.12102627368740529,-0.012385558374069208,261.1507534166776,214.77548648789525
SIX4,gene_direct,0.6533333333333333,0.011432135487829446,0.02823225031310003,261.1507534166776,214.77548648789525
SIX4,gene_scaled,0.6733333333333333,0.01143213548782945,0.028232250313099998,261.1507534166776,214.77548648789525
SIX4,gene_top50,0.6733333333333333,0.02898238259996517,0.0383579930653191,261.1507534166776,214.77548648789525
SIX4,gene_top50_scaled,0.6733333333333333,0.02898238259996517,0.03835799306531913,261.1507534166776,214.77548648789525
SIX4,gene_top100,0.6733333333333333,0.029151175448795596,0.036131253474688686,261.1507534166776,214.77548648789525
SIX4,gene_top100_scaled,0.6733333333333333,0.0291511754487956,0.03613125347468862,261.1507534166776,214.77548648789525
SIX4,gene_top200,0.6733333333333333,0.023956375433815253,0.02796916267202189,261.1507534166776,214.77548648789525
SIX4,gene_top200_scaled,0.6733333333333333,0.023956375433815263,0.027969162672022017,261.1507534166776,214.77548648789525
SIX4,gene_top500,0.6733333333333333,0.02266832924901184,0.020265414800952567,261.1507534166776,214.77548648789525
SIX4,gene_top500_scaled,0.6733333333333333,0.02266832924901184,0.020265414800952602,261.1507534166776,214.77548648789525
SIX4,gene_direct_x2,0.64,0.011432135487829446,0.02823225031310003,261.1507534166776,214.77548648789525
SIX4,gene_direct_x4,0.6266666666666667,0.011432135487829446,0.02823225031310003,261.1507534166776,214.77548648789525
SIX4,gene_direct_x8,0.6066666666666667,0.011432135487829446,0.02823225031310003,261.1507534166776,214.77548648789525
SIX4,gene_direct_x16,0.6066666666666667,0.011432135487829446,0.02823225031310003,261.1507534166776,214.77548648789525
SIX4,gene_direct_x32,0.5933333333333333,0.011432135487829446,0.02823225031310003,261.1507534166776,214.77548648789525
SIX4,gene_direct_x64,0.5866666666666667,0.011432135487829446,0.02823225031310003,261.1507534166776,214.77548648789525
SIX4,gene_direct_x128,0.5866666666666667,0.011432135487829446,0.02823225031310003,261.1507534166776,214.77548648789525
SIX4,gene_direct_x256,0.5800000000000001,0.011432135487829446,0.02823225031310003,261.1507534166776,214.77548648789525
SIX4,gene_top100_x16,0.6733333333333333,0.029151175448795596,0.036131253474688686,261.1507534166776,214.77548648789525
SIX4,gene_top100_x64,0.6733333333333333,0.029151175448795596,0.036131253474688686,261.1507534166776,214.77548648789525
SIX4,gene_top100_x256,0.6733333333333333,0.029151175448795596,0.036131253474688686,261.1507534166776,214.77548648789525
SIX4,gene_top200_x16,0.6733333333333333,0.023956375433815253,0.02796916267202189,261.1507534166776,214.77548648789525
SIX4,gene_top200_x64,0.6733333333333333,0.023956375433815253,0.02796916267202189,261.1507534166776,214.77548648789525
SIX4,gene_top200_x256,0.6733333333333333,0.023956375433815253,0.02796916267202189,261.1507534166776,214.77548648789525
SIX4,prog,0.6666666666666667,-0.005350568114461705,-0.0414980868201267,261.1507534166776,214.77548648789525
SLC25A3,zero,0.5066666666666666,0.0,0.0,354.91011013123716,242.69301241971553
SLC25A3,h1_mean,0.42000000000000004,-0.036531435767513144,0.28921215850606835,354.91011013123716,242.69301241971553
SLC25A3,gene_direct,0.4733333333333334,0.26841711609906177,0.6294399597375269,354.91011013123716,242.69301241971553
SLC25A3,gene_scaled,0.5,0.2684171160990618,0.6294399597375268,354.91011013123716,242.69301241971553
SLC25A3,gene_top50,0.5133333333333333,0.48562152347828685,0.6771454174874749,354.91011013123716,242.69301241971553
SLC25A3,gene_top50_scaled,0.5066666666666666,0.4856215234782871,0.677145417487483,354.91011013123716,242.69301241971553
SLC25A3,gene_top100,0.5133333333333333,0.4663962189032889,0.6637598068139441,354.91011013123716,242.69301241971553
SLC25A3,gene_top100_scaled,0.5066666666666666,0.46639621890328914,0.6637598068139414,354.91011013123716,242.69301241971553
SLC25A3,gene_top200,0.5066666666666666,0.43839737057140704,0.6480599177862224,354.91011013123716,242.69301241971553
SLC25A3,gene_top200_scaled,0.5066666666666666,0.43839737057140693,0.6480599177862264,354.91011013123716,242.69301241971553
SLC25A3,gene_top500,0.5066666666666666,0.387802781606049,0.6386592167988366,354.91011013123716,242.69301241971553
SLC25A3,gene_top500_scaled,0.5,0.3878027816060488,0.6386592167988357,354.91011013123716,242.69301241971553
SLC25A3,gene_direct_x2,0.45999999999999996,0.26841711609906177,0.6294399597375269,354.91011013123716,242.69301241971553
SLC25A3,gene_direct_x4,0.4666666666666667,0.26841711609906177,0.6294399597375269,354.91011013123716,242.69301241971553
SLC25A3,gene_direct_x8,0.42666666666666664,0.26841711609906177,0.6294399597375269,354.91011013123716,242.69301241971553
SLC25A3,gene_direct_x16,0.3866666666666667,0.26841711609906177,0.6294399597375269,354.91011013123716,242.69301241971553
SLC25A3,gene_direct_x32,0.33333333333333337,0.26841711609906177,0.6294399597375269,354.91011013123716,242.69301241971553
SLC25A3,gene_direct_x64,0.2666666666666667,0.26841711609906177,0.6294399597375269,354.91011013123716,242.69301241971553
SLC25A3,gene_direct_x128,0.2466666666666667,0.26841711609906177,0.6294399597375269,354.91011013123716,242.69301241971553
SLC25A3,gene_direct_x256,0.2466666666666667,0.26841711609906177,0.6294399597375269,354.91011013123716,242.69301241971553
SLC25A3,gene_top100_x16,0.5133333333333333,0.4663962189032889,0.6637598068139441,354.91011013123716,242.69301241971553
SLC25A3,gene_top100_x64,0.5133333333333333,0.4663962189032889,0.6637598068139441,354.91011013123716,242.69301241971553
SLC25A3,gene_top100_x256,0.5133333333333333,0.4663962189032889,0.6637598068139441,354.91011013123716,242.69301241971553
SLC25A3,gene_top200_x16,0.5133333333333333,0.43839737057140704,0.6480599177862224,354.91011013123716,242.69301241971553
SLC25A3,gene_top200_x64,0.5133333333333333,0.43839737057140704,0.6480599177862224,354.91011013123716,242.69301241971553
SLC25A3,gene_top200_x256,0.5133333333333333,0.43839737057140704,0.6480599177862224,354.91011013123716,242.69301241971553
SLC25A3,prog,0.42000000000000004,-0.14634178093313358,0.20244217431044487,354.91011013123716,242.69301241971553
SLC39A6,zero,0.053333333333333344,0.0,0.0,1581.2955894510706,254.46979407593608
SLC39A6,h1_mean,0.053333333333333344,0.7640754099044859,0.5123120324123734,1581.2955894510706,254.46979407593608
SLC39A6,gene_direct,0.053333333333333344,0.16079920998550706,0.19812671654328382,1581.2955894510706,254.46979407593608
SLC39A6,gene_scaled,0.053333333333333344,0.160799209985507,0.19812671654328387,1581.2955894510706,254.46979407593608
SLC39A6,gene_top50,0.053333333333333344,0.070600109153288,0.1444973255979698,1581.2955894510706,254.46979407593608
SLC39A6,gene_top50_scaled,0.053333333333333344,0.07060010915328802,0.14449732559796977,1581.2955894510706,254.46979407593608
SLC39A6,gene_top100,0.053333333333333344,0.07409958908330838,0.13165801399621063,1581.2955894510706,254.46979407593608
SLC39A6,gene_top100_scaled,0.053333333333333344,0.0740995890833084,0.13165801399621013,1581.2955894510706,254.46979407593608
SLC39A6,gene_top200,0.053333333333333344,0.07865692800062192,0.1431251326042611,1581.2955894510706,254.46979407593608
SLC39A6,gene_top200_scaled,0.053333333333333344,0.07865692800062192,0.14312513260426138,1581.2955894510706,254.46979407593608
SLC39A6,gene_top500,0.053333333333333344,0.11933381292766725,0.15203170997262883,1581.2955894510706,254.46979407593608
SLC39A6,gene_top500_scaled,0.053333333333333344,0.11933381292766726,0.1520317099726289,1581.2955894510706,254.46979407593608
SLC39A6,gene_direct_x2,0.053333333333333344,0.16079920998550706,0.19812671654328382,1581.2955894510706,254.46979407593608
SLC39A6,gene_direct_x4,0.06000000000000005,0.16079920998550706,0.19812671654328382,1581.2955894510706,254.46979407593608
SLC39A6,gene_direct_x8,0.10666666666666669,0.16079920998550706,0.19812671654328382,1581.2955894510706,254.46979407593608
SLC39A6,gene_direct_x16,0.15333333333333332,0.16079920998550706,0.19812671654328382,1581.2955894510706,254.46979407593608
SLC39A6,gene_direct_x32,0.19333333333333336,0.16079920998550706,0.19812671654328382,1581.2955894510706,254.46979407593608
SLC39A6,gene_direct_x64,0.19333333333333336,0.16079920998550706,0.19812671654328382,1581.2955894510706,254.46979407593608
SLC39A6,gene_direct_x128,0.20666666666666667,0.16079920998550706,0.19812671654328382,1581.2955894510706,254.46979407593608
SLC39A6,gene_direct_x256,0.20666666666666667,0.16079920998550706,0.19812671654328382,1581.2955894510706,254.46979407593608
SLC39A6,gene_top100_x16,0.053333333333333344,0.07409958908330838,0.13165801399621063,1581.2955894510706,254.46979407593608
SLC39A6,gene_top100_x64,0.053333333333333344,0.07409958908330838,0.13165801399621063,1581.2955894510706,254.46979407593608
SLC39A6,gene_top100_x256,0.053333333333333344,0.07409958908330838,0.13165801399621063,1581.2955894510706,254.46979407593608
SLC39A6,gene_top200_x16,0.053333333333333344,0.07865692800062192,0.1431251326042611,1581.2955894510706,254.46979407593608
SLC39A6,gene_top200_x64,0.053333333333333344,0.07865692800062192,0.1431251326042611,1581.2955894510706,254.46979407593608
SLC39A6,gene_top200_x256,0.053333333333333344,0.07865692800062192,0.1431251326042611,1581.2955894510706,254.46979407593608
SLC39A6,prog,0.053333333333333344,0.48906248335744756,0.38436885955302813,1581.2955894510706,254.46979407593608
SMAGP,zero,0.4733333333333334,0.0,0.0,373.12805674043557,164.7801804985851
SMAGP,h1_mean,0.52,0.2353997806380004,0.34314316562269315,373.12805674043557,164.7801804985851
SMAGP,gene_direct,0.48,0.2029558142369297,0.3464998067103713,373.12805674043557,164.7801804985851
SMAGP,gene_scaled,0.4733333333333334,0.2029558142369298,0.34649980671037134,373.12805674043557,164.7801804985851
SMAGP,gene_top50,0.48,0.37815915180125803,0.45583741374188075,373.12805674043557,164.7801804985851
SMAGP,gene_top50_scaled,0.4733333333333334,0.3781591518012581,0.45583741374188125,373.12805674043557,164.7801804985851
SMAGP,gene_top100,0.48,0.3431112375097949,0.41332443561929516,373.12805674043557,164.7801804985851
SMAGP,gene_top100_scaled,0.4733333333333334,0.3431112375097949,0.41332443561929516,373.12805674043557,164.7801804985851
SMAGP,gene_top200,0.48,0.3189031259646426,0.3832333810586387,373.12805674043557,164.7801804985851
SMAGP,gene_top200_scaled,0.4733333333333334,0.3189031259646425,0.38323338105863897,373.12805674043557,164.7801804985851
SMAGP,gene_top500,0.48,0.2741262774652394,0.328627908961902,373.12805674043557,164.7801804985851
SMAGP,gene_top500_scaled,0.4733333333333334,0.2741262774652394,0.32862790896190164,373.12805674043557,164.7801804985851
SMAGP,gene_direct_x2,0.5,0.2029558142369297,0.3464998067103713,373.12805674043557,164.7801804985851
SMAGP,gene_direct_x4,0.5066666666666666,0.2029558142369297,0.3464998067103713,373.12805674043557,164.7801804985851
SMAGP,gene_direct_x8,0.5266666666666666,0.2029558142369297,0.3464998067103713,373.12805674043557,164.7801804985851
SMAGP,gene_direct_x16,0.5866666666666667,0.2029558142369297,0.3464998067103713,373.12805674043557,164.7801804985851
SMAGP,gene_direct_x32,0.62,0.2029558142369297,0.3464998067103713,373.12805674043557,164.7801804985851
SMAGP,gene_direct_x64,0.6666666666666667,0.2029558142369297,0.3464998067103713,373.12805674043557,164.7801804985851
SMAGP,gene_direct_x128,0.6799999999999999,0.2029558142369297,0.3464998067103713,373.12805674043557,164.7801804985851
SMAGP,gene_direct_x256,0.6799999999999999,0.2029558142369297,0.3464998067103713,373.12805674043557,164.7801804985851
SMAGP,gene_top100_x16,0.5,0.3431112375097949,0.41332443561929516,373.12805674043557,164.7801804985851
SMAGP,gene_top100_x64,0.5066666666666666,0.3431112375097949,0.41332443561929516,373.12805674043557,164.7801804985851
SMAGP,gene_top100_x256,0.5066666666666666,0.3431112375097949,0.41332443561929516,373.12805674043557,164.7801804985851
SMAGP,gene_top200_x16,0.5133333333333333,0.3189031259646426,0.3832333810586387,373.12805674043557,164.7801804985851
SMAGP,gene_top200_x64,0.5133333333333333,0.3189031259646426,0.3832333810586387,373.12805674043557,164.7801804985851
SMAGP,gene_top200_x256,0.5133333333333333,0.3189031259646426,0.3832333810586387,373.12805674043557,164.7801804985851
SMAGP,prog,0.48,0.13874021615053625,0.1974174776451805,373.12805674043557,164.7801804985851
SMARCA4,zero,0.046666666666666634,0.0,0.0,1731.9605564626581,327.67532131820917
SMARCA4,h1_mean,0.046666666666666634,0.4836818811683125,0.3847392948517335,1731.9605564626581,327.67532131820917
SMARCA4,gene_direct,0.046666666666666634,0.09930264613263458,0.13167023036790665,1731.9605564626581,327.67532131820917
SMARCA4,gene_scaled,0.046666666666666634,0.09930264613263458,0.1316702303679065,1731.9605564626581,327.67532131820917
SMARCA4,gene_top50,0.046666666666666634,0.08137858888278339,0.10180214725601912,1731.9605564626581,327.67532131820917
SMARCA4,gene_top50_scaled,0.046666666666666634,0.08137858888278343,0.10180214725601923,1731.9605564626581,327.67532131820917
SMARCA4,gene_top100,0.046666666666666634,0.07779159767562419,0.09484606831659555,1731.9605564626581,327.67532131820917
SMARCA4,gene_top100_scaled,0.046666666666666634,0.07779159767562414,0.09484606831659585,1731.9605564626581,327.67532131820917
SMARCA4,gene_top200,0.046666666666666634,0.0834325193777811,0.10673547313455302,1731.9605564626581,327.67532131820917
SMARCA4,gene_top200_scaled,0.046666666666666634,0.08343251937778107,0.106735473134553,1731.9605564626581,327.67532131820917
SMARCA4,gene_top500,0.046666666666666634,0.09336568487707293,0.11473498792399918,1731.9605564626581,327.67532131820917
SMARCA4,gene_top500_scaled,0.046666666666666634,0.09336568487707289,0.11473498792399939,1731.9605564626581,327.67532131820917
SMARCA4,gene_direct_x2,0.046666666666666634,0.09930264613263458,0.13167023036790665,1731.9605564626581,327.67532131820917
SMARCA4,gene_direct_x4,0.046666666666666634,0.09930264613263458,0.13167023036790665,1731.9605564626581,327.67532131820917
SMARCA4,gene_direct_x8,0.046666666666666634,0.09930264613263458,0.13167023036790665,1731.9605564626581,327.67532131820917
SMARCA4,gene_direct_x16,0.046666666666666634,0.09930264613263458,0.13167023036790665,1731.9605564626581,327.67532131820917
SMARCA4,gene_direct_x32,0.046666666666666634,0.09930264613263458,0.13167023036790665,1731.9605564626581,327.67532131820917
SMARCA4,gene_direct_x64,0.046666666666666634,0.09930264613263458,0.13167023036790665,1731.9605564626581,327.67532131820917
SMARCA4,gene_direct_x128,0.046666666666666634,0.09930264613263458,0.13167023036790665,1731.9605564626581,327.67532131820917
SMARCA4,gene_direct_x256,0.046666666666666634,0.09930264613263458,0.13167023036790665,1731.9605564626581,327.67532131820917
SMARCA4,gene_top100_x16,0.046666666666666634,0.07779159767562419,0.09484606831659555,1731.9605564626581,327.67532131820917
SMARCA4,gene_top100_x64,0.046666666666666634,0.07779159767562419,0.09484606831659555,1731.9605564626581,327.67532131820917
SMARCA4,gene_top100_x256,0.046666666666666634,0.07779159767562419,0.09484606831659555,1731.9605564626581,327.67532131820917
SMARCA4,gene_top200_x16,0.046666666666666634,0.0834325193777811,0.10673547313455302,1731.9605564626581,327.67532131820917
SMARCA4,gene_top200_x64,0.046666666666666634,0.0834325193777811,0.10673547313455302,1731.9605564626581,327.67532131820917
SMARCA4,gene_top200_x256,0.046666666666666634,0.0834325193777811,0.10673547313455302,1731.9605564626581,327.67532131820917
SMARCA4,prog,0.046666666666666634,0.1675719739331967,0.015194822328453308,1731.9605564626581,327.67532131820917
SMARCA5,zero,0.16666666666666663,0.0,0.0,977.4984159932101,344.03256484493613
SMARCA5,h1_mean,0.16000000000000003,0.26344625137214245,0.1860376369118381,977.4984159932101,344.03256484493613
SMARCA5,gene_direct,0.17333333333333334,0.11922926844727398,0.16466071438242763,977.4984159932101,344.03256484493613
SMARCA5,gene_scaled,0.16666666666666663,0.119229268447274,0.1646607143824278,977.4984159932101,344.03256484493613
SMARCA5,gene_top50,0.16666666666666663,0.10587910284401672,0.15656403765599394,977.4984159932101,344.03256484493613
SMARCA5,gene_top50_scaled,0.16666666666666663,0.1058791028440167,0.15656403765599403,977.4984159932101,344.03256484493613
SMARCA5,gene_top100,0.16666666666666663,0.09374757807303555,0.13974776219521381,977.4984159932101,344.03256484493613
SMARCA5,gene_top100_scaled,0.16666666666666663,0.09374757807303552,0.13974776219521418,977.4984159932101,344.03256484493613
SMARCA5,gene_top200,0.16666666666666663,0.10047015267832227,0.1488191205182395,977.4984159932101,344.03256484493613
SMARCA5,gene_top200_scaled,0.16666666666666663,0.10047015267832232,0.14881912051823934,977.4984159932101,344.03256484493613
SMARCA5,gene_top500,0.16666666666666663,0.10134805302643955,0.15346898826347666,977.4984159932101,344.03256484493613
SMARCA5,gene_top500_scaled,0.16666666666666663,0.10134805302643962,0.1534689882634763,977.4984159932101,344.03256484493613
SMARCA5,gene_direct_x2,0.16000000000000003,0.11922926844727398,0.16466071438242763,977.4984159932101,344.03256484493613
SMARCA5,gene_direct_x4,0.16000000000000003,0.11922926844727398,0.16466071438242763,977.4984159932101,344.03256484493613
SMARCA5,gene_direct_x8,0.16000000000000003,0.11922926844727398,0.16466071438242763,977.4984159932101,344.03256484493613
SMARCA5,gene_direct_x16,0.15333333333333332,0.11922926844727398,0.16466071438242763,977.4984159932101,344.03256484493613
SMARCA5,gene_direct_x32,0.15333333333333332,0.11922926844727398,0.16466071438242763,977.4984159932101,344.03256484493613
SMARCA5,gene_direct_x64,0.15333333333333332,0.11922926844727398,0.16466071438242763,977.4984159932101,344.03256484493613
SMARCA5,gene_direct_x128,0.15333333333333332,0.11922926844727398,0.16466071438242763,977.4984159932101,344.03256484493613
SMARCA5,gene_direct_x256,0.15333333333333332,0.11922926844727398,0.16466071438242763,977.4984159932101,344.03256484493613
SMARCA5,gene_top100_x16,0.16666666666666663,0.09374757807303555,0.13974776219521381,977.4984159932101,344.03256484493613
SMARCA5,gene_top100_x64,0.16666666666666663,0.09374757807303555,0.13974776219521381,977.4984159932101,344.03256484493613
SMARCA5,gene_top100_x256,0.16666666666666663,0.09374757807303555,0.13974776219521381,977.4984159932101,344.03256484493613
SMARCA5,gene_top200_x16,0.16666666666666663,0.10047015267832227,0.1488191205182395,977.4984159932101,344.03256484493613
SMARCA5,gene_top200_x64,0.16666666666666663,0.10047015267832227,0.1488191205182395,977.4984159932101,344.03256484493613
SMARCA5,gene_top200_x256,0.16666666666666663,0.10047015267832227,0.1488191205182395,977.4984159932101,344.03256484493613
SMARCA5,prog,0.16666666666666663,0.1049598228321835,0.08822819259910879,977.4984159932101,344.03256484493613
SOX2,zero,0.12,0.0,0.0,1097.8475398149676,1186.557900622487
SOX2,h1_mean,0.1333333333333333,0.38575327977256246,0.14313304477925654,1097.8475398149676,1186.557900622487
SOX2,gene_direct,0.11333333333333329,-0.004500023925907671,0.0879038058184563,1097.8475398149676,1186.557900622487
SOX2,gene_scaled,0.12,-0.004500023925907672,0.08790380581845635,1097.8475398149676,1186.557900622487
SOX2,gene_top50,0.12,-0.007827635376410687,0.024654568230855975,1097.8475398149676,1186.557900622487
SOX2,gene_top50_scaled,0.12,-0.007827635376410687,0.02465456823085587,1097.8475398149676,1186.557900622487
SOX2,gene_top100,0.12,-0.007916191414352519,0.02075077514534665,1097.8475398149676,1186.557900622487
SOX2,gene_top100_scaled,0.12,-0.007916191414352519,0.020750775145346716,1097.8475398149676,1186.557900622487
SOX2,gene_top200,0.12,-0.012873981602476556,0.04363550773348334,1097.8475398149676,1186.557900622487
SOX2,gene_top200_scaled,0.12,-0.012873981602476546,0.04363550773348332,1097.8475398149676,1186.557900622487
SOX2,gene_top500,0.12,-0.021157773928254086,0.0789167574646994,1097.8475398149676,1186.557900622487
SOX2,gene_top500_scaled,0.12,-0.02115777392825409,0.07891675746469937,1097.8475398149676,1186.557900622487
SOX2,gene_direct_x2,0.09999999999999998,-0.004500023925907671,0.0879038058184563,1097.8475398149676,1186.557900622487
SOX2,gene_direct_x4,0.08666666666666667,-0.004500023925907671,0.0879038058184563,1097.8475398149676,1186.557900622487
SOX2,gene_direct_x8,0.07999999999999996,-0.004500023925907671,0.0879038058184563,1097.8475398149676,1186.557900622487
SOX2,gene_direct_x16,0.07999999999999996,-0.004500023925907671,0.0879038058184563,1097.8475398149676,1186.557900622487
SOX2,gene_direct_x32,0.07999999999999996,-0.004500023925907671,0.0879038058184563,1097.8475398149676,1186.557900622487
SOX2,gene_direct_x64,0.07999999999999996,-0.004500023925907671,0.0879038058184563,1097.8475398149676,1186.557900622487
SOX2,gene_direct_x128,0.07333333333333336,-0.004500023925907671,0.0879038058184563,1097.8475398149676,1186.557900622487
SOX2,gene_direct_x256,0.07333333333333336,-0.004500023925907671,0.0879038058184563,1097.8475398149676,1186.557900622487
SOX2,gene_top100_x16,0.12,-0.007916191414352519,0.02075077514534665,1097.8475398149676,1186.557900622487
SOX2,gene_top100_x64,0.12,-0.007916191414352519,0.02075077514534665,1097.8475398149676,1186.557900622487
SOX2,gene_top100_x256,0.12,-0.007916191414352519,0.02075077514534665,1097.8475398149676,1186.557900622487
SOX2,gene_top200_x16,0.12,-0.012873981602476556,0.04363550773348334,1097.8475398149676,1186.557900622487
SOX2,gene_top200_x64,0.12,-0.012873981602476556,0.04363550773348334,1097.8475398149676,1186.557900622487
SOX2,gene_top200_x256,0.12,-0.012873981602476556,0.04363550773348334,1097.8475398149676,1186.557900622487
SOX2,prog,0.11333333333333329,-0.006953196019830846,0.08113630065280325,1097.8475398149676,1186.557900622487
SSBP1,zero,0.42666666666666664,0.0,0.0,423.6704043009777,296.21282339114697
SSBP1,h1_mean,0.5733333333333333,0.5423198462318823,0.4569555583884951,423.6704043009777,296.21282339114697
SSBP1,gene_direct,0.44666666666666666,0.21669934535754284,0.3386846697292978,423.6704043009777,296.21282339114697
SSBP1,gene_scaled,0.42666666666666664,0.21669934535754284,0.33868466972929767,423.6704043009777,296.21282339114697
SSBP1,gene_top50,0.42666666666666664,0.199223135177363,0.2759830885228956,423.6704043009777,296.21282339114697
SSBP1,gene_top50_scaled,0.42666666666666664,0.19922313517736298,0.27598308852289555,423.6704043009777,296.21282339114697
SSBP1,gene_top100,0.42666666666666664,0.20420451881103371,0.28403850230334715,423.6704043009777,296.21282339114697
SSBP1,gene_top100_scaled,0.42666666666666664,0.20420451881103371,0.28403850230334715,423.6704043009777,296.21282339114697
SSBP1,gene_top200,0.42666666666666664,0.2058047385501779,0.29327667784226574,423.6704043009777,296.21282339114697
SSBP1,gene_top200_scaled,0.42666666666666664,0.20580473855017786,0.2932766778422657,423.6704043009777,296.21282339114697
SSBP1,gene_top500,0.43333333333333335,0.2130425799000851,0.3071547578625765,423.6704043009777,296.21282339114697
SSBP1,gene_top500_scaled,0.42666666666666664,0.21304257990008513,0.3071547578625764,423.6704043009777,296.21282339114697
SSBP1,gene_direct_x2,0.4933333333333333,0.21669934535754284,0.3386846697292978,423.6704043009777,296.21282339114697
SSBP1,gene_direct_x4,0.5333333333333333,0.21669934535754284,0.3386846697292978,423.6704043009777,296.21282339114697
SSBP1,gene_direct_x8,0.6466666666666667,0.21669934535754284,0.3386846697292978,423.6704043009777,296.21282339114697
SSBP1,gene_direct_x16,0.7666666666666666,0.21669934535754284,0.3386846697292978,423.6704043009777,296.21282339114697
SSBP1,gene_direct_x32,0.8266666666666667,0.21669934535754284,0.3386846697292978,423.6704043009777,296.21282339114697
SSBP1,gene_direct_x64,0.9066666666666666,0.21669934535754284,0.3386846697292978,423.6704043009777,296.21282339114697
SSBP1,gene_direct_x128,0.9333333333333333,0.21669934535754284,0.3386846697292978,423.6704043009777,296.21282339114697
SSBP1,gene_direct_x256,0.94,0.21669934535754284,0.3386846697292978,423.6704043009777,296.21282339114697
SSBP1,gene_top100_x16,0.42666666666666664,0.20420451881103371,0.28403850230334715,423.6704043009777,296.21282339114697
SSBP1,gene_top100_x64,0.42666666666666664,0.20420451881103371,0.28403850230334715,423.6704043009777,296.21282339114697
SSBP1,gene_top100_x256,0.42666666666666664,0.20420451881103371,0.28403850230334715,423.6704043009777,296.21282339114697
SSBP1,gene_top200_x16,0.42666666666666664,0.2058047385501779,0.29327667784226574,423.6704043009777,296.21282339114697
SSBP1,gene_top200_x64,0.42666666666666664,0.2058047385501779,0.29327667784226574,423.6704043009777,296.21282339114697
SSBP1,gene_top200_x256,0.42666666666666664,0.2058047385501779,0.29327667784226574,423.6704043009777,296.21282339114697
SSBP1,prog,0.48,0.30775549898171006,0.4078888971587046,423.6704043009777,296.21282339114697
STAG2,zero,0.2533333333333333,0.0,0.0,716.3635953438097,221.330128592439
STAG2,h1_mean,0.24,0.41882862659192815,0.16357019517209578,716.3635953438097,221.330128592439
STAG2,gene_direct,0.26,0.08058783523982929,0.17021104573196275,716.3635953438097,221.330128592439
STAG2,gene_scaled,0.2533333333333333,0.08058783523982932,0.17021104573196272,716.3635953438097,221.330128592439
STAG2,gene_top50,0.2533333333333333,0.12090904850061542,0.1414660672473131,716.3635953438097,221.330128592439
STAG2,gene_top50_scaled,0.2533333333333333,0.12090904850061542,0.14146606724731334,716.3635953438097,221.330128592439
STAG2,gene_top100,0.2533333333333333,0.12055985917127823,0.15021001428516417,716.3635953438097,221.330128592439
STAG2,gene_top100_scaled,0.2533333333333333,0.12055985917127822,0.15021001428516437,716.3635953438097,221.330128592439
STAG2,gene_top200,0.2533333333333333,0.11380165987156858,0.15618848528634974,716.3635953438097,221.330128592439
STAG2,gene_top200_scaled,0.2533333333333333,0.11380165987156858,0.15618848528634946,716.3635953438097,221.330128592439
STAG2,gene_top500,0.26,0.09879697255652749,0.14880340096358335,716.3635953438097,221.330128592439
STAG2,gene_top500_scaled,0.2533333333333333,0.09879697255652749,0.1488034009635834,716.3635953438097,221.330128592439
STAG2,gene_direct_x2,0.26,0.08058783523982929,0.17021104573196275,716.3635953438097,221.330128592439
STAG2,gene_direct_x4,0.2533333333333333,0.08058783523982929,0.17021104573196275,716.3635953438097,221.330128592439
STAG2,gene_direct_x8,0.2533333333333333,0.08058783523982929,0.17021104573196275,716.3635953438097,221.330128592439
STAG2,gene_direct_x16,0.2533333333333333,0.08058783523982929,0.17021104573196275,716.3635953438097,221.330128592439
STAG2,gene_direct_x32,0.26,0.08058783523982929,0.17021104573196275,716.3635953438097,221.330128592439
STAG2,gene_direct_x64,0.2733333333333333,0.08058783523982929,0.17021104573196275,716.3635953438097,221.330128592439
STAG2,gene_direct_x128,0.2733333333333333,0.08058783523982929,0.17021104573196275,716.3635953438097,221.330128592439
STAG2,gene_direct_x256,0.28,0.08058783523982929,0.17021104573196275,716.3635953438097,221.330128592439
STAG2,gene_top100_x16,0.26,0.12055985917127823,0.15021001428516417,716.3635953438097,221.330128592439
STAG2,gene_top100_x64,0.26,0.12055985917127823,0.15021001428516417,716.3635953438097,221.330128592439
STAG2,gene_top100_x256,0.26,0.12055985917127823,0.15021001428516417,716.3635953438097,221.330128592439
STAG2,gene_top200_x16,0.26,0.11380165987156858,0.15618848528634974,716.3635953438097,221.330128592439
STAG2,gene_top200_x64,0.26,0.11380165987156858,0.15618848528634974,716.3635953438097,221.330128592439
STAG2,gene_top200_x256,0.26,0.11380165987156858,0.15618848528634974,716.3635953438097,221.330128592439
STAG2,prog,0.26,0.11516587163252924,0.16278571612483936,716.3635953438097,221.330128592439
STAT1,zero,0.9733333333333334,0.0,0.0,116.34686629346106,289.90771796554327
STAT1,h1_mean,0.8533333333333333,-0.11922023928583304,0.03479228207805254,116.34686629346106,289.90771796554327
STAT1,gene_direct,0.9866666666666667,0.11460776149527223,0.16598254320366568,116.34686629346106,289.90771796554327
STAT1,gene_scaled,0.98,0.11460776149527233,0.16598254320366562,116.34686629346106,289.90771796554327
STAT1,gene_top50,0.98,0.27282367223046694,0.3101186401390837,116.34686629346106,289.90771796554327
STAT1,gene_top50_scaled,0.98,0.272823672230467,0.31011864013908486,116.34686629346106,289.90771796554327
STAT1,gene_top100,0.98,0.2255400495304186,0.25269221567787664,116.34686629346106,289.90771796554327
STAT1,gene_top100_scaled,0.98,0.22554004953041856,0.2526922156778757,116.34686629346106,289.90771796554327
STAT1,gene_top200,0.98,0.18894060929499856,0.20583052639426672,116.34686629346106,289.90771796554327
STAT1,gene_top200_scaled,0.98,0.18894060929499856,0.20583052639426744,116.34686629346106,289.90771796554327
STAT1,gene_top500,0.98,0.1519078504760159,0.15819297895668996,116.34686629346106,289.90771796554327
STAT1,gene_top500_scaled,0.98,0.15190785047601588,0.1581929789566903,116.34686629346106,289.90771796554327
STAT1,gene_direct_x2,0.9866666666666667,0.11460776149527223,0.16598254320366568,116.34686629346106,289.90771796554327
STAT1,gene_direct_x4,0.9933333333333333,0.11460776149527223,0.16598254320366568,116.34686629346106,289.90771796554327
STAT1,gene_direct_x8,0.9933333333333333,0.11460776149527223,0.16598254320366568,116.34686629346106,289.90771796554327
STAT1,gene_direct_x16,0.9933333333333333,0.11460776149527223,0.16598254320366568,116.34686629346106,289.90771796554327
STAT1,gene_direct_x32,0.9933333333333333,0.11460776149527223,0.16598254320366568,116.34686629346106,289.90771796554327
STAT1,gene_direct_x64,0.9933333333333333,0.11460776149527223,0.16598254320366568,116.34686629346106,289.90771796554327
STAT1,gene_direct_x128,0.9933333333333333,0.11460776149527223,0.16598254320366568,116.34686629346106,289.90771796554327
STAT1,gene_direct_x256,0.9933333333333333,0.11460776149527223,0.16598254320366568,116.34686629346106,289.90771796554327
STAT1,gene_top100_x16,0.98,0.2255400495304186,0.25269221567787664,116.34686629346106,289.90771796554327
STAT1,gene_top100_x64,0.98,0.2255400495304186,0.25269221567787664,116.34686629346106,289.90771796554327
STAT1,gene_top100_x256,0.98,0.2255400495304186,0.25269221567787664,116.34686629346106,289.90771796554327
STAT1,gene_top200_x16,0.98,0.18894060929499856,0.20583052639426672,116.34686629346106,289.90771796554327
STAT1,gene_top200_x64,0.98,0.18894060929499856,0.20583052639426672,116.34686629346106,289.90771796554327
STAT1,gene_top200_x256,0.98,0.18894060929499856,0.20583052639426672,116.34686629346106,289.90771796554327
STAT1,prog,0.9933333333333333,0.11876886213695687,0.015322750683922769,116.34686629346106,289.90771796554327
STAT6,zero,0.54,0.0,0.0,334.8609446821938,810.6006433516741
STAT6,h1_mean,0.4666666666666667,0.0804792697778392,0.12407239707192949,334.8609446821938,810.6006433516741
STAT6,gene_direct,0.4733333333333334,0.031024015483757734,0.03077581357470251,334.8609446821938,810.6006433516741
STAT6,gene_scaled,0.5333333333333333,0.031024015483757737,0.030775813574702517,334.8609446821938,810.6006433516741
STAT6,gene_top50,0.54,0.010187673212681525,0.00638828502001949,334.8609446821938,810.6006433516741
STAT6,gene_top50_scaled,0.54,0.010187673212681525,0.00638828502001951,334.8609446821938,810.6006433516741
STAT6,gene_top100,0.54,0.010253449889984598,0.004078153126235166,334.8609446821938,810.6006433516741
STAT6,gene_top100_scaled,0.54,0.010253449889984596,0.00407815312623517,334.8609446821938,810.6006433516741
STAT6,gene_top200,0.54,0.012494671784116151,0.0025569286046536687,334.8609446821938,810.6006433516741
STAT6,gene_top200_scaled,0.54,0.01249467178411615,0.0025569286046536826,334.8609446821938,810.6006433516741
STAT6,gene_top500,0.5333333333333333,0.024283248923766623,0.009991851384267862,334.8609446821938,810.6006433516741
STAT6,gene_top500_scaled,0.5333333333333333,0.02428324892376662,0.009991851384267848,334.8609446821938,810.6006433516741
STAT6,gene_direct_x2,0.48,0.031024015483757734,0.03077581357470251,334.8609446821938,810.6006433516741
STAT6,gene_direct_x4,0.4866666666666667,0.031024015483757734,0.03077581357470251,334.8609446821938,810.6006433516741
STAT6,gene_direct_x8,0.4733333333333334,0.031024015483757734,0.03077581357470251,334.8609446821938,810.6006433516741
STAT6,gene_direct_x16,0.48,0.031024015483757734,0.03077581357470251,334.8609446821938,810.6006433516741
STAT6,gene_direct_x32,0.4866666666666667,0.031024015483757734,0.03077581357470251,334.8609446821938,810.6006433516741
STAT6,gene_direct_x64,0.4866666666666667,0.031024015483757734,0.03077581357470251,334.8609446821938,810.6006433516741
STAT6,gene_direct_x128,0.4866666666666667,0.031024015483757734,0.03077581357470251,334.8609446821938,810.6006433516741
STAT6,gene_direct_x256,0.4866666666666667,0.031024015483757734,0.03077581357470251,334.8609446821938,810.6006433516741
STAT6,gene_top100_x16,0.54,0.010253449889984598,0.004078153126235166,334.8609446821938,810.6006433516741
STAT6,gene_top100_x64,0.54,0.010253449889984598,0.004078153126235166,334.8609446821938,810.6006433516741
STAT6,gene_top100_x256,0.54,0.010253449889984598,0.004078153126235166,334.8609446821938,810.6006433516741
STAT6,gene_top200_x16,0.54,0.012494671784116151,0.0025569286046536687,334.8609446821938,810.6006433516741
STAT6,gene_top200_x64,0.54,0.012494671784116151,0.0025569286046536687,334.8609446821938,810.6006433516741
STAT6,gene_top200_x256,0.54,0.012494671784116151,0.0025569286046536687,334.8609446821938,810.6006433516741
STAT6,prog,0.4733333333333334,0.023794031266151792,-0.024006975145314382,334.8609446821938,810.6006433516741
STX4,zero,0.6333333333333333,0.0,0.0,282.08889647869364,285.01524744927883
STX4,h1_mean,0.45333333333333337,-0.25998966435724147,0.09827761945173642,282.08889647869364,285.01524744927883
STX4,gene_direct,0.6333333333333333,0.027751271177868405,0.05181619862325059,282.08889647869364,285.01524744927883
STX4,gene_scaled,0.6333333333333333,0.027751271177868398,0.05181619862325062,282.08889647869364,285.01524744927883
STX4,gene_top50,0.6333333333333333,0.055591703237481006,0.0937355716912239,282.08889647869364,285.01524744927883
STX4,gene_top50_scaled,0.6333333333333333,0.05559170323748101,0.09373557169122387,282.08889647869364,285.01524744927883
STX4,gene_top100,0.6333333333333333,0.04724449000051193,0.07328848221067645,282.08889647869364,285.01524744927883
STX4,gene_top100_scaled,0.6333333333333333,0.04724449000051193,0.07328848221067662,282.08889647869364,285.01524744927883
STX4,gene_top200,0.6333333333333333,0.0392827742190238,0.04841794111817303,282.08889647869364,285.01524744927883
STX4,gene_top200_scaled,0.6333333333333333,0.039282774219023806,0.04841794111817303,282.08889647869364,285.01524744927883
STX4,gene_top500,0.6333333333333333,0.0384899542970331,0.03719721058472127,282.08889647869364,285.01524744927883
STX4,gene_top500_scaled,0.6333333333333333,0.0384899542970331,0.03719721058472117,282.08889647869364,285.01524744927883
STX4,gene_direct_x2,0.64,0.027751271177868405,0.05181619862325059,282.08889647869364,285.01524744927883
STX4,gene_direct_x4,0.6666666666666667,0.027751271177868405,0.05181619862325059,282.08889647869364,285.01524744927883
STX4,gene_direct_x8,0.6799999999999999,0.027751271177868405,0.05181619862325059,282.08889647869364,285.01524744927883
STX4,gene_direct_x16,0.7,0.027751271177868405,0.05181619862325059,282.08889647869364,285.01524744927883
STX4,gene_direct_x32,0.7066666666666667,0.027751271177868405,0.05181619862325059,282.08889647869364,285.01524744927883
STX4,gene_direct_x64,0.7,0.027751271177868405,0.05181619862325059,282.08889647869364,285.01524744927883
STX4,gene_direct_x128,0.7,0.027751271177868405,0.05181619862325059,282.08889647869364,285.01524744927883
STX4,gene_direct_x256,0.7,0.027751271177868405,0.05181619862325059,282.08889647869364,285.01524744927883
STX4,gene_top100_x16,0.6333333333333333,0.04724449000051193,0.07328848221067645,282.08889647869364,285.01524744927883
STX4,gene_top100_x64,0.6333333333333333,0.04724449000051193,0.07328848221067645,282.08889647869364,285.01524744927883
STX4,gene_top100_x256,0.6333333333333333,0.04724449000051193,0.07328848221067645,282.08889647869364,285.01524744927883
STX4,gene_top200_x16,0.6333333333333333,0.0392827742190238,0.04841794111817303,282.08889647869364,285.01524744927883
STX4,gene_top200_x64,0.6333333333333333,0.0392827742190238,0.04841794111817303,282.08889647869364,285.01524744927883
STX4,gene_top200_x256,0.6333333333333333,0.0392827742190238,0.04841794111817303,282.08889647869364,285.01524744927883
STX4,prog,0.6133333333333333,-0.04550628614058803,-0.033689658668339485,282.08889647869364,285.01524744927883
SUPT4H1,zero,0.040000000000000036,0.0,0.0,1963.2396630726507,546.8867578972131
SUPT4H1,h1_mean,0.040000000000000036,0.6077043447398519,0.14882276579235473,1963.2396630726507,546.8867578972131
SUPT4H1,gene_direct,0.040000000000000036,0.31189916280715085,0.07926481818359059,1963.2396630726507,546.8867578972131
SUPT4H1,gene_scaled,0.040000000000000036,0.311899162807151,0.07926481818359059,1963.2396630726507,546.8867578972131
SUPT4H1,gene_top50,0.040000000000000036,0.08967978324476057,0.03773990346493104,1963.2396630726507,546.8867578972131
SUPT4H1,gene_top50_scaled,0.040000000000000036,0.08967978324476056,0.03773990346493101,1963.2396630726507,546.8867578972131
SUPT4H1,gene_top100,0.040000000000000036,0.11948434376482046,0.02519499701116448,1963.2396630726507,546.8867578972131
SUPT4H1,gene_top100_scaled,0.040000000000000036,0.11948434376482042,0.025194997011164545,1963.2396630726507,546.8867578972131
SUPT4H1,gene_top200,0.040000000000000036,0.15134270716038783,0.02660639065482815,1963.2396630726507,546.8867578972131
SUPT4H1,gene_top200_scaled,0.040000000000000036,0.15134270716038786,0.026606390654828085,1963.2396630726507,546.8867578972131
SUPT4H1,gene_top500,0.040000000000000036,0.1947015123505069,0.013665884037070513,1963.2396630726507,546.8867578972131
SUPT4H1,gene_top500_scaled,0.040000000000000036,0.19470151235050692,0.013665884037070563,1963.2396630726507,546.8867578972131
SUPT4H1,gene_direct_x2,0.046666666666666634,0.31189916280715085,0.07926481818359059,1963.2396630726507,546.8867578972131
SUPT4H1,gene_direct_x4,0.053333333333333344,0.31189916280715085,0.07926481818359059,1963.2396630726507,546.8867578972131
SUPT4H1,gene_direct_x8,0.18666666666666665,0.31189916280715085,0.07926481818359059,1963.2396630726507,546.8867578972131
SUPT4H1,gene_direct_x16,0.9666666666666667,0.31189916280715085,0.07926481818359059,1963.2396630726507,546.8867578972131
SUPT4H1,gene_direct_x32,1.0,0.31189916280715085,0.07926481818359059,1963.2396630726507,546.8867578972131
SUPT4H1,gene_direct_x64,1.0,0.31189916280715085,0.07926481818359059,1963.2396630726507,546.8867578972131
SUPT4H1,gene_direct_x128,1.0,0.31189916280715085,0.07926481818359059,1963.2396630726507,546.8867578972131
SUPT4H1,gene_direct_x256,0.9933333333333333,0.31189916280715085,0.07926481818359059,1963.2396630726507,546.8867578972131
SUPT4H1,gene_top100_x16,0.040000000000000036,0.11948434376482046,0.02519499701116448,1963.2396630726507,546.8867578972131
SUPT4H1,gene_top100_x64,0.040000000000000036,0.11948434376482046,0.02519499701116448,1963.2396630726507,546.8867578972131
SUPT4H1,gene_top100_x256,0.040000000000000036,0.11948434376482046,0.02519499701116448,1963.2396630726507,546.8867578972131
SUPT4H1,gene_top200_x16,0.040000000000000036,0.15134270716038783,0.02660639065482815,1963.2396630726507,546.8867578972131
SUPT4H1,gene_top200_x64,0.040000000000000036,0.15134270716038783,0.02660639065482815,1963.2396630726507,546.8867578972131
SUPT4H1,gene_top200_x256,0.040000000000000036,0.15134270716038783,0.02660639065482815,1963.2396630726507,546.8867578972131
SUPT4H1,prog,0.040000000000000036,0.3452158882502263,-0.03292355690875527,1963.2396630726507,546.8867578972131
TADA1,zero,0.22666666666666668,0.0,0.0,777.2776420616465,281.1168398228474
TADA1,h1_mean,0.21333333333333337,0.3674831466245804,0.3584851277268165,777.2776420616465,281.1168398228474
TADA1,gene_direct,0.24,0.18106755092213928,0.19790797219373088,777.2776420616465,281.1168398228474
TADA1,gene_scaled,0.23333333333333328,0.18106755092213928,0.19790797219373085,777.2776420616465,281.1168398228474
TADA1,gene_top50,0.22666666666666668,0.08183381146499534,0.10552173973141171,777.2776420616465,281.1168398228474
TADA1,gene_top50_scaled,0.22666666666666668,0.08183381146499533,0.10552173973141205,777.2776420616465,281.1168398228474
TADA1,gene_top100,0.22666666666666668,0.09967397453607885,0.12061297179354283,777.2776420616465,281.1168398228474
TADA1,gene_top100_scaled,0.22666666666666668,0.09967397453607889,0.12061297179354302,777.2776420616465,281.1168398228474
TADA1,gene_top200,0.22666666666666668,0.11150962292505313,0.123399264313767,777.2776420616465,281.1168398228474
TADA1,gene_top200_scaled,0.22666666666666668,0.11150962292505315,0.12339926431376694,777.2776420616465,281.1168398228474
TADA1,gene_top500,0.23333333333333328,0.1301458774968139,0.15327596143695926,777.2776420616465,281.1168398228474
TADA1,gene_top500_scaled,0.22666666666666668,0.13014587749681386,0.1532759614369591,777.2776420616465,281.1168398228474
TADA1,gene_direct_x2,0.2466666666666667,0.18106755092213928,0.19790797219373088,777.2776420616465,281.1168398228474
TADA1,gene_direct_x4,0.26,0.18106755092213928,0.19790797219373088,777.2776420616465,281.1168398228474
TADA1,gene_direct_x8,0.30666666666666664,0.18106755092213928,0.19790797219373088,777.2776420616465,281.1168398228474
TADA1,gene_direct_x16,0.3466666666666667,0.18106755092213928,0.19790797219373088,777.2776420616465,281.1168398228474
TADA1,gene_direct_x32,0.41333333333333333,0.18106755092213928,0.19790797219373088,777.2776420616465,281.1168398228474
TADA1,gene_direct_x64,0.6066666666666667,0.18106755092213928,0.19790797219373088,777.2776420616465,281.1168398228474
TADA1,gene_direct_x128,0.7266666666666667,0.18106755092213928,0.19790797219373088,777.2776420616465,281.1168398228474
TADA1,gene_direct_x256,0.8,0.18106755092213928,0.19790797219373088,777.2776420616465,281.1168398228474
TADA1,gene_top100_x16,0.23333333333333328,0.09967397453607885,0.12061297179354283,777.2776420616465,281.1168398228474
TADA1,gene_top100_x64,0.23333333333333328,0.09967397453607885,0.12061297179354283,777.2776420616465,281.1168398228474
TADA1,gene_top100_x256,0.23333333333333328,0.09967397453607885,0.12061297179354283,777.2776420616465,281.1168398228474
TADA1,gene_top200_x16,0.23333333333333328,0.11150962292505313,0.123399264313767,777.2776420616465,281.1168398228474
TADA1,gene_top200_x64,0.23333333333333328,0.11150962292505313,0.123399264313767,777.2776420616465,281.1168398228474
TADA1,gene_top200_x256,0.23333333333333328,0.11150962292505313,0.123399264313767,777.2776420616465,281.1168398228474
TADA1,prog,0.23333333333333328,0.21295364318503332,0.1928367209596754,777.2776420616465,281.1168398228474
TAF13,zero,0.06000000000000005,0.0,0.0,1418.7679453376259,317.07891561696306
TAF13,h1_mean,0.06000000000000005,0.5506926985646502,0.3366007057742213,1418.7679453376259,317.07891561696306
TAF13,gene_direct,0.07333333333333336,0.2691866630158828,0.425388612465343,1418.7679453376259,317.07891561696306
TAF13,gene_scaled,0.06000000000000005,0.26918666301588295,0.4253886124653427,1418.7679453376259,317.07891561696306
TAF13,gene_top50,0.06000000000000005,0.1565060815074443,0.21178426494693112,1418.7679453376259,317.07891561696306
TAF13,gene_top50_scaled,0.06000000000000005,0.15650608150744422,0.21178426494693178,1418.7679453376259,317.07891561696306
TAF13,gene_top100,0.06000000000000005,0.18910821670278619,0.2537585255110295,1418.7679453376259,317.07891561696306
TAF13,gene_top100_scaled,0.06000000000000005,0.18910821670278627,0.25375852551102873,1418.7679453376259,317.07891561696306
TAF13,gene_top200,0.06000000000000005,0.2112106440805179,0.3077802265076089,1418.7679453376259,317.07891561696306
TAF13,gene_top200_scaled,0.06000000000000005,0.2112106440805178,0.3077802265076095,1418.7679453376259,317.07891561696306
TAF13,gene_top500,0.06000000000000005,0.23373101172037905,0.37091205244046027,1418.7679453376259,317.07891561696306
TAF13,gene_top500_scaled,0.06000000000000005,0.2337310117203791,0.3709120524404604,1418.7679453376259,317.07891561696306
TAF13,gene_direct_x2,0.09333333333333338,0.2691866630158828,0.425388612465343,1418.7679453376259,317.07891561696306
TAF13,gene_direct_x4,0.12,0.2691866630158828,0.425388612465343,1418.7679453376259,317.07891561696306
TAF13,gene_direct_x8,0.18000000000000005,0.2691866630158828,0.425388612465343,1418.7679453376259,317.07891561696306
TAF13,gene_direct_x16,0.30666666666666664,0.2691866630158828,0.425388612465343,1418.7679453376259,317.07891561696306
TAF13,gene_direct_x32,0.6266666666666667,0.2691866630158828,0.425388612465343,1418.7679453376259,317.07891561696306
TAF13,gene_direct_x64,1.0,0.2691866630158828,0.425388612465343,1418.7679453376259,317.07891561696306
TAF13,gene_direct_x128,1.0,0.2691866630158828,0.425388612465343,1418.7679453376259,317.07891561696306
TAF13,gene_direct_x256,1.0,0.2691866630158828,0.425388612465343,1418.7679453376259,317.07891561696306
TAF13,gene_top100_x16,0.06000000000000005,0.18910821670278619,0.2537585255110295,1418.7679453376259,317.07891561696306
TAF13,gene_top100_x64,0.06000000000000005,0.18910821670278619,0.2537585255110295,1418.7679453376259,317.07891561696306
TAF13,gene_top100_x256,0.06000000000000005,0.18910821670278619,0.2537585255110295,1418.7679453376259,317.07891561696306
TAF13,gene_top200_x16,0.07333333333333336,0.2112106440805179,0.3077802265076089,1418.7679453376259,317.07891561696306
TAF13,gene_top200_x64,0.07333333333333336,0.2112106440805179,0.3077802265076089,1418.7679453376259,317.07891561696306
TAF13,gene_top200_x256,0.07333333333333336,0.2112106440805179,0.3077802265076089,1418.7679453376259,317.07891561696306
TAF13,prog,0.06000000000000005,0.16309903464725523,0.3464456014201251,1418.7679453376259,317.07891561696306
TARBP2,zero,0.8,0.0,0.0,195.90610669104353,341.3437720127404
TARBP2,h1_mean,0.7133333333333334,-0.05080096241373521,-0.06687393502426398,195.90610669104353,341.3437720127404
TARBP2,gene_direct,0.8,0.024531829679446036,0.07045349113606268,195.90610669104353,341.3437720127404
TARBP2,gene_scaled,0.7866666666666666,0.024531829679446025,0.07045349113606267,195.90610669104353,341.3437720127404
TARBP2,gene_top50,0.8,0.08076490393030603,0.11183957593605168,195.90610669104353,341.3437720127404
TARBP2,gene_top50_scaled,0.8,0.08076490393030604,0.11183957593605134,195.90610669104353,341.3437720127404
TARBP2,gene_top100,0.8,0.06462526091854993,0.08958657838932056,195.90610669104353,341.3437720127404
TARBP2,gene_top100_scaled,0.8,0.0646252609185499,0.08958657838932019,195.90610669104353,341.3437720127404
TARBP2,gene_top200,0.8,0.04465879458625556,0.06329728016450051,195.90610669104353,341.3437720127404
TARBP2,gene_top200_scaled,0.8,0.044658794586255546,0.06329728016450045,195.90610669104353,341.3437720127404
TARBP2,gene_top500,0.8,0.05484637286466142,0.07707588644636414,195.90610669104353,341.3437720127404
TARBP2,gene_top500_scaled,0.8,0.0548463728646614,0.07707588644636394,195.90610669104353,341.3437720127404
TARBP2,gene_direct_x2,0.8,0.024531829679446036,0.07045349113606268,195.90610669104353,341.3437720127404
TARBP2,gene_direct_x4,0.8,0.024531829679446036,0.07045349113606268,195.90610669104353,341.3437720127404
TARBP2,gene_direct_x8,0.8,0.024531829679446036,0.07045349113606268,195.90610669104353,341.3437720127404
TARBP2,gene_direct_x16,0.8,0.024531829679446036,0.07045349113606268,195.90610669104353,341.3437720127404
TARBP2,gene_direct_x32,0.8,0.024531829679446036,0.07045349113606268,195.90610669104353,341.3437720127404
TARBP2,gene_direct_x64,0.8,0.024531829679446036,0.07045349113606268,195.90610669104353,341.3437720127404
TARBP2,gene_direct_x128,0.8,0.024531829679446036,0.07045349113606268,195.90610669104353,341.3437720127404
TARBP2,gene_direct_x256,0.8,0.024531829679446036,0.07045349113606268,195.90610669104353,341.3437720127404
TARBP2,gene_top100_x16,0.8,0.06462526091854993,0.08958657838932056,195.90610669104353,341.3437720127404
TARBP2,gene_top100_x64,0.8,0.06462526091854993,0.08958657838932056,195.90610669104353,341.3437720127404
TARBP2,gene_top100_x256,0.8,0.06462526091854993,0.08958657838932056,195.90610669104353,341.3437720127404
TARBP2,gene_top200_x16,0.8,0.04465879458625556,0.06329728016450051,195.90610669104353,341.3437720127404
TARBP2,gene_top200_x64,0.8,0.04465879458625556,0.06329728016450051,195.90610669104353,341.3437720127404
TARBP2,gene_top200_x256,0.8,0.04465879458625556,0.06329728016450051,195.90610669104353,341.3437720127404
TARBP2,prog,0.78,-0.06560982450286326,-0.09637234789052425,195.90610669104353,341.3437720127404
TAZ,zero,0.6933333333333334,0.0,0.0,246.87904312377214,257.79015405941755
TAZ,h1_mean,0.7266666666666667,0.19302290463192023,0.3998941376965168,246.87904312377214,257.79015405941755
TAZ,gene_direct,0.7466666666666666,0.17743415278933006,0.28021356958364074,246.87904312377214,257.79015405941755
TAZ,gene_scaled,0.7,0.17743415278933006,0.2802135695836405,246.87904312377214,257.79015405941755
TAZ,gene_top50,0.7,0.1848842042793736,0.2433561185594101,246.87904312377214,257.79015405941755
TAZ,gene_top50_scaled,0.6933333333333334,0.18488420427937363,0.2433561185594102,246.87904312377214,257.79015405941755
TAZ,gene_top100,0.7,0.1802728782664665,0.2355407335498889,246.87904312377214,257.79015405941755
TAZ,gene_top100_scaled,0.6933333333333334,0.18027287826646654,0.2355407335498889,246.87904312377214,257.79015405941755
TAZ,gene_top200,0.7,0.19047336815140523,0.24456070019059314,246.87904312377214,257.79015405941755
TAZ,gene_top200_scaled,0.6933333333333334,0.19047336815140511,0.24456070019059256,246.87904312377214,257.79015405941755
TAZ,gene_top500,0.7066666666666667,0.19924350318824505,0.24846176475871048,246.87904312377214,257.79015405941755
TAZ,gene_top500_scaled,0.7,0.19924350318824502,0.24846176475870996,246.87904312377214,257.79015405941755
TAZ,gene_direct_x2,0.7466666666666666,0.17743415278933006,0.28021356958364074,246.87904312377214,257.79015405941755
TAZ,gene_direct_x4,0.7933333333333333,0.17743415278933006,0.28021356958364074,246.87904312377214,257.79015405941755
TAZ,gene_direct_x8,0.86,0.17743415278933006,0.28021356958364074,246.87904312377214,257.79015405941755
TAZ,gene_direct_x16,0.9066666666666666,0.17743415278933006,0.28021356958364074,246.87904312377214,257.79015405941755
TAZ,gene_direct_x32,0.94,0.17743415278933006,0.28021356958364074,246.87904312377214,257.79015405941755
TAZ,gene_direct_x64,0.9333333333333333,0.17743415278933006,0.28021356958364074,246.87904312377214,257.79015405941755
TAZ,gene_direct_x128,0.9333333333333333,0.17743415278933006,0.28021356958364074,246.87904312377214,257.79015405941755
TAZ,gene_direct_x256,0.94,0.17743415278933006,0.28021356958364074,246.87904312377214,257.79015405941755
TAZ,gene_top100_x16,0.7,0.1802728782664665,0.2355407335498889,246.87904312377214,257.79015405941755
TAZ,gene_top100_x64,0.7,0.1802728782664665,0.2355407335498889,246.87904312377214,257.79015405941755
TAZ,gene_top100_x256,0.7,0.1802728782664665,0.2355407335498889,246.87904312377214,257.79015405941755
TAZ,gene_top200_x16,0.7066666666666667,0.19047336815140523,0.24456070019059314,246.87904312377214,257.79015405941755
TAZ,gene_top200_x64,0.7066666666666667,0.19047336815140523,0.24456070019059314,246.87904312377214,257.79015405941755
TAZ,gene_top200_x256,0.7066666666666667,0.19047336815140523,0.24456070019059314,246.87904312377214,257.79015405941755
TAZ,prog,0.7466666666666666,0.23529412346561457,0.3259878238580088,246.87904312377214,257.79015405941755
TCF3,zero,0.78,0.0,0.0,200.81618910941688,394.4738913811743
TCF3,h1_mean,0.6133333333333333,-0.1483513076946954,-0.016365822883059804,200.81618910941688,394.4738913811743
TCF3,gene_direct,0.7733333333333333,0.07028618278636689,0.1409648344873634,200.81618910941688,394.4738913811743
TCF3,gene_scaled,0.78,0.07028618278636688,0.14096483448736322,200.81618910941688,394.4738913811743
TCF3,gene_top50,0.78,0.20682894380265945,0.24438966123663233,200.81618910941688,394.4738913811743
TCF3,gene_top50_scaled,0.78,0.20682894380265948,0.24438966123663178,200.81618910941688,394.4738913811743
TCF3,gene_top100,0.78,0.17441508468739697,0.20792752511482676,200.81618910941688,394.4738913811743
TCF3,gene_top100_scaled,0.78,0.17441508468739694,0.20792752511482754,200.81618910941688,394.4738913811743
TCF3,gene_top200,0.78,0.14555775282285854,0.17767345933114417,200.81618910941688,394.4738913811743
TCF3,gene_top200_scaled,0.78,0.14555775282285854,0.17767345933114442,200.81618910941688,394.4738913811743
TCF3,gene_top500,0.78,0.11178683117014263,0.1420100037024618,200.81618910941688,394.4738913811743
TCF3,gene_top500_scaled,0.78,0.11178683117014264,0.1420100037024622,200.81618910941688,394.4738913811743
TCF3,gene_direct_x2,0.7733333333333333,0.07028618278636689,0.1409648344873634,200.81618910941688,394.4738913811743
TCF3,gene_direct_x4,0.7733333333333333,0.07028618278636689,0.1409648344873634,200.81618910941688,394.4738913811743
TCF3,gene_direct_x8,0.7733333333333333,0.07028618278636689,0.1409648344873634,200.81618910941688,394.4738913811743
TCF3,gene_direct_x16,0.7666666666666666,0.07028618278636689,0.1409648344873634,200.81618910941688,394.4738913811743
TCF3,gene_direct_x32,0.76,0.07028618278636689,0.1409648344873634,200.81618910941688,394.4738913811743
TCF3,gene_direct_x64,0.76,0.07028618278636689,0.1409648344873634,200.81618910941688,394.4738913811743
TCF3,gene_direct_x128,0.76,0.07028618278636689,0.1409648344873634,200.81618910941688,394.4738913811743
TCF3,gene_direct_x256,0.76,0.07028618278636689,0.1409648344873634,200.81618910941688,394.4738913811743
TCF3,gene_top100_x16,0.8,0.17441508468739697,0.20792752511482676,200.81618910941688,394.4738913811743
TCF3,gene_top100_x64,0.8,0.17441508468739697,0.20792752511482676,200.81618910941688,394.4738913811743
TCF3,gene_top100_x256,0.8,0.17441508468739697,0.20792752511482676,200.81618910941688,394.4738913811743
TCF3,gene_top200_x16,0.8,0.14555775282285854,0.17767345933114417,200.81618910941688,394.4738913811743
TCF3,gene_top200_x64,0.8,0.14555775282285854,0.17767345933114417,200.81618910941688,394.4738913811743
TCF3,gene_top200_x256,0.8,0.14555775282285854,0.17767345933114417,200.81618910941688,394.4738913811743
TCF3,prog,0.74,-0.03727023993093196,0.0447218149381208,200.81618910941688,394.4738913811743
TET1,zero,0.7133333333333334,0.0,0.0,232.87286137233968,272.04328218474984
TET1,h1_mean,0.7866666666666666,0.20471026219764535,0.2004940225635261,232.87286137233968,272.04328218474984
TET1,gene_direct,0.7133333333333334,0.09216965108349405,0.14682090106343512,232.87286137233968,272.04328218474984
TET1,gene_scaled,0.7266666666666667,0.09216965108349404,0.14682090106343512,232.87286137233968,272.04328218474984
TET1,gene_top50,0.72,0.1920404701513184,0.23190043846885253,232.87286137233968,272.04328218474984
TET1,gene_top50_scaled,0.7133333333333334,0.1920404701513184,0.2319004384688524,232.87286137233968,272.04328218474984
TET1,gene_top100,0.7266666666666667,0.16627738664619895,0.2011123309664725,232.87286137233968,272.04328218474984
TET1,gene_top100_scaled,0.7133333333333334,0.1662773866461989,0.20111233096647246,232.87286137233968,272.04328218474984
TET1,gene_top200,0.7266666666666667,0.14355535387857568,0.17476034503322577,232.87286137233968,272.04328218474984
TET1,gene_top200_scaled,0.7133333333333334,0.14355535387857565,0.1747603450332253,232.87286137233968,272.04328218474984
TET1,gene_top500,0.72,0.11748057417920728,0.14543673290913092,232.87286137233968,272.04328218474984
TET1,gene_top500_scaled,0.7133333333333334,0.11748057417920725,0.14543673290913087,232.87286137233968,272.04328218474984
TET1,gene_direct_x2,0.7133333333333334,0.09216965108349405,0.14682090106343512,232.87286137233968,272.04328218474984
TET1,gene_direct_x4,0.7133333333333334,0.09216965108349405,0.14682090106343512,232.87286137233968,272.04328218474984
TET1,gene_direct_x8,0.7066666666666667,0.09216965108349405,0.14682090106343512,232.87286137233968,272.04328218474984
TET1,gene_direct_x16,0.7,0.09216965108349405,0.14682090106343512,232.87286137233968,272.04328218474984
TET1,gene_direct_x32,0.7,0.09216965108349405,0.14682090106343512,232.87286137233968,272.04328218474984
TET1,gene_direct_x64,0.6866666666666666,0.09216965108349405,0.14682090106343512,232.87286137233968,272.04328218474984
TET1,gene_direct_x128,0.6866666666666666,0.09216965108349405,0.14682090106343512,232.87286137233968,272.04328218474984
TET1,gene_direct_x256,0.6866666666666666,0.09216965108349405,0.14682090106343512,232.87286137233968,272.04328218474984
TET1,gene_top100_x16,0.7466666666666666,0.16627738664619895,0.2011123309664725,232.87286137233968,272.04328218474984
TET1,gene_top100_x64,0.7466666666666666,0.16627738664619895,0.2011123309664725,232.87286137233968,272.04328218474984
TET1,gene_top100_x256,0.7466666666666666,0.16627738664619895,0.2011123309664725,232.87286137233968,272.04328218474984
TET1,gene_top200_x16,0.7466666666666666,0.14355535387857568,0.17476034503322577,232.87286137233968,272.04328218474984
TET1,gene_top200_x64,0.7466666666666666,0.14355535387857568,0.17476034503322577,232.87286137233968,272.04328218474984
TET1,gene_top200_x256,0.7466666666666666,0.14355535387857568,0.17476034503322577,232.87286137233968,272.04328218474984
TET1,prog,0.72,0.06094277617936208,0.07739247128251586,232.87286137233968,272.04328218474984
TFAM,zero,0.30000000000000004,0.0,0.0,564.0038374622382,147.0679265264422
TFAM,h1_mean,0.3933333333333333,0.5673586055722115,0.4612343015672841,564.0038374622382,147.0679265264422
TFAM,gene_direct,0.30666666666666664,0.1911355232300464,0.3685527130199767,564.0038374622382,147.0679265264422
TFAM,gene_scaled,0.30000000000000004,0.19113552323004646,0.36855271301997666,564.0038374622382,147.0679265264422
TFAM,gene_top50,0.30000000000000004,0.2522858514478976,0.34132269259549,564.0038374622382,147.0679265264422
TFAM,gene_top50_scaled,0.30000000000000004,0.25228585144789767,0.34132269259549003,564.0038374622382,147.0679265264422
TFAM,gene_top100,0.30000000000000004,0.2527200107201783,0.34672348501625344,564.0038374622382,147.0679265264422
TFAM,gene_top100_scaled,0.30000000000000004,0.25272001072017836,0.3467234850162535,564.0038374622382,147.0679265264422
TFAM,gene_top200,0.30000000000000004,0.2522109078154261,0.3535454929127229,564.0038374622382,147.0679265264422
TFAM,gene_top200_scaled,0.30000000000000004,0.2522109078154262,0.35354549291272286,564.0038374622382,147.0679265264422
TFAM,gene_top500,0.30666666666666664,0.24430836076077445,0.3612439959891325,564.0038374622382,147.0679265264422
TFAM,gene_top500_scaled,0.30000000000000004,0.24430836076077445,0.36124399598913265,564.0038374622382,147.0679265264422
TFAM,gene_direct_x2,0.30000000000000004,0.1911355232300464,0.3685527130199767,564.0038374622382,147.0679265264422
TFAM,gene_direct_x4,0.32666666666666666,0.1911355232300464,0.3685527130199767,564.0038374622382,147.0679265264422
TFAM,gene_direct_x8,0.31999999999999995,0.1911355232300464,0.3685527130199767,564.0038374622382,147.0679265264422
TFAM,gene_direct_x16,0.3466666666666667,0.1911355232300464,0.3685527130199767,564.0038374622382,147.0679265264422
TFAM,gene_direct_x32,0.3466666666666667,0.1911355232300464,0.3685527130199767,564.0038374622382,147.0679265264422
TFAM,gene_direct_x64,0.33999999999999997,0.1911355232300464,0.3685527130199767,564.0038374622382,147.0679265264422
TFAM,gene_direct_x128,0.32666666666666666,0.1911355232300464,0.3685527130199767,564.0038374622382,147.0679265264422
TFAM,gene_direct_x256,0.32666666666666666,0.1911355232300464,0.3685527130199767,564.0038374622382,147.0679265264422
TFAM,gene_top100_x16,0.30666666666666664,0.2527200107201783,0.34672348501625344,564.0038374622382,147.0679265264422
TFAM,gene_top100_x64,0.30666666666666664,0.2527200107201783,0.34672348501625344,564.0038374622382,147.0679265264422
TFAM,gene_top100_x256,0.30666666666666664,0.2527200107201783,0.34672348501625344,564.0038374622382,147.0679265264422
TFAM,gene_top200_x16,0.30666666666666664,0.2522109078154261,0.3535454929127229,564.0038374622382,147.0679265264422
TFAM,gene_top200_x64,0.30666666666666664,0.2522109078154261,0.3535454929127229,564.0038374622382,147.0679265264422
TFAM,gene_top200_x256,0.30666666666666664,0.2522109078154261,0.3535454929127229,564.0038374622382,147.0679265264422
TFAM,prog,0.31333333333333335,0.14277891969656029,0.31483450860487633,564.0038374622382,147.0679265264422
TMBIM6,zero,0.5733333333333333,0.0,0.0,311.30374359352936,289.0423402003944
TMBIM6,h1_mean,0.3733333333333333,-0.3134313165927705,0.19659698003430784,311.30374359352936,289.0423402003944
TMBIM6,gene_direct,0.56,0.12446269506035045,0.4410539357135005,311.30374359352936,289.0423402003944
TMBIM6,gene_scaled,0.5733333333333333,0.12446269506035047,0.44105393571350093,311.30374359352936,289.0423402003944
TMBIM6,gene_top50,0.5800000000000001,0.3721578950553096,0.6313186884470949,311.30374359352936,289.0423402003944
TMBIM6,gene_top50_scaled,0.5733333333333333,0.37215789505530955,0.6313186884470953,311.30374359352936,289.0423402003944
TMBIM6,gene_top100,0.5800000000000001,0.3186986986718017,0.5682989187160219,311.30374359352936,289.0423402003944
TMBIM6,gene_top100_scaled,0.5733333333333333,0.3186986986718017,0.5682989187160199,311.30374359352936,289.0423402003944
TMBIM6,gene_top200,0.5800000000000001,0.26989388730184133,0.5119623444894228,311.30374359352936,289.0423402003944
TMBIM6,gene_top200_scaled,0.5733333333333333,0.2698938873018414,0.5119623444894214,311.30374359352936,289.0423402003944
TMBIM6,gene_top500,0.5733333333333333,0.20888691381337732,0.44799304260425504,311.30374359352936,289.0423402003944
TMBIM6,gene_top500_scaled,0.5733333333333333,0.20888691381337723,0.44799304260425443,311.30374359352936,289.0423402003944
TMBIM6,gene_direct_x2,0.56,0.12446269506035045,0.4410539357135005,311.30374359352936,289.0423402003944
TMBIM6,gene_direct_x4,0.5533333333333333,0.12446269506035045,0.4410539357135005,311.30374359352936,289.0423402003944
TMBIM6,gene_direct_x8,0.54,0.12446269506035045,0.4410539357135005,311.30374359352936,289.0423402003944
TMBIM6,gene_direct_x16,0.5266666666666666,0.12446269506035045,0.4410539357135005,311.30374359352936,289.0423402003944
TMBIM6,gene_direct_x32,0.5066666666666666,0.12446269506035045,0.4410539357135005,311.30374359352936,289.0423402003944
TMBIM6,gene_direct_x64,0.5,0.12446269506035045,0.4410539357135005,311.30374359352936,289.0423402003944
TMBIM6,gene_direct_x128,0.5,0.12446269506035045,0.4410539357135005,311.30374359352936,289.0423402003944
TMBIM6,gene_direct_x256,0.5,0.12446269506035045,0.4410539357135005,311.30374359352936,289.0423402003944
TMBIM6,gene_top100_x16,0.5866666666666667,0.3186986986718017,0.5682989187160219,311.30374359352936,289.0423402003944
TMBIM6,gene_top100_x64,0.5866666666666667,0.3186986986718017,0.5682989187160219,311.30374359352936,289.0423402003944
TMBIM6,gene_top100_x256,0.5866666666666667,0.3186986986718017,0.5682989187160219,311.30374359352936,289.0423402003944
TMBIM6,gene_top200_x16,0.5800000000000001,0.26989388730184133,0.5119623444894228,311.30374359352936,289.0423402003944
TMBIM6,gene_top200_x64,0.5800000000000001,0.26989388730184133,0.5119623444894228,311.30374359352936,289.0423402003944
TMBIM6,gene_top200_x256,0.5800000000000001,0.26989388730184133,0.5119623444894228,311.30374359352936,289.0423402003944
TMBIM6,prog,0.5333333333333333,-0.17921635388848142,0.2530874211266635,311.30374359352936,289.0423402003944
TMSB10,zero,0.29333333333333333,0.0,0.0,588.4888747671866,301.0471318680793
TMSB10,h1_mean,0.26,0.06710549997678829,0.26065614288098327,588.4888747671866,301.0471318680793
TMSB10,gene_direct,0.3466666666666667,0.39672586960926093,0.5261619755655387,588.4888747671866,301.0471318680793
TMSB10,gene_scaled,0.29333333333333333,0.3967258696092611,0.5261619755655382,588.4888747671866,301.0471318680793
TMSB10,gene_top50,0.29333333333333333,0.3989505628736761,0.48467211856298875,588.4888747671866,301.0471318680793
TMSB10,gene_top50_scaled,0.29333333333333333,0.3989505628736761,0.4846721185629847,588.4888747671866,301.0471318680793
TMSB10,gene_top100,0.29333333333333333,0.4157773278635421,0.5146853318379129,588.4888747671866,301.0471318680793
TMSB10,gene_top100_scaled,0.29333333333333333,0.4157773278635423,0.5146853318379109,588.4888747671866,301.0471318680793
TMSB10,gene_top200,0.29333333333333333,0.4111816377434638,0.5165306196569485,588.4888747671866,301.0471318680793
TMSB10,gene_top200_scaled,0.29333333333333333,0.4111816377434639,0.5165306196569489,588.4888747671866,301.0471318680793
TMSB10,gene_top500,0.29333333333333333,0.398094441358529,0.4996195630510447,588.4888747671866,301.0471318680793
TMSB10,gene_top500_scaled,0.29333333333333333,0.39809444135852873,0.49961956305104493,588.4888747671866,301.0471318680793
TMSB10,gene_direct_x2,0.3933333333333333,0.39672586960926093,0.5261619755655387,588.4888747671866,301.0471318680793
TMSB10,gene_direct_x4,0.4866666666666667,0.39672586960926093,0.5261619755655387,588.4888747671866,301.0471318680793
TMSB10,gene_direct_x8,0.7933333333333333,0.39672586960926093,0.5261619755655387,588.4888747671866,301.0471318680793
TMSB10,gene_direct_x16,1.0,0.39672586960926093,0.5261619755655387,588.4888747671866,301.0471318680793
TMSB10,gene_direct_x32,1.0,0.39672586960926093,0.5261619755655387,588.4888747671866,301.0471318680793
TMSB10,gene_direct_x64,1.0,0.39672586960926093,0.5261619755655387,588.4888747671866,301.0471318680793
TMSB10,gene_direct_x128,1.0,0.39672586960926093,0.5261619755655387,588.4888747671866,301.0471318680793
TMSB10,gene_direct_x256,1.0,0.39672586960926093,0.5261619755655387,588.4888747671866,301.0471318680793
TMSB10,gene_top100_x16,0.30000000000000004,0.4157773278635421,0.5146853318379129,588.4888747671866,301.0471318680793
TMSB10,gene_top100_x64,0.30000000000000004,0.4157773278635421,0.5146853318379129,588.4888747671866,301.0471318680793
TMSB10,gene_top100_x256,0.30000000000000004,0.4157773278635421,0.5146853318379129,588.4888747671866,301.0471318680793
TMSB10,gene_top200_x16,0.31333333333333335,0.4111816377434638,0.5165306196569485,588.4888747671866,301.0471318680793
TMSB10,gene_top200_x64,0.31333333333333335,0.4111816377434638,0.5165306196569485,588.4888747671866,301.0471318680793
TMSB10,gene_top200_x256,0.31333333333333335,0.4111816377434638,0.5165306196569485,588.4888747671866,301.0471318680793
TMSB10,prog,0.30000000000000004,0.22524351106449605,0.30076643924931273,588.4888747671866,301.0471318680793
TMSB4X,zero,0.9466666666666667,0.0,0.0,120.07755070106396,247.79875089600682
TMSB4X,h1_mean,0.9933333333333333,0.1761092329202762,-0.05712929946650268,120.07755070106396,247.79875089600682
TMSB4X,gene_direct,0.9733333333333334,0.3184098624453204,0.5593458070723478,120.07755070106396,247.79875089600682
TMSB4X,gene_scaled,0.9533333333333334,0.3184098624453204,0.559345807072348,120.07755070106396,247.79875089600682
TMSB4X,gene_top50,0.9666666666666667,0.7587164609095428,0.8188144213479798,120.07755070106396,247.79875089600682
TMSB4X,gene_top50_scaled,0.9466666666666667,0.7587164609095429,0.8188144213479804,120.07755070106396,247.79875089600682
TMSB4X,gene_top100,0.9666666666666667,0.6822907916577435,0.7465327692178246,120.07755070106396,247.79875089600682
TMSB4X,gene_top100_scaled,0.9466666666666667,0.6822907916577436,0.7465327692178252,120.07755070106396,247.79875089600682
TMSB4X,gene_top200,0.9666666666666667,0.5933958638957798,0.6688077508938546,120.07755070106396,247.79875089600682
TMSB4X,gene_top200_scaled,0.9466666666666667,0.5933958638957798,0.6688077508938538,120.07755070106396,247.79875089600682
TMSB4X,gene_top500,0.9666666666666667,0.48485203057258713,0.5725756883993335,120.07755070106396,247.79875089600682
TMSB4X,gene_top500_scaled,0.9466666666666667,0.48485203057258697,0.5725756883993333,120.07755070106396,247.79875089600682
TMSB4X,gene_direct_x2,0.98,0.3184098624453204,0.5593458070723478,120.07755070106396,247.79875089600682
TMSB4X,gene_direct_x4,0.9866666666666667,0.3184098624453204,0.5593458070723478,120.07755070106396,247.79875089600682
TMSB4X,gene_direct_x8,0.9933333333333333,0.3184098624453204,0.5593458070723478,120.07755070106396,247.79875089600682
TMSB4X,gene_direct_x16,1.0,0.3184098624453204,0.5593458070723478,120.07755070106396,247.79875089600682
TMSB4X,gene_direct_x32,1.0,0.3184098624453204,0.5593458070723478,120.07755070106396,247.79875089600682
TMSB4X,gene_direct_x64,0.9933333333333333,0.3184098624453204,0.5593458070723478,120.07755070106396,247.79875089600682
TMSB4X,gene_direct_x128,0.9933333333333333,0.3184098624453204,0.5593458070723478,120.07755070106396,247.79875089600682
TMSB4X,gene_direct_x256,0.9933333333333333,0.3184098624453204,0.5593458070723478,120.07755070106396,247.79875089600682
TMSB4X,gene_top100_x16,0.98,0.6822907916577435,0.7465327692178246,120.07755070106396,247.79875089600682
TMSB4X,gene_top100_x64,0.98,0.6822907916577435,0.7465327692178246,120.07755070106396,247.79875089600682
TMSB4X,gene_top100_x256,0.98,0.6822907916577435,0.7465327692178246,120.07755070106396,247.79875089600682
TMSB4X,gene_top200_x16,0.98,0.5933958638957798,0.6688077508938546,120.07755070106396,247.79875089600682
TMSB4X,gene_top200_x64,0.98,0.5933958638957798,0.6688077508938546,120.07755070106396,247.79875089600682
TMSB4X,gene_top200_x256,0.98,0.5933958638957798,0.6688077508938546,120.07755070106396,247.79875089600682
TMSB4X,prog,0.8466666666666667,-0.12721506192058676,0.14189590106059863,120.07755070106396,247.79875089600682
TRAM2,zero,0.8266666666666667,0.0,0.0,174.28470698669844,208.41118239611387
TRAM2,h1_mean,0.6266666666666667,-0.299894756155265,-0.19705986651661514,174.28470698669844,208.41118239611387
TRAM2,gene_direct,0.8666666666666667,0.09827377980399002,0.1465788135389848,174.28470698669844,208.41118239611387
TRAM2,gene_scaled,0.8333333333333334,0.09827377980399003,0.14657881353898458,174.28470698669844,208.41118239611387
TRAM2,gene_top50,0.8266666666666667,0.09638778365149088,0.1407940276721273,174.28470698669844,208.41118239611387
TRAM2,gene_top50_scaled,0.8266666666666667,0.09638778365149088,0.14079402767212734,174.28470698669844,208.41118239611387
TRAM2,gene_top100,0.8266666666666667,0.08575716621025903,0.1274399226545034,174.28470698669844,208.41118239611387
TRAM2,gene_top100_scaled,0.8266666666666667,0.08575716621025903,0.12743992265450355,174.28470698669844,208.41118239611387
TRAM2,gene_top200,0.8266666666666667,0.08496108340605066,0.12546956606550091,174.28470698669844,208.41118239611387
TRAM2,gene_top200_scaled,0.8266666666666667,0.08496108340605066,0.12546956606550086,174.28470698669844,208.41118239611387
TRAM2,gene_top500,0.8333333333333334,0.09122280288678743,0.13192988900968994,174.28470698669844,208.41118239611387
TRAM2,gene_top500_scaled,0.8266666666666667,0.09122280288678741,0.13192988900969,174.28470698669844,208.41118239611387
TRAM2,gene_direct_x2,0.8866666666666667,0.09827377980399002,0.1465788135389848,174.28470698669844,208.41118239611387
TRAM2,gene_direct_x4,0.9,0.09827377980399002,0.1465788135389848,174.28470698669844,208.41118239611387
TRAM2,gene_direct_x8,0.9,0.09827377980399002,0.1465788135389848,174.28470698669844,208.41118239611387
TRAM2,gene_direct_x16,0.9,0.09827377980399002,0.1465788135389848,174.28470698669844,208.41118239611387
TRAM2,gene_direct_x32,0.9066666666666666,0.09827377980399002,0.1465788135389848,174.28470698669844,208.41118239611387
TRAM2,gene_direct_x64,0.9,0.09827377980399002,0.1465788135389848,174.28470698669844,208.41118239611387
TRAM2,gene_direct_x128,0.9,0.09827377980399002,0.1465788135389848,174.28470698669844,208.41118239611387
TRAM2,gene_direct_x256,0.9,0.09827377980399002,0.1465788135389848,174.28470698669844,208.41118239611387
TRAM2,gene_top100_x16,0.8266666666666667,0.08575716621025903,0.1274399226545034,174.28470698669844,208.41118239611387
TRAM2,gene_top100_x64,0.8266666666666667,0.08575716621025903,0.1274399226545034,174.28470698669844,208.41118239611387
TRAM2,gene_top100_x256,0.8266666666666667,0.08575716621025903,0.1274399226545034,174.28470698669844,208.41118239611387
TRAM2,gene_top200_x16,0.8333333333333334,0.08496108340605066,0.12546956606550091,174.28470698669844,208.41118239611387
TRAM2,gene_top200_x64,0.8333333333333334,0.08496108340605066,0.12546956606550091,174.28470698669844,208.41118239611387
TRAM2,gene_top200_x256,0.8333333333333334,0.08496108340605066,0.12546956606550091,174.28470698669844,208.41118239611387
TRAM2,prog,0.8866666666666667,0.24928521354082614,0.20804466648199643,174.28470698669844,208.41118239611387
TRAPPC6A,zero,0.38,0.0,0.0,486.008787808345,283.4039769247174
TRAPPC6A,h1_mean,0.31999999999999995,0.150402068758578,0.35175026013207106,486.008787808345,283.4039769247174
TRAPPC6A,gene_direct,0.3733333333333333,0.08749031438291478,0.1521278029092373,486.008787808345,283.4039769247174
TRAPPC6A,gene_scaled,0.38,0.08749031438291477,0.1521278029092371,486.008787808345,283.4039769247174
TRAPPC6A,gene_top50,0.3866666666666667,0.11971182345991599,0.1657023553301461,486.008787808345,283.4039769247174
TRAPPC6A,gene_top50_scaled,0.38,0.11971182345991595,0.16570235533014624,486.008787808345,283.4039769247174
TRAPPC6A,gene_top100,0.3866666666666667,0.11641716558800465,0.16198381285564548,486.008787808345,283.4039769247174
TRAPPC6A,gene_top100_scaled,0.38,0.11641716558800468,0.16198381285564578,486.008787808345,283.4039769247174
TRAPPC6A,gene_top200,0.3866666666666667,0.10545577677722813,0.150450536012487,486.008787808345,283.4039769247174
TRAPPC6A,gene_top200_scaled,0.38,0.10545577677722809,0.15045053601248726,486.008787808345,283.4039769247174
TRAPPC6A,gene_top500,0.3866666666666667,0.09837694642260657,0.13807563971308542,486.008787808345,283.4039769247174
TRAPPC6A,gene_top500_scaled,0.38,0.09837694642260658,0.13807563971308578,486.008787808345,283.4039769247174
TRAPPC6A,gene_direct_x2,0.3533333333333334,0.08749031438291478,0.1521278029092373,486.008787808345,283.4039769247174
TRAPPC6A,gene_direct_x4,0.32666666666666666,0.08749031438291478,0.1521278029092373,486.008787808345,283.4039769247174
TRAPPC6A,gene_direct_x8,0.30666666666666664,0.08749031438291478,0.1521278029092373,486.008787808345,283.4039769247174
TRAPPC6A,gene_direct_x16,0.30000000000000004,0.08749031438291478,0.1521278029092373,486.008787808345,283.4039769247174
TRAPPC6A,gene_direct_x32,0.29333333333333333,0.08749031438291478,0.1521278029092373,486.008787808345,283.4039769247174
TRAPPC6A,gene_direct_x64,0.29333333333333333,0.08749031438291478,0.1521278029092373,486.008787808345,283.4039769247174
TRAPPC6A,gene_direct_x128,0.29333333333333333,0.08749031438291478,0.1521278029092373,486.008787808345,283.4039769247174
TRAPPC6A,gene_direct_x256,0.29333333333333333,0.08749031438291478,0.1521278029092373,486.008787808345,283.4039769247174
TRAPPC6A,gene_top100_x16,0.3866666666666667,0.11641716558800465,0.16198381285564548,486.008787808345,283.4039769247174
TRAPPC6A,gene_top100_x64,0.3866666666666667,0.11641716558800465,0.16198381285564548,486.008787808345,283.4039769247174
TRAPPC6A,gene_top100_x256,0.3866666666666667,0.11641716558800465,0.16198381285564548,486.008787808345,283.4039769247174
TRAPPC6A,gene_top200_x16,0.3866666666666667,0.10545577677722813,0.150450536012487,486.008787808345,283.4039769247174
TRAPPC6A,gene_top200_x64,0.3866666666666667,0.10545577677722813,0.150450536012487,486.008787808345,283.4039769247174
TRAPPC6A,gene_top200_x256,0.3866666666666667,0.10545577677722813,0.150450536012487,486.008787808345,283.4039769247174
TRAPPC6A,prog,0.3733333333333333,-0.0025359608292645306,0.05833826440401194,486.008787808345,283.4039769247174
TSC22D4,zero,0.6799999999999999,0.0,0.0,258.07255078431444,202.21046620979905
TSC22D4,h1_mean,0.9933333333333333,0.5953793206039939,0.0651011851777193,258.07255078431444,202.21046620979905
TSC22D4,gene_direct,0.7866666666666666,0.1986358193061369,0.11216585010405951,258.07255078431444,202.21046620979905
TSC22D4,gene_scaled,0.6866666666666666,0.19863581930613686,0.11216585010405924,258.07255078431444,202.21046620979905
TSC22D4,gene_top50,0.6799999999999999,0.22353206665798303,0.3086653604347803,258.07255078431444,202.21046620979905
TSC22D4,gene_top50_scaled,0.6799999999999999,0.2235320666579831,0.3086653604347813,258.07255078431444,202.21046620979905
TSC22D4,gene_top100,0.6799999999999999,0.20777796538737286,0.25101121008600075,258.07255078431444,202.21046620979905
TSC22D4,gene_top100_scaled,0.6799999999999999,0.20777796538737275,0.25101121008600097,258.07255078431444,202.21046620979905
TSC22D4,gene_top200,0.6799999999999999,0.19547329314832448,0.18913598875869067,258.07255078431444,202.21046620979905
TSC22D4,gene_top200_scaled,0.6799999999999999,0.19547329314832443,0.18913598875869045,258.07255078431444,202.21046620979905
TSC22D4,gene_top500,0.6866666666666666,0.17967755642442795,0.10095519627251633,258.07255078431444,202.21046620979905
TSC22D4,gene_top500_scaled,0.6799999999999999,0.17967755642442793,0.10095519627251634,258.07255078431444,202.21046620979905
TSC22D4,gene_direct_x2,0.84,0.1986358193061369,0.11216585010405951,258.07255078431444,202.21046620979905
TSC22D4,gene_direct_x4,0.92,0.1986358193061369,0.11216585010405951,258.07255078431444,202.21046620979905
TSC22D4,gene_direct_x8,0.96,0.1986358193061369,0.11216585010405951,258.07255078431444,202.21046620979905
TSC22D4,gene_direct_x16,0.9666666666666667,0.1986358193061369,0.11216585010405951,258.07255078431444,202.21046620979905
TSC22D4,gene_direct_x32,0.9733333333333334,0.1986358193061369,0.11216585010405951,258.07255078431444,202.21046620979905
TSC22D4,gene_direct_x64,0.98,0.1986358193061369,0.11216585010405951,258.07255078431444,202.21046620979905
TSC22D4,gene_direct_x128,0.9866666666666667,0.1986358193061369,0.11216585010405951,258.07255078431444,202.21046620979905
TSC22D4,gene_direct_x256,0.9866666666666667,0.1986358193061369,0.11216585010405951,258.07255078431444,202.21046620979905
TSC22D4,gene_top100_x16,0.6866666666666666,0.20777796538737286,0.25101121008600075,258.07255078431444,202.21046620979905
TSC22D4,gene_top100_x64,0.6866666666666666,0.20777796538737286,0.25101121008600075,258.07255078431444,202.21046620979905
TSC22D4,gene_top100_x256,0.6866666666666666,0.20777796538737286,0.25101121008600075,258.07255078431444,202.21046620979905
TSC22D4,gene_top200_x16,0.6866666666666666,0.19547329314832448,0.18913598875869067,258.07255078431444,202.21046620979905
TSC22D4,gene_top200_x64,0.6866666666666666,0.19547329314832448,0.18913598875869067,258.07255078431444,202.21046620979905
TSC22D4,gene_top200_x256,0.6866666666666666,0.19547329314832448,0.18913598875869067,258.07255078431444,202.21046620979905
TSC22D4,prog,0.8466666666666667,0.49177549153174177,-0.0660944558418993,258.07255078431444,202.21046620979905
TWF2,zero,0.8466666666666667,0.0,0.0,163.2695293108336,196.03227791190147
TWF2,h1_mean,0.7533333333333333,-0.08972522321467012,-0.03206864970275602,163.2695293108336,196.03227791190147
TWF2,gene_direct,0.8533333333333333,0.10361761574275759,0.1795143030485661,163.2695293108336,196.03227791190147
TWF2,gene_scaled,0.8466666666666667,0.1036176157427576,0.17951430304856605,163.2695293108336,196.03227791190147
TWF2,gene_top50,0.8466666666666667,0.2940502214992559,0.34315807009667126,163.2695293108336,196.03227791190147
TWF2,gene_top50_scaled,0.8466666666666667,0.2940502214992558,0.3431580700966706,163.2695293108336,196.03227791190147
TWF2,gene_top100,0.8466666666666667,0.238379324215259,0.2778256792378642,163.2695293108336,196.03227791190147
TWF2,gene_top100_scaled,0.8466666666666667,0.2383793242152589,0.2778256792378639,163.2695293108336,196.03227791190147
TWF2,gene_top200,0.8466666666666667,0.18759436716279637,0.21804201328121228,163.2695293108336,196.03227791190147
TWF2,gene_top200_scaled,0.8466666666666667,0.1875943671627963,0.2180420132812129,163.2695293108336,196.03227791190147
TWF2,gene_top500,0.8466666666666667,0.15320377205950103,0.17620944542674288,163.2695293108336,196.03227791190147
TWF2,gene_top500_scaled,0.8466666666666667,0.15320377205950106,0.17620944542674277,163.2695293108336,196.03227791190147
TWF2,gene_direct_x2,0.8533333333333333,0.10361761574275759,0.1795143030485661,163.2695293108336,196.03227791190147
TWF2,gene_direct_x4,0.8666666666666667,0.10361761574275759,0.1795143030485661,163.2695293108336,196.03227791190147
TWF2,gene_direct_x8,0.88,0.10361761574275759,0.1795143030485661,163.2695293108336,196.03227791190147
TWF2,gene_direct_x16,0.88,0.10361761574275759,0.1795143030485661,163.2695293108336,196.03227791190147
TWF2,gene_direct_x32,0.88,0.10361761574275759,0.1795143030485661,163.2695293108336,196.03227791190147
TWF2,gene_direct_x64,0.88,0.10361761574275759,0.1795143030485661,163.2695293108336,196.03227791190147
TWF2,gene_direct_x128,0.88,0.10361761574275759,0.1795143030485661,163.2695293108336,196.03227791190147
TWF2,gene_direct_x256,0.8733333333333333,0.10361761574275759,0.1795143030485661,163.2695293108336,196.03227791190147
TWF2,gene_top100_x16,0.8466666666666667,0.238379324215259,0.2778256792378642,163.2695293108336,196.03227791190147
TWF2,gene_top100_x64,0.8466666666666667,0.238379324215259,0.2778256792378642,163.2695293108336,196.03227791190147
TWF2,gene_top100_x256,0.8466666666666667,0.238379324215259,0.2778256792378642,163.2695293108336,196.03227791190147
TWF2,gene_top200_x16,0.8466666666666667,0.18759436716279637,0.21804201328121228,163.2695293108336,196.03227791190147
TWF2,gene_top200_x64,0.8466666666666667,0.18759436716279637,0.21804201328121228,163.2695293108336,196.03227791190147
TWF2,gene_top200_x256,0.8466666666666667,0.18759436716279637,0.21804201328121228,163.2695293108336,196.03227791190147
TWF2,prog,0.8533333333333333,0.03880493897500592,0.026534511415233268,163.2695293108336,196.03227791190147
TXNDC9,zero,0.41333333333333333,0.0,0.0,446.9957310429345,631.3998878188431
TXNDC9,h1_mean,0.6133333333333333,0.6244268350631585,0.24169301989095482,446.9957310429345,631.3998878188431
TXNDC9,gene_direct,0.45999999999999996,0.08244154357738652,0.15055376843585846,446.9957310429345,631.3998878188431
TXNDC9,gene_scaled,0.41333333333333333,0.08244154357738656,0.15055376843585858,446.9957310429345,631.3998878188431
TXNDC9,gene_top50,0.41333333333333333,0.07063130492185442,0.11862262694870664,446.9957310429345,631.3998878188431
TXNDC9,gene_top50_scaled,0.41333333333333333,0.07063130492185442,0.11862262694870675,446.9957310429345,631.3998878188431
TXNDC9,gene_top100,0.41333333333333333,0.08218205856049582,0.14761850053296716,446.9957310429345,631.3998878188431
TXNDC9,gene_top100_scaled,0.41333333333333333,0.08218205856049575,0.14761850053296732,446.9957310429345,631.3998878188431
TXNDC9,gene_top200,0.41333333333333333,0.066364746959054,0.13049838947704195,446.9957310429345,631.3998878188431
TXNDC9,gene_top200_scaled,0.41333333333333333,0.06636474695905398,0.13049838947704234,446.9957310429345,631.3998878188431
TXNDC9,gene_top500,0.41333333333333333,0.053306175544676,0.13105951459231657,446.9957310429345,631.3998878188431
TXNDC9,gene_top500_scaled,0.41333333333333333,0.053306175544675996,0.13105951459231682,446.9957310429345,631.3998878188431
TXNDC9,gene_direct_x2,0.52,0.08244154357738652,0.15055376843585846,446.9957310429345,631.3998878188431
TXNDC9,gene_direct_x4,0.5266666666666666,0.08244154357738652,0.15055376843585846,446.9957310429345,631.3998878188431
TXNDC9,gene_direct_x8,0.5466666666666666,0.08244154357738652,0.15055376843585846,446.9957310429345,631.3998878188431
TXNDC9,gene_direct_x16,0.5466666666666666,0.08244154357738652,0.15055376843585846,446.9957310429345,631.3998878188431
TXNDC9,gene_direct_x32,0.5533333333333333,0.08244154357738652,0.15055376843585846,446.9957310429345,631.3998878188431
TXNDC9,gene_direct_x64,0.56,0.08244154357738652,0.15055376843585846,446.9957310429345,631.3998878188431
TXNDC9,gene_direct_x128,0.56,0.08244154357738652,0.15055376843585846,446.9957310429345,631.3998878188431
TXNDC9,gene_direct_x256,0.5666666666666667,0.08244154357738652,0.15055376843585846,446.9957310429345,631.3998878188431
TXNDC9,gene_top100_x16,0.41333333333333333,0.08218205856049582,0.14761850053296716,446.9957310429345,631.3998878188431
TXNDC9,gene_top100_x64,0.41333333333333333,0.08218205856049582,0.14761850053296716,446.9957310429345,631.3998878188431
TXNDC9,gene_top100_x256,0.41333333333333333,0.08218205856049582,0.14761850053296716,446.9957310429345,631.3998878188431
TXNDC9,gene_top200_x16,0.41333333333333333,0.066364746959054,0.13049838947704195,446.9957310429345,631.3998878188431
TXNDC9,gene_top200_x64,0.41333333333333333,0.066364746959054,0.13049838947704195,446.9957310429345,631.3998878188431
TXNDC9,gene_top200_x256,0.41333333333333333,0.066364746959054,0.13049838947704195,446.9957310429345,631.3998878188431
TXNDC9,prog,0.44666666666666666,0.18482293772213187,0.05100430204762593,446.9957310429345,631.3998878188431
UBE3C,zero,0.4,0.0,0.0,467.76099780562254,302.8529651942663
UBE3C,h1_mean,0.6133333333333333,0.6366344898663394,0.3849674201099329,467.76099780562254,302.8529651942663
UBE3C,gene_direct,0.4933333333333333,0.3414524712552987,0.2931723068038504,467.76099780562254,302.8529651942663
UBE3C,gene_scaled,0.4,0.3414524712552987,0.29317230680385026,467.76099780562254,302.8529651942663
UBE3C,gene_top50,0.4,0.24383421047266893,0.29852453739947876,467.76099780562254,302.8529651942663
UBE3C,gene_top50_scaled,0.4,0.243834210472669,0.29852453739947793,467.76099780562254,302.8529651942663
UBE3C,gene_top100,0.4,0.24710796190304826,0.2801063515851938,467.76099780562254,302.8529651942663
UBE3C,gene_top100_scaled,0.4,0.24710796190304837,0.2801063515851936,467.76099780562254,302.8529651942663
UBE3C,gene_top200,0.4,0.252102894117258,0.2635744022699282,467.76099780562254,302.8529651942663
UBE3C,gene_top200_scaled,0.4,0.25210289411725806,0.2635744022699273,467.76099780562254,302.8529651942663
UBE3C,gene_top500,0.4,0.2794716083897122,0.23765628729495167,467.76099780562254,302.8529651942663
UBE3C,gene_top500_scaled,0.4,0.27947160838971236,0.23765628729495175,467.76099780562254,302.8529651942663
UBE3C,gene_direct_x2,0.6799999999999999,0.3414524712552987,0.2931723068038504,467.76099780562254,302.8529651942663
UBE3C,gene_direct_x4,0.98,0.3414524712552987,0.2931723068038504,467.76099780562254,302.8529651942663
UBE3C,gene_direct_x8,1.0,0.3414524712552987,0.2931723068038504,467.76099780562254,302.8529651942663
UBE3C,gene_direct_x16,0.9933333333333333,0.3414524712552987,0.2931723068038504,467.76099780562254,302.8529651942663
UBE3C,gene_direct_x32,0.98,0.3414524712552987,0.2931723068038504,467.76099780562254,302.8529651942663
UBE3C,gene_direct_x64,0.9533333333333334,0.3414524712552987,0.2931723068038504,467.76099780562254,302.8529651942663
UBE3C,gene_direct_x128,0.94,0.3414524712552987,0.2931723068038504,467.76099780562254,302.8529651942663
UBE3C,gene_direct_x256,0.9333333333333333,0.3414524712552987,0.2931723068038504,467.76099780562254,302.8529651942663
UBE3C,gene_top100_x16,0.4066666666666666,0.24710796190304826,0.2801063515851938,467.76099780562254,302.8529651942663
UBE3C,gene_top100_x64,0.4066666666666666,0.24710796190304826,0.2801063515851938,467.76099780562254,302.8529651942663
UBE3C,gene_top100_x256,0.4066666666666666,0.24710796190304826,0.2801063515851938,467.76099780562254,302.8529651942663
UBE3C,gene_top200_x16,0.4066666666666666,0.252102894117258,0.2635744022699282,467.76099780562254,302.8529651942663
UBE3C,gene_top200_x64,0.4066666666666666,0.252102894117258,0.2635744022699282,467.76099780562254,302.8529651942663
UBE3C,gene_top200_x256,0.4066666666666666,0.252102894117258,0.2635744022699282,467.76099780562254,302.8529651942663
UBE3C,prog,0.6533333333333333,0.4948310264618229,0.20118937580989352,467.76099780562254,302.8529651942663
UQCRQ,zero,0.4866666666666667,0.0,0.0,364.05020865149345,320.323718255572
UQCRQ,h1_mean,0.4866666666666667,0.13109691508795915,0.42315413953229813,364.05020865149345,320.323718255572
UQCRQ,gene_direct,0.52,0.20289485305301871,0.5102600864565884,364.05020865149345,320.323718255572
UQCRQ,gene_scaled,0.4933333333333333,0.20289485305301877,0.5102600864565884,364.05020865149345,320.323718255572
UQCRQ,gene_top50,0.4866666666666667,0.31931801731043147,0.4821616882768857,364.05020865149345,320.323718255572
UQCRQ,gene_top50_scaled,0.4866666666666667,0.3193180173104316,0.4821616882768856,364.05020865149345,320.323718255572
UQCRQ,gene_top100,0.4866666666666667,0.2853079758115766,0.46056693707158886,364.05020865149345,320.323718255572
UQCRQ,gene_top100_scaled,0.4866666666666667,0.2853079758115766,0.46056693707158863,364.05020865149345,320.323718255572
UQCRQ,gene_top200,0.4933333333333333,0.2642139424220468,0.47131480470863324,364.05020865149345,320.323718255572
UQCRQ,gene_top200_scaled,0.4866666666666667,0.26421394242204677,0.4713148047086345,364.05020865149345,320.323718255572
UQCRQ,gene_top500,0.5066666666666666,0.22453154715916432,0.4953514328956655,364.05020865149345,320.323718255572
UQCRQ,gene_top500_scaled,0.4866666666666667,0.22453154715916435,0.4953514328956647,364.05020865149345,320.323718255572
UQCRQ,gene_direct_x2,0.5333333333333333,0.20289485305301871,0.5102600864565884,364.05020865149345,320.323718255572
UQCRQ,gene_direct_x4,0.5666666666666667,0.20289485305301871,0.5102600864565884,364.05020865149345,320.323718255572
UQCRQ,gene_direct_x8,0.6,0.20289485305301871,0.5102600864565884,364.05020865149345,320.323718255572
UQCRQ,gene_direct_x16,0.6066666666666667,0.20289485305301871,0.5102600864565884,364.05020865149345,320.323718255572
UQCRQ,gene_direct_x32,0.64,0.20289485305301871,0.5102600864565884,364.05020865149345,320.323718255572
UQCRQ,gene_direct_x64,0.6466666666666667,0.20289485305301871,0.5102600864565884,364.05020865149345,320.323718255572
UQCRQ,gene_direct_x128,0.6333333333333333,0.20289485305301871,0.5102600864565884,364.05020865149345,320.323718255572
UQCRQ,gene_direct_x256,0.6266666666666667,0.20289485305301871,0.5102600864565884,364.05020865149345,320.323718255572
UQCRQ,gene_top100_x16,0.4866666666666667,0.2853079758115766,0.46056693707158886,364.05020865149345,320.323718255572
UQCRQ,gene_top100_x64,0.4866666666666667,0.2853079758115766,0.46056693707158886,364.05020865149345,320.323718255572
UQCRQ,gene_top100_x256,0.4866666666666667,0.2853079758115766,0.46056693707158886,364.05020865149345,320.323718255572
UQCRQ,gene_top200_x16,0.5066666666666666,0.2642139424220468,0.47131480470863324,364.05020865149345,320.323718255572
UQCRQ,gene_top200_x64,0.5066666666666666,0.2642139424220468,0.47131480470863324,364.05020865149345,320.323718255572
UQCRQ,gene_top200_x256,0.5066666666666666,0.2642139424220468,0.47131480470863324,364.05020865149345,320.323718255572
UQCRQ,prog,0.5133333333333333,0.10739402705308163,0.35211167583352815,364.05020865149345,320.323718255572
USP22,zero,0.6599999999999999,0.0,0.0,273.3545315794436,237.25120187550783
USP22,h1_mean,0.62,0.1056460240701539,0.10379220395821429,273.3545315794436,237.25120187550783
USP22,gene_direct,0.6533333333333333,0.12618371708036905,0.18772773259170278,273.3545315794436,237.25120187550783
USP22,gene_scaled,0.6599999999999999,0.12618371708036907,0.18772773259170292,273.3545315794436,237.25120187550783
USP22,gene_top50,0.6666666666666667,0.21481816755328004,0.26327862220022863,273.3545315794436,237.25120187550783
USP22,gene_top50_scaled,0.6599999999999999,0.21481816755328012,0.2632786222002288,273.3545315794436,237.25120187550783
USP22,gene_top100,0.6666666666666667,0.18633333286898063,0.22927574664827174,273.3545315794436,237.25120187550783
USP22,gene_top100_scaled,0.6599999999999999,0.18633333286898066,0.2292757466482721,273.3545315794436,237.25120187550783
USP22,gene_top200,0.6666666666666667,0.1630248198774135,0.20073208290847466,273.3545315794436,237.25120187550783
USP22,gene_top200_scaled,0.6599999999999999,0.1630248198774135,0.20073208290847433,273.3545315794436,237.25120187550783
USP22,gene_top500,0.6666666666666667,0.14311073067681768,0.171984938936371,273.3545315794436,237.25120187550783
USP22,gene_top500_scaled,0.6599999999999999,0.14311073067681768,0.17198493893637098,273.3545315794436,237.25120187550783
USP22,gene_direct_x2,0.6533333333333333,0.12618371708036905,0.18772773259170278,273.3545315794436,237.25120187550783
USP22,gene_direct_x4,0.6666666666666667,0.12618371708036905,0.18772773259170278,273.3545315794436,237.25120187550783
USP22,gene_direct_x8,0.6666666666666667,0.12618371708036905,0.18772773259170278,273.3545315794436,237.25120187550783
USP22,gene_direct_x16,0.6733333333333333,0.12618371708036905,0.18772773259170278,273.3545315794436,237.25120187550783
USP22,gene_direct_x32,0.6599999999999999,0.12618371708036905,0.18772773259170278,273.3545315794436,237.25120187550783
USP22,gene_direct_x64,0.6599999999999999,0.12618371708036905,0.18772773259170278,273.3545315794436,237.25120187550783
USP22,gene_direct_x128,0.6599999999999999,0.12618371708036905,0.18772773259170278,273.3545315794436,237.25120187550783
USP22,gene_direct_x256,0.6599999999999999,0.12618371708036905,0.18772773259170278,273.3545315794436,237.25120187550783
USP22,gene_top100_x16,0.6666666666666667,0.18633333286898063,0.22927574664827174,273.3545315794436,237.25120187550783
USP22,gene_top100_x64,0.6666666666666667,0.18633333286898063,0.22927574664827174,273.3545315794436,237.25120187550783
USP22,gene_top100_x256,0.6666666666666667,0.18633333286898063,0.22927574664827174,273.3545315794436,237.25120187550783
USP22,gene_top200_x16,0.6666666666666667,0.1630248198774135,0.20073208290847466,273.3545315794436,237.25120187550783
USP22,gene_top200_x64,0.6666666666666667,0.1630248198774135,0.20073208290847466,273.3545315794436,237.25120187550783
USP22,gene_top200_x256,0.6666666666666667,0.1630248198774135,0.20073208290847466,273.3545315794436,237.25120187550783
USP22,prog,0.6533333333333333,0.10510257055520078,0.1104858134624848,273.3545315794436,237.25120187550783
WSB2,zero,0.3866666666666667,0.0,0.0,483.6653583672887,281.0294107571244
WSB2,h1_mean,0.42000000000000004,0.37785518651346683,-0.019255930008738282,483.6653583672887,281.0294107571244
WSB2,gene_direct,0.3933333333333333,0.1294454495960695,-0.006811852318681768,483.6653583672887,281.0294107571244
WSB2,gene_scaled,0.3866666666666667,0.1294454495960695,-0.006811852318681721,483.6653583672887,281.0294107571244
WSB2,gene_top50,0.3866666666666667,0.13676299281644777,0.14441378692987558,483.6653583672887,281.0294107571244
WSB2,gene_top50_scaled,0.3866666666666667,0.13676299281644777,0.14441378692987483,483.6653583672887,281.0294107571244
WSB2,gene_top100,0.3866666666666667,0.11623235759213048,0.08293939744729395,483.6653583672887,281.0294107571244
WSB2,gene_top100_scaled,0.3866666666666667,0.11623235759213048,0.08293939744729387,483.6653583672887,281.0294107571244
WSB2,gene_top200,0.3866666666666667,0.10567120567769686,0.041178533218608794,483.6653583672887,281.0294107571244
WSB2,gene_top200_scaled,0.3866666666666667,0.10567120567769683,0.04117853321860877,483.6653583672887,281.0294107571244
WSB2,gene_top500,0.3866666666666667,0.09889643928918132,-0.047529990673882624,483.6653583672887,281.0294107571244
WSB2,gene_top500_scaled,0.3866666666666667,0.09889643928918125,-0.04752999067388266,483.6653583672887,281.0294107571244
WSB2,gene_direct_x2,0.38,0.1294454495960695,-0.006811852318681768,483.6653583672887,281.0294107571244
WSB2,gene_direct_x4,0.4,0.1294454495960695,-0.006811852318681768,483.6653583672887,281.0294107571244
WSB2,gene_direct_x8,0.3866666666666667,0.1294454495960695,-0.006811852318681768,483.6653583672887,281.0294107571244
WSB2,gene_direct_x16,0.4066666666666666,0.1294454495960695,-0.006811852318681768,483.6653583672887,281.0294107571244
WSB2,gene_direct_x32,0.4066666666666666,0.1294454495960695,-0.006811852318681768,483.6653583672887,281.0294107571244
WSB2,gene_direct_x64,0.4,0.1294454495960695,-0.006811852318681768,483.6653583672887,281.0294107571244
WSB2,gene_direct_x128,0.4,0.1294454495960695,-0.006811852318681768,483.6653583672887,281.0294107571244
WSB2,gene_direct_x256,0.4,0.1294454495960695,-0.006811852318681768,483.6653583672887,281.0294107571244
WSB2,gene_top100_x16,0.3866666666666667,0.11623235759213048,0.08293939744729395,483.6653583672887,281.0294107571244
WSB2,gene_top100_x64,0.3866666666666667,0.11623235759213048,0.08293939744729395,483.6653583672887,281.0294107571244
WSB2,gene_top100_x256,0.3866666666666667,0.11623235759213048,0.08293939744729395,483.6653583672887,281.0294107571244
WSB2,gene_top200_x16,0.3866666666666667,0.10567120567769686,0.041178533218608794,483.6653583672887,281.0294107571244
WSB2,gene_top200_x64,0.3866666666666667,0.10567120567769686,0.041178533218608794,483.6653583672887,281.0294107571244
WSB2,gene_top200_x256,0.3866666666666667,0.10567120567769686,0.041178533218608794,483.6653583672887,281.0294107571244
WSB2,prog,0.4066666666666666,0.2799904022011853,-0.28622281916861136,483.6653583672887,281.0294107571244
XRCC4,zero,0.30666666666666664,0.0,0.0,545.1461258159507,220.244024079293
XRCC4,h1_mean,0.43999999999999995,0.6018346517387227,0.05966471010114733,545.1461258159507,220.244024079293
XRCC4,gene_direct,0.33999999999999997,0.031855921819337184,0.14646412813649357,545.1461258159507,220.244024079293
XRCC4,gene_scaled,0.30666666666666664,0.03185592181933723,0.14646412813649365,545.1461258159507,220.244024079293
XRCC4,gene_top50,0.30666666666666664,0.14706366546227598,0.2921591653657186,545.1461258159507,220.244024079293
XRCC4,gene_top50_scaled,0.30666666666666664,0.14706366546227598,0.29215916536571834,545.1461258159507,220.244024079293
XRCC4,gene_top100,0.30666666666666664,0.11832228187623178,0.23578179014985384,545.1461258159507,220.244024079293
XRCC4,gene_top100_scaled,0.30666666666666664,0.11832228187623177,0.23578179014985426,545.1461258159507,220.244024079293
XRCC4,gene_top200,0.30666666666666664,0.08279756578085547,0.1892428203498627,545.1461258159507,220.244024079293
XRCC4,gene_top200_scaled,0.30666666666666664,0.08279756578085548,0.189242820349862,545.1461258159507,220.244024079293
XRCC4,gene_top500,0.31333333333333335,0.0677535072229637,0.1498525878101917,545.1461258159507,220.244024079293
XRCC4,gene_top500_scaled,0.30666666666666664,0.06775350722296365,0.14985258781019167,545.1461258159507,220.244024079293
XRCC4,gene_direct_x2,0.3733333333333333,0.031855921819337184,0.14646412813649357,545.1461258159507,220.244024079293
XRCC4,gene_direct_x4,0.3933333333333333,0.031855921819337184,0.14646412813649357,545.1461258159507,220.244024079293
XRCC4,gene_direct_x8,0.4,0.031855921819337184,0.14646412813649357,545.1461258159507,220.244024079293
XRCC4,gene_direct_x16,0.4066666666666666,0.031855921819337184,0.14646412813649357,545.1461258159507,220.244024079293
XRCC4,gene_direct_x32,0.4066666666666666,0.031855921819337184,0.14646412813649357,545.1461258159507,220.244024079293
XRCC4,gene_direct_x64,0.4066666666666666,0.031855921819337184,0.14646412813649357,545.1461258159507,220.244024079293
XRCC4,gene_direct_x128,0.41333333333333333,0.031855921819337184,0.14646412813649357,545.1461258159507,220.244024079293
XRCC4,gene_direct_x256,0.42000000000000004,0.031855921819337184,0.14646412813649357,545.1461258159507,220.244024079293
XRCC4,gene_top100_x16,0.32666666666666666,0.11832228187623178,0.23578179014985384,545.1461258159507,220.244024079293
XRCC4,gene_top100_x64,0.32666666666666666,0.11832228187623178,0.23578179014985384,545.1461258159507,220.244024079293
XRCC4,gene_top100_x256,0.32666666666666666,0.11832228187623178,0.23578179014985384,545.1461258159507,220.244024079293
XRCC4,gene_top200_x16,0.31999999999999995,0.08279756578085547,0.1892428203498627,545.1461258159507,220.244024079293
XRCC4,gene_top200_x64,0.31999999999999995,0.08279756578085547,0.1892428203498627,545.1461258159507,220.244024079293
XRCC4,gene_top200_x256,0.31999999999999995,0.08279756578085547,0.1892428203498627,545.1461258159507,220.244024079293
XRCC4,prog,0.30666666666666664,-0.14829438624639876,-0.05138441134261898,545.1461258159507,220.244024079293
ZNF286A,zero,0.86,0.0,0.0,153.49909710791326,290.01666352152824
ZNF286A,h1_mean,0.94,0.15544003288464733,-0.05456291850827877,153.49909710791326,290.01666352152824
ZNF286A,gene_direct,0.8733333333333333,0.02512550110640995,0.038666320148533,153.49909710791326,290.01666352152824
ZNF286A,gene_scaled,0.86,0.02512550110640996,0.038666320148532954,153.49909710791326,290.01666352152824
ZNF286A,gene_top50,0.86,0.000802414454827175,-0.007462296416800142,153.49909710791326,290.01666352152824
ZNF286A,gene_top50_scaled,0.86,0.000802414454827175,-0.00746229641680012,153.49909710791326,290.01666352152824
ZNF286A,gene_top100,0.86,0.05905295716142985,0.06765563196567576,153.49909710791326,290.01666352152824
ZNF286A,gene_top100_scaled,0.86,0.05905295716142986,0.06765563196567573,153.49909710791326,290.01666352152824
ZNF286A,gene_top200,0.86,0.045279845046790876,0.05257672515560338,153.49909710791326,290.01666352152824
ZNF286A,gene_top200_scaled,0.86,0.045279845046790855,0.0525767251556032,153.49909710791326,290.01666352152824
ZNF286A,gene_top500,0.86,0.03570435250185385,0.041968153003129734,153.49909710791326,290.01666352152824
ZNF286A,gene_top500_scaled,0.86,0.035704352501853866,0.041968153003129616,153.49909710791326,290.01666352152824
ZNF286A,gene_direct_x2,0.8733333333333333,0.02512550110640995,0.038666320148533,153.49909710791326,290.01666352152824
ZNF286A,gene_direct_x4,0.88,0.02512550110640995,0.038666320148533,153.49909710791326,290.01666352152824
ZNF286A,gene_direct_x8,0.88,0.02512550110640995,0.038666320148533,153.49909710791326,290.01666352152824
ZNF286A,gene_direct_x16,0.88,0.02512550110640995,0.038666320148533,153.49909710791326,290.01666352152824
ZNF286A,gene_direct_x32,0.88,0.02512550110640995,0.038666320148533,153.49909710791326,290.01666352152824
ZNF286A,gene_direct_x64,0.8733333333333333,0.02512550110640995,0.038666320148533,153.49909710791326,290.01666352152824
ZNF286A,gene_direct_x128,0.8733333333333333,0.02512550110640995,0.038666320148533,153.49909710791326,290.01666352152824
ZNF286A,gene_direct_x256,0.8733333333333333,0.02512550110640995,0.038666320148533,153.49909710791326,290.01666352152824
ZNF286A,gene_top100_x16,0.8666666666666667,0.05905295716142985,0.06765563196567576,153.49909710791326,290.01666352152824
ZNF286A,gene_top100_x64,0.8666666666666667,0.05905295716142985,0.06765563196567576,153.49909710791326,290.01666352152824
ZNF286A,gene_top100_x256,0.8666666666666667,0.05905295716142985,0.06765563196567576,153.49909710791326,290.01666352152824
ZNF286A,gene_top200_x16,0.8666666666666667,0.045279845046790876,0.05257672515560338,153.49909710791326,290.01666352152824
ZNF286A,gene_top200_x64,0.8666666666666667,0.045279845046790876,0.05257672515560338,153.49909710791326,290.01666352152824
ZNF286A,gene_top200_x256,0.8666666666666667,0.045279845046790876,0.05257672515560338,153.49909710791326,290.01666352152824
ZNF286A,prog,0.8733333333333333,0.01191046110618573,-0.05731353035293908,153.49909710791326,290.01666352152824
ZNF426,zero,0.8666666666666667,0.0,0.0,152.70478025201373,234.72258203849196
ZNF426,h1_mean,0.9066666666666666,0.08799243433842849,0.06602742987577429,152.70478025201373,234.72258203849196
ZNF426,gene_direct,0.86,0.02811751553351208,0.0570000163324349,152.70478025201373,234.72258203849196
ZNF426,gene_scaled,0.8666666666666667,0.02811751553351207,0.057000016332434934,152.70478025201373,234.72258203849196
ZNF426,gene_top50,0.8666666666666667,0.09577629758653695,0.11278289635827728,152.70478025201373,234.72258203849196
ZNF426,gene_top50_scaled,0.8666666666666667,0.09577629758653693,0.11278289635827718,152.70478025201373,234.72258203849196
ZNF426,gene_top100,0.8666666666666667,0.07141745400771131,0.08422111423301157,152.70478025201373,234.72258203849196
ZNF426,gene_top100_scaled,0.8666666666666667,0.07141745400771128,0.08422111423301167,152.70478025201373,234.72258203849196
ZNF426,gene_top200,0.8666666666666667,0.05924835364966573,0.0695041879077279,152.70478025201373,234.72258203849196
ZNF426,gene_top200_scaled,0.8666666666666667,0.05924835364966571,0.06950418790772799,152.70478025201373,234.72258203849196
ZNF426,gene_top500,0.8666666666666667,0.04752746547945419,0.054531851905638994,152.70478025201373,234.72258203849196
ZNF426,gene_top500_scaled,0.8666666666666667,0.04752746547945416,0.054531851905638896,152.70478025201373,234.72258203849196
ZNF426,gene_direct_x2,0.86,0.02811751553351208,0.0570000163324349,152.70478025201373,234.72258203849196
ZNF426,gene_direct_x4,0.8666666666666667,0.02811751553351208,0.0570000163324349,152.70478025201373,234.72258203849196
ZNF426,gene_direct_x8,0.8733333333333333,0.02811751553351208,0.0570000163324349,152.70478025201373,234.72258203849196
ZNF426,gene_direct_x16,0.8733333333333333,0.02811751553351208,0.0570000163324349,152.70478025201373,234.72258203849196
ZNF426,gene_direct_x32,0.8733333333333333,0.02811751553351208,0.0570000163324349,152.70478025201373,234.72258203849196
ZNF426,gene_direct_x64,0.8733333333333333,0.02811751553351208,0.0570000163324349,152.70478025201373,234.72258203849196
ZNF426,gene_direct_x128,0.8733333333333333,0.02811751553351208,0.0570000163324349,152.70478025201373,234.72258203849196
ZNF426,gene_direct_x256,0.8733333333333333,0.02811751553351208,0.0570000163324349,152.70478025201373,234.72258203849196
ZNF426,gene_top100_x16,0.8666666666666667,0.07141745400771131,0.08422111423301157,152.70478025201373,234.72258203849196
ZNF426,gene_top100_x64,0.8666666666666667,0.07141745400771131,0.08422111423301157,152.70478025201373,234.72258203849196
ZNF426,gene_top100_x256,0.8666666666666667,0.07141745400771131,0.08422111423301157,152.70478025201373,234.72258203849196
ZNF426,gene_top200_x16,0.8666666666666667,0.05924835364966573,0.0695041879077279,152.70478025201373,234.72258203849196
ZNF426,gene_top200_x64,0.8666666666666667,0.05924835364966573,0.0695041879077279,152.70478025201373,234.72258203849196
ZNF426,gene_top200_x256,0.8666666666666667,0.05924835364966573,0.0695041879077279,152.70478025201373,234.72258203849196
ZNF426,prog,0.8733333333333333,-0.005709530430446765,-0.027305188201073128,152.70478025201373,234.72258203849196
ZNF562,zero,0.6866666666666666,0.0,0.0,251.011677527782,314.18317475542426
ZNF562,h1_mean,0.5733333333333333,-0.0101609869492142,0.13804023912244978,251.011677527782,314.18317475542426
ZNF562,gene_direct,0.6866666666666666,0.057856754883313655,0.07000270743960058,251.011677527782,314.18317475542426
ZNF562,gene_scaled,0.6866666666666666,0.057856754883313634,0.07000270743960059,251.011677527782,314.18317475542426
ZNF562,gene_top50,0.6866666666666666,0.08811408462907312,0.11479710426394557,251.011677527782,314.18317475542426
ZNF562,gene_top50_scaled,0.6866666666666666,0.08811408462907314,0.1147971042639453,251.011677527782,314.18317475542426
ZNF562,gene_top100,0.6866666666666666,0.07272934098418073,0.08718260108035097,251.011677527782,314.18317475542426
ZNF562,gene_top100_scaled,0.6866666666666666,0.07272934098418068,0.08718260108035121,251.011677527782,314.18317475542426
ZNF562,gene_top200,0.6866666666666666,0.07195671986113467,0.07720653783435281,251.011677527782,314.18317475542426
ZNF562,gene_top200_scaled,0.6866666666666666,0.07195671986113467,0.07720653783435288,251.011677527782,314.18317475542426
ZNF562,gene_top500,0.6866666666666666,0.06182446991845986,0.05247560324190978,251.011677527782,314.18317475542426
ZNF562,gene_top500_scaled,0.6866666666666666,0.06182446991845985,0.05247560324190989,251.011677527782,314.18317475542426
ZNF562,gene_direct_x2,0.6933333333333334,0.057856754883313655,0.07000270743960058,251.011677527782,314.18317475542426
ZNF562,gene_direct_x4,0.6866666666666666,0.057856754883313655,0.07000270743960058,251.011677527782,314.18317475542426
ZNF562,gene_direct_x8,0.6866666666666666,0.057856754883313655,0.07000270743960058,251.011677527782,314.18317475542426
ZNF562,gene_direct_x16,0.6799999999999999,0.057856754883313655,0.07000270743960058,251.011677527782,314.18317475542426
ZNF562,gene_direct_x32,0.6666666666666667,0.057856754883313655,0.07000270743960058,251.011677527782,314.18317475542426
ZNF562,gene_direct_x64,0.6666666666666667,0.057856754883313655,0.07000270743960058,251.011677527782,314.18317475542426
ZNF562,gene_direct_x128,0.6599999999999999,0.057856754883313655,0.07000270743960058,251.011677527782,314.18317475542426
ZNF562,gene_direct_x256,0.6599999999999999,0.057856754883313655,0.07000270743960058,251.011677527782,314.18317475542426
ZNF562,gene_top100_x16,0.6866666666666666,0.07272934098418073,0.08718260108035097,251.011677527782,314.18317475542426
ZNF562,gene_top100_x64,0.6866666666666666,0.07272934098418073,0.08718260108035097,251.011677527782,314.18317475542426
ZNF562,gene_top100_x256,0.6866666666666666,0.07272934098418073,0.08718260108035097,251.011677527782,314.18317475542426
ZNF562,gene_top200_x16,0.6866666666666666,0.07195671986113467,0.07720653783435281,251.011677527782,314.18317475542426
ZNF562,gene_top200_x64,0.6866666666666666,0.07195671986113467,0.07720653783435281,251.011677527782,314.18317475542426
ZNF562,gene_top200_x256,0.6866666666666666,0.07195671986113467,0.07720653783435281,251.011677527782,314.18317475542426
ZNF562,prog,0.6733333333333333,0.06895358782016721,-0.04146080051481461,251.011677527782,314.18317475542426
ZNF593,zero,0.52,0.0,0.0,346.44585712932894,200.4489210434258
ZNF593,h1_mean,0.7533333333333333,0.5016475175240486,0.2619488847220323,346.44585712932894,200.4489210434258
ZNF593,gene_direct,0.5333333333333333,0.11851530146330345,0.23644492240470869,346.44585712932894,200.4489210434258
ZNF593,gene_scaled,0.5266666666666666,0.11851530146330354,0.23644492240470905,346.44585712932894,200.4489210434258
ZNF593,gene_top50,0.5266666666666666,0.2271215647319126,0.38717215852514336,346.44585712932894,200.4489210434258
ZNF593,gene_top50_scaled,0.52,0.22712156473191258,0.38717215852514264,346.44585712932894,200.4489210434258
ZNF593,gene_top100,0.5266666666666666,0.192371068951074,0.3255088740953999,346.44585712932894,200.4489210434258
ZNF593,gene_top100_scaled,0.52,0.19237106895107395,0.32550887409540014,346.44585712932894,200.4489210434258
ZNF593,gene_top200,0.5266666666666666,0.17043681333098987,0.28641563495136774,346.44585712932894,200.4489210434258
ZNF593,gene_top200_scaled,0.52,0.17043681333098984,0.28641563495136835,346.44585712932894,200.4489210434258
ZNF593,gene_top500,0.5266666666666666,0.13460964188162838,0.23653662509044082,346.44585712932894,200.4489210434258
ZNF593,gene_top500_scaled,0.52,0.13460964188162833,0.23653662509044054,346.44585712932894,200.4489210434258
ZNF593,gene_direct_x2,0.54,0.11851530146330345,0.23644492240470869,346.44585712932894,200.4489210434258
ZNF593,gene_direct_x4,0.56,0.11851530146330345,0.23644492240470869,346.44585712932894,200.4489210434258
ZNF593,gene_direct_x8,0.5866666666666667,0.11851530146330345,0.23644492240470869,346.44585712932894,200.4489210434258
ZNF593,gene_direct_x16,0.5933333333333333,0.11851530146330345,0.23644492240470869,346.44585712932894,200.4489210434258
ZNF593,gene_direct_x32,0.5933333333333333,0.11851530146330345,0.23644492240470869,346.44585712932894,200.4489210434258
ZNF593,gene_direct_x64,0.5933333333333333,0.11851530146330345,0.23644492240470869,346.44585712932894,200.4489210434258
ZNF593,gene_direct_x128,0.5866666666666667,0.11851530146330345,0.23644492240470869,346.44585712932894,200.4489210434258
ZNF593,gene_direct_x256,0.5866666666666667,0.11851530146330345,0.23644492240470869,346.44585712932894,200.4489210434258
ZNF593,gene_top100_x16,0.5266666666666666,0.192371068951074,0.3255088740953999,346.44585712932894,200.4489210434258
ZNF593,gene_top100_x64,0.5266666666666666,0.192371068951074,0.3255088740953999,346.44585712932894,200.4489210434258
ZNF593,gene_top100_x256,0.5266666666666666,0.192371068951074,0.3255088740953999,346.44585712932894,200.4489210434258
ZNF593,gene_top200_x16,0.5266666666666666,0.17043681333098987,0.28641563495136774,346.44585712932894,200.4489210434258
ZNF593,gene_top200_x64,0.5266666666666666,0.17043681333098987,0.28641563495136774,346.44585712932894,200.4489210434258
ZNF593,gene_top200_x256,0.5266666666666666,0.17043681333098987,0.28641563495136774,346.44585712932894,200.4489210434258
ZNF593,prog,0.5266666666666666,0.09176485770727555,-0.002373022928627504,346.44585712932894,200.4489210434258
ZNF714,zero,0.8200000000000001,0.0,0.0,178.8126795892167,393.4469384551048
ZNF714,h1_mean,0.74,-0.015461266806569321,0.028813940030094267,178.8126795892167,393.4469384551048
ZNF714,gene_direct,0.8066666666666666,0.05791508288285503,0.11153595961067886,178.8126795892167,393.4469384551048
ZNF714,gene_scaled,0.8066666666666666,0.057915082882855046,0.11153595961067886,178.8126795892167,393.4469384551048
ZNF714,gene_top50,0.8200000000000001,0.11385677314717958,0.13263509352233255,178.8126795892167,393.4469384551048
ZNF714,gene_top50_scaled,0.8200000000000001,0.11385677314717954,0.13263509352233266,178.8126795892167,393.4469384551048
ZNF714,gene_top100,0.8200000000000001,0.0901257529939954,0.10715377512275835,178.8126795892167,393.4469384551048
ZNF714,gene_top100_scaled,0.8200000000000001,0.09012575299399539,0.1071537751227587,178.8126795892167,393.4469384551048
ZNF714,gene_top200,0.8200000000000001,0.06998819157622771,0.0846213341517806,178.8126795892167,393.4469384551048
ZNF714,gene_top200_scaled,0.8133333333333334,0.06998819157622771,0.08462133415178039,178.8126795892167,393.4469384551048
ZNF714,gene_top500,0.8200000000000001,0.07951058144299371,0.09831563010539493,178.8126795892167,393.4469384551048
ZNF714,gene_top500_scaled,0.8133333333333334,0.0795105814429937,0.09831563010539503,178.8126795892167,393.4469384551048
ZNF714,gene_direct_x2,0.8066666666666666,0.05791508288285503,0.11153595961067886,178.8126795892167,393.4469384551048
ZNF714,gene_direct_x4,0.8133333333333334,0.05791508288285503,0.11153595961067886,178.8126795892167,393.4469384551048
ZNF714,gene_direct_x8,0.8266666666666667,0.05791508288285503,0.11153595961067886,178.8126795892167,393.4469384551048
ZNF714,gene_direct_x16,0.8200000000000001,0.05791508288285503,0.11153595961067886,178.8126795892167,393.4469384551048
ZNF714,gene_direct_x32,0.8200000000000001,0.05791508288285503,0.11153595961067886,178.8126795892167,393.4469384551048
ZNF714,gene_direct_x64,0.8266666666666667,0.05791508288285503,0.11153595961067886,178.8126795892167,393.4469384551048
ZNF714,gene_direct_x128,0.8266666666666667,0.05791508288285503,0.11153595961067886,178.8126795892167,393.4469384551048
ZNF714,gene_direct_x256,0.8266666666666667,0.05791508288285503,0.11153595961067886,178.8126795892167,393.4469384551048
ZNF714,gene_top100_x16,0.8200000000000001,0.0901257529939954,0.10715377512275835,178.8126795892167,393.4469384551048
ZNF714,gene_top100_x64,0.8200000000000001,0.0901257529939954,0.10715377512275835,178.8126795892167,393.4469384551048
ZNF714,gene_top100_x256,0.8200000000000001,0.0901257529939954,0.10715377512275835,178.8126795892167,393.4469384551048
ZNF714,gene_top200_x16,0.8200000000000001,0.06998819157622771,0.0846213341517806,178.8126795892167,393.4469384551048
ZNF714,gene_top200_x64,0.8200000000000001,0.06998819157622771,0.0846213341517806,178.8126795892167,393.4469384551048
ZNF714,gene_top200_x256,0.8200000000000001,0.06998819157622771,0.0846213341517806,178.8126795892167,393.4469384551048
ZNF714,prog,0.8066666666666666,0.011997827733551491,0.01815604467690781,178.8126795892167,393.4469384551048
